checkpoint	Set up job	﻿2026-09-11T18:26:15.5241026Z Current runner version: '2.337.0'
checkpoint	Set up job	2026-09-11T18:26:15.5270200Z ##[group]Runner Image Provisioner
checkpoint	Set up job	2026-09-11T18:26:15.5271293Z Hosted Compute Agent
checkpoint	Set up job	2026-09-11T18:26:15.5271897Z Version: 20260828.587
checkpoint	Set up job	2026-09-11T18:26:15.5272605Z Commit: abac92662cab4cc7352de4f9f9d2e2419aad9c29
checkpoint	Set up job	2026-09-11T18:26:15.5273445Z Build Date: 2026-08-28T16:44:25Z
checkpoint	Set up job	2026-09-11T18:26:15.5274224Z Worker ID: {0d593ac1-c925-49d0-9df6-b33d9a3136ad}
checkpoint	Set up job	2026-09-11T18:26:15.5275022Z Azure Region: eastus2
checkpoint	Set up job	2026-09-11T18:26:15.5275648Z ##[endgroup]
checkpoint	Set up job	2026-09-11T18:26:15.5278456Z ##[group]Operating System
checkpoint	Set up job	2026-09-11T18:26:15.5279136Z Ubuntu
checkpoint	Set up job	2026-09-11T18:26:15.5279663Z 24.04.5
checkpoint	Set up job	2026-09-11T18:26:15.5280250Z LTS
checkpoint	Set up job	2026-09-11T18:26:15.5280765Z ##[endgroup]
checkpoint	Set up job	2026-09-11T18:26:15.5281352Z ##[group]Runner Image
checkpoint	Set up job	2026-09-11T18:26:15.5282037Z Image: ubuntu-24.04
checkpoint	Set up job	2026-09-11T18:26:15.5282594Z Version: 20260907.300.1
checkpoint	Set up job	2026-09-11T18:26:15.5283710Z Included Software: https://github.com/actions/runner-images/blob/ubuntu24/20260907.300/images/ubuntu/Ubuntu2404-Readme.md
checkpoint	Set up job	2026-09-11T18:26:15.5286073Z Image Release: https://github.com/actions/runner-images/releases/tag/ubuntu24%2F20260907.300
checkpoint	Set up job	2026-09-11T18:26:15.5287074Z ##[endgroup]
checkpoint	Set up job	2026-09-11T18:26:15.5288607Z ##[group]GITHUB_TOKEN Permissions
checkpoint	Set up job	2026-09-11T18:26:15.5291352Z Contents: read
checkpoint	Set up job	2026-09-11T18:26:15.5291983Z Metadata: read
checkpoint	Set up job	2026-09-11T18:26:15.5292724Z PullRequests: read
checkpoint	Set up job	2026-09-11T18:26:15.5293314Z ##[endgroup]
checkpoint	Set up job	2026-09-11T18:26:15.5295731Z Secret source: Actions
checkpoint	Set up job	2026-09-11T18:26:15.5296777Z Cache mode: write
checkpoint	Set up job	2026-09-11T18:26:15.5298509Z Prepare workflow directory
checkpoint	Set up job	2026-09-11T18:26:15.5864309Z Prepare all required actions
checkpoint	Set up job	2026-09-11T18:26:15.5914909Z Getting action download info
checkpoint	Set up job	2026-09-11T18:26:15.7790293Z Download action repository 'actions/checkout@v4' (SHA:11d5960a326750d5838078e36cf38b85af677262)
checkpoint	Set up job	2026-09-11T18:26:15.9208638Z Download action repository 'actions/setup-java@v4' (SHA:cf277c60eb25467037889841efdb72551f06f6c3)
checkpoint	Set up job	2026-09-11T18:26:16.2027060Z Download action repository 'actions/setup-python@v5' (SHA:a26af69be951a213d495a4c3e4e4022e16d87065)
checkpoint	Set up job	2026-09-11T18:26:16.3864676Z Complete job name: checkpoint
checkpoint	Run actions/checkout@v4	﻿2026-09-11T18:26:16.4601118Z Node 20 is being deprecated. This workflow is running with Node 24 by default. If you need to temporarily use Node 20, you can set the ACTIONS_ALLOW_USE_UNSECURE_NODE_VERSION=true environment variable. For more information see: https://github.blog/changelog/2025-09-19-deprecation-of-node-20-on-github-actions-runners/
checkpoint	Run actions/checkout@v4	2026-09-11T18:26:16.4610573Z ##[group]Run actions/checkout@v4
checkpoint	Run actions/checkout@v4	2026-09-11T18:26:16.4611333Z with:
checkpoint	Run actions/checkout@v4	2026-09-11T18:26:16.4611778Z   fetch-depth: 0
checkpoint	Run actions/checkout@v4	2026-09-11T18:26:16.4612262Z   repository: Gustavo2358/cobol-lower
checkpoint	Run actions/checkout@v4	2026-09-11T18:26:16.4616287Z   token: ***
checkpoint	Run actions/checkout@v4	2026-09-11T18:26:16.4616729Z   ssh-strict: true
checkpoint	Run actions/checkout@v4	2026-09-11T18:26:16.4617299Z   ssh-user: git
checkpoint	Run actions/checkout@v4	2026-09-11T18:26:16.4618038Z   persist-credentials: true
checkpoint	Run actions/checkout@v4	2026-09-11T18:26:16.4618549Z   clean: true
checkpoint	Run actions/checkout@v4	2026-09-11T18:26:16.4619007Z   sparse-checkout-cone-mode: true
checkpoint	Run actions/checkout@v4	2026-09-11T18:26:16.4619534Z   fetch-tags: false
checkpoint	Run actions/checkout@v4	2026-09-11T18:26:16.4619982Z   show-progress: true
checkpoint	Run actions/checkout@v4	2026-09-11T18:26:16.4620453Z   lfs: false
checkpoint	Run actions/checkout@v4	2026-09-11T18:26:16.4620883Z   submodules: false
checkpoint	Run actions/checkout@v4	2026-09-11T18:26:16.4621376Z   set-safe-directory: true
checkpoint	Run actions/checkout@v4	2026-09-11T18:26:16.4621890Z   allow-unsafe-pr-checkout: false
checkpoint	Run actions/checkout@v4	2026-09-11T18:26:16.4622683Z env:
checkpoint	Run actions/checkout@v4	2026-09-11T18:26:16.4623180Z   LOWER_BUILD_ROOT: /tmp/lower-build-34633251413-1
checkpoint	Run actions/checkout@v4	2026-09-11T18:26:16.4627166Z   GH_TOKEN: ***
checkpoint	Run actions/checkout@v4	2026-09-11T18:26:16.4627628Z   MAVEN_OPTS: -Xmx3g
checkpoint	Run actions/checkout@v4	2026-09-11T18:26:16.4628268Z ##[endgroup]
checkpoint	Run actions/checkout@v4	2026-09-11T18:26:16.5750039Z Syncing repository: Gustavo2358/cobol-lower
checkpoint	Run actions/checkout@v4	2026-09-11T18:26:16.5752648Z ##[group]Getting Git version info
checkpoint	Run actions/checkout@v4	2026-09-11T18:26:16.5753972Z Working directory is '/home/runner/work/cobol-lower/cobol-lower'
checkpoint	Run actions/checkout@v4	2026-09-11T18:26:16.5760161Z [command]/usr/bin/git version
checkpoint	Run actions/checkout@v4	2026-09-11T18:26:16.5856858Z git version 2.55.0
checkpoint	Run actions/checkout@v4	2026-09-11T18:26:16.5890013Z ##[endgroup]
checkpoint	Run actions/checkout@v4	2026-09-11T18:26:16.5929636Z Temporarily overriding HOME='/home/runner/work/_temp/1b7f07c6-c4f8-406c-8f58-b8b5b3ddf6b5' before making global git config changes
checkpoint	Run actions/checkout@v4	2026-09-11T18:26:16.5932433Z Adding repository directory to the temporary git global config as a safe directory
checkpoint	Run actions/checkout@v4	2026-09-11T18:26:16.5962098Z [command]/usr/bin/git config --global --add safe.directory /home/runner/work/cobol-lower/cobol-lower
checkpoint	Run actions/checkout@v4	2026-09-11T18:26:16.6044138Z Deleting the contents of '/home/runner/work/cobol-lower/cobol-lower'
checkpoint	Run actions/checkout@v4	2026-09-11T18:26:16.6046387Z ##[group]Initializing the repository
checkpoint	Run actions/checkout@v4	2026-09-11T18:26:16.6047601Z [command]/usr/bin/git init /home/runner/work/cobol-lower/cobol-lower
checkpoint	Run actions/checkout@v4	2026-09-11T18:26:16.6186523Z hint: Using 'master' as the name for the initial branch. This default branch name
checkpoint	Run actions/checkout@v4	2026-09-11T18:26:16.6189081Z hint: will change to "main" in Git 3.0. To configure the initial branch name
checkpoint	Run actions/checkout@v4	2026-09-11T18:26:16.6191029Z hint: to use in all of your new repositories, which will suppress this warning,
checkpoint	Run actions/checkout@v4	2026-09-11T18:26:16.6192797Z hint: call:
checkpoint	Run actions/checkout@v4	2026-09-11T18:26:16.6193774Z hint:
checkpoint	Run actions/checkout@v4	2026-09-11T18:26:16.6194904Z hint: 	git config --global init.defaultBranch <name>
checkpoint	Run actions/checkout@v4	2026-09-11T18:26:16.6196223Z hint:
checkpoint	Run actions/checkout@v4	2026-09-11T18:26:16.6197492Z hint: Names commonly chosen instead of 'master' are 'main', 'trunk' and
checkpoint	Run actions/checkout@v4	2026-09-11T18:26:16.6199549Z hint: 'development'. The just-created branch can be renamed via this command:
checkpoint	Run actions/checkout@v4	2026-09-11T18:26:16.6200980Z hint:
checkpoint	Run actions/checkout@v4	2026-09-11T18:26:16.6201886Z hint: 	git branch -m <name>
checkpoint	Run actions/checkout@v4	2026-09-11T18:26:16.6202951Z hint:
checkpoint	Run actions/checkout@v4	2026-09-11T18:26:16.6204243Z hint: Disable this message with "git config set advice.defaultBranchName false"
checkpoint	Run actions/checkout@v4	2026-09-11T18:26:16.6206477Z Initialized empty Git repository in /home/runner/work/cobol-lower/cobol-lower/.git/
checkpoint	Run actions/checkout@v4	2026-09-11T18:26:16.6210387Z [command]/usr/bin/git remote add origin https://github.com/Gustavo2358/cobol-lower
checkpoint	Run actions/checkout@v4	2026-09-11T18:26:16.6283897Z ##[endgroup]
checkpoint	Run actions/checkout@v4	2026-09-11T18:26:16.6285592Z ##[group]Disabling automatic garbage collection
checkpoint	Run actions/checkout@v4	2026-09-11T18:26:16.6289310Z [command]/usr/bin/git config --local gc.auto 0
checkpoint	Run actions/checkout@v4	2026-09-11T18:26:16.6345972Z ##[endgroup]
checkpoint	Run actions/checkout@v4	2026-09-11T18:26:16.6346838Z ##[group]Setting up auth
checkpoint	Run actions/checkout@v4	2026-09-11T18:26:16.6347599Z [command]/usr/bin/git config --local --name-only --get-regexp core\.sshCommand
checkpoint	Run actions/checkout@v4	2026-09-11T18:26:16.6378737Z [command]/usr/bin/git submodule foreach --recursive sh -c "git config --local --name-only --get-regexp 'core\.sshCommand' && git config --local --unset-all 'core.sshCommand' || :"
checkpoint	Run actions/checkout@v4	2026-09-11T18:26:16.6811565Z [command]/usr/bin/git config --local --name-only --get-regexp http\.https\:\/\/github\.com\/\.extraheader
checkpoint	Run actions/checkout@v4	2026-09-11T18:26:16.6849694Z [command]/usr/bin/git submodule foreach --recursive sh -c "git config --local --name-only --get-regexp 'http\.https\:\/\/github\.com\/\.extraheader' && git config --local --unset-all 'http.https://github.com/.extraheader' || :"
checkpoint	Run actions/checkout@v4	2026-09-11T18:26:16.7120206Z [command]/usr/bin/git config --local --name-only --get-regexp ^includeIf\.gitdir:
checkpoint	Run actions/checkout@v4	2026-09-11T18:26:16.7160585Z [command]/usr/bin/git submodule foreach --recursive git config --local --show-origin --name-only --get-regexp remote.origin.url
checkpoint	Run actions/checkout@v4	2026-09-11T18:26:16.7401554Z [command]/usr/bin/git config --local http.https://github.com/.extraheader AUTHORIZATION: basic ***
checkpoint	Run actions/checkout@v4	2026-09-11T18:26:16.7443951Z ##[endgroup]
checkpoint	Run actions/checkout@v4	2026-09-11T18:26:16.7445410Z ##[group]Fetching the repository
checkpoint	Run actions/checkout@v4	2026-09-11T18:26:16.7455962Z [command]/usr/bin/git -c protocol.version=2 fetch --prune --no-recurse-submodules origin +refs/heads/*:refs/remotes/origin/* +refs/tags/*:refs/tags/*
checkpoint	Run actions/checkout@v4	2026-09-11T18:26:17.3588358Z From https://github.com/Gustavo2358/cobol-lower
checkpoint	Run actions/checkout@v4	2026-09-11T18:26:17.3591024Z  * [new branch]      chore/cp6-baseline-sync -> origin/chore/cp6-baseline-sync
checkpoint	Run actions/checkout@v4	2026-09-11T18:26:17.3593780Z  * [new branch]      chore/pin-air-java-1a   -> origin/chore/pin-air-java-1a
checkpoint	Run actions/checkout@v4	2026-09-11T18:26:17.3596768Z  * [new branch]      docs/long-running-checkpoint-protocol -> origin/docs/long-running-checkpoint-protocol
checkpoint	Run actions/checkout@v4	2026-09-11T18:26:17.3600033Z  * [new branch]      feat/air-json-output-cli -> origin/feat/air-json-output-cli
checkpoint	Run actions/checkout@v4	2026-09-11T18:26:17.3602779Z  * [new branch]      feat/cp6-w1c-call-lowering -> origin/feat/cp6-w1c-call-lowering
checkpoint	Run actions/checkout@v4	2026-09-11T18:26:17.3605862Z  * [new branch]      feat/first-entry-goback-slice -> origin/feat/first-entry-goback-slice
checkpoint	Run actions/checkout@v4	2026-09-11T18:26:17.3609788Z  * [new branch]      feat/lower-scalar-move  -> origin/feat/lower-scalar-move
checkpoint	Run actions/checkout@v4	2026-09-11T18:26:17.3612948Z  * [new branch]      fix/ci-initial-cp0-merge -> origin/fix/ci-initial-cp0-merge
checkpoint	Run actions/checkout@v4	2026-09-11T18:26:17.3616224Z  * [new branch]      fix/lower-remove-artificial-size-limits -> origin/fix/lower-remove-artificial-size-limits
checkpoint	Run actions/checkout@v4	2026-09-11T18:26:17.3619709Z  * [new branch]      main                    -> origin/main
checkpoint	Run actions/checkout@v4	2026-09-11T18:26:17.3622214Z  * [new branch]      perf/compact-local-ids  -> origin/perf/compact-local-ids
checkpoint	Run actions/checkout@v4	2026-09-11T18:26:17.3624327Z  * [new branch]      perf/compact-publication-id -> origin/perf/compact-publication-id
checkpoint	Run actions/checkout@v4	2026-09-11T18:26:17.3628335Z [command]/usr/bin/git branch --list --remote origin/feat/cp6-w1c-call-lowering
checkpoint	Run actions/checkout@v4	2026-09-11T18:26:17.3645571Z   origin/feat/cp6-w1c-call-lowering
checkpoint	Run actions/checkout@v4	2026-09-11T18:26:17.3656565Z [command]/usr/bin/git rev-parse refs/remotes/origin/feat/cp6-w1c-call-lowering
checkpoint	Run actions/checkout@v4	2026-09-11T18:26:17.3685396Z 989637a7fd840f43aaf04abce299c839b82fcb55
checkpoint	Run actions/checkout@v4	2026-09-11T18:26:17.3703885Z ##[endgroup]
checkpoint	Run actions/checkout@v4	2026-09-11T18:26:17.3706765Z ##[group]Determining the checkout info
checkpoint	Run actions/checkout@v4	2026-09-11T18:26:17.3709961Z ##[endgroup]
checkpoint	Run actions/checkout@v4	2026-09-11T18:26:17.3711653Z [command]/usr/bin/git sparse-checkout disable
checkpoint	Run actions/checkout@v4	2026-09-11T18:26:17.3765116Z [command]/usr/bin/git config --local --unset-all extensions.worktreeConfig
checkpoint	Run actions/checkout@v4	2026-09-11T18:26:17.3799073Z ##[group]Checking out the ref
checkpoint	Run actions/checkout@v4	2026-09-11T18:26:17.3803216Z [command]/usr/bin/git checkout --progress --force -B feat/cp6-w1c-call-lowering refs/remotes/origin/feat/cp6-w1c-call-lowering
checkpoint	Run actions/checkout@v4	2026-09-11T18:26:17.4531961Z Switched to a new branch 'feat/cp6-w1c-call-lowering'
checkpoint	Run actions/checkout@v4	2026-09-11T18:26:17.4538845Z branch 'feat/cp6-w1c-call-lowering' set up to track 'origin/feat/cp6-w1c-call-lowering'.
checkpoint	Run actions/checkout@v4	2026-09-11T18:26:17.4549508Z ##[endgroup]
checkpoint	Run actions/checkout@v4	2026-09-11T18:26:17.4598375Z [command]/usr/bin/git log -1 --format=%H
checkpoint	Run actions/checkout@v4	2026-09-11T18:26:17.4628652Z 989637a7fd840f43aaf04abce299c839b82fcb55
checkpoint	Run actions/setup-java@v4	﻿2026-09-11T18:26:17.5132154Z Node 20 is being deprecated. This workflow is running with Node 24 by default. If you need to temporarily use Node 20, you can set the ACTIONS_ALLOW_USE_UNSECURE_NODE_VERSION=true environment variable. For more information see: https://github.blog/changelog/2025-09-19-deprecation-of-node-20-on-github-actions-runners/
checkpoint	Run actions/setup-java@v4	2026-09-11T18:26:17.5138772Z ##[group]Run actions/setup-java@v4
checkpoint	Run actions/setup-java@v4	2026-09-11T18:26:17.5139884Z with:
checkpoint	Run actions/setup-java@v4	2026-09-11T18:26:17.5140681Z   distribution: temurin
checkpoint	Run actions/setup-java@v4	2026-09-11T18:26:17.5141615Z   java-version: 21
checkpoint	Run actions/setup-java@v4	2026-09-11T18:26:17.5142482Z   java-package: jdk
checkpoint	Run actions/setup-java@v4	2026-09-11T18:26:17.5143367Z   check-latest: false
checkpoint	Run actions/setup-java@v4	2026-09-11T18:26:17.5144267Z   server-id: github
checkpoint	Run actions/setup-java@v4	2026-09-11T18:26:17.5145160Z   server-username: GITHUB_ACTOR
checkpoint	Run actions/setup-java@v4	2026-09-11T18:26:17.5146229Z   server-password: GITHUB_TOKEN
checkpoint	Run actions/setup-java@v4	2026-09-11T18:26:17.5147284Z   overwrite-settings: true
checkpoint	Run actions/setup-java@v4	2026-09-11T18:26:17.5148620Z   job-status: success
checkpoint	Run actions/setup-java@v4	2026-09-11T18:26:17.5159503Z   token: ***
checkpoint	Run actions/setup-java@v4	2026-09-11T18:26:17.5160352Z env:
checkpoint	Run actions/setup-java@v4	2026-09-11T18:26:17.5161266Z   LOWER_BUILD_ROOT: /tmp/lower-build-34633251413-1
checkpoint	Run actions/setup-java@v4	2026-09-11T18:26:17.5172098Z   GH_TOKEN: ***
checkpoint	Run actions/setup-java@v4	2026-09-11T18:26:17.5172966Z   MAVEN_OPTS: -Xmx3g
checkpoint	Run actions/setup-java@v4	2026-09-11T18:26:17.5173849Z ##[endgroup]
checkpoint	Run actions/setup-java@v4	2026-09-11T18:26:17.7068162Z ##[warning]setup-java v4 is deprecated and will no longer receive updates. Please migrate to actions/setup-java@v5.
checkpoint	Run actions/setup-java@v4	2026-09-11T18:26:17.7077577Z ##[group]Installed distributions
checkpoint	Run actions/setup-java@v4	2026-09-11T18:26:17.7118882Z Resolved Java 21.0.12+1 from tool-cache
checkpoint	Run actions/setup-java@v4	2026-09-11T18:26:17.7119924Z Setting Java 21.0.12+1 as the default
checkpoint	Run actions/setup-java@v4	2026-09-11T18:26:17.7130600Z (node:2178) [DEP0040] DeprecationWarning: The `punycode` module is deprecated. Please use a userland alternative instead.
checkpoint	Run actions/setup-java@v4	2026-09-11T18:26:17.7131958Z (Use `node --trace-deprecation ...` to show where the warning was created)
checkpoint	Run actions/setup-java@v4	2026-09-11T18:26:17.7134952Z Creating toolchains.xml for JDK version 21 from temurin
checkpoint	Run actions/setup-java@v4	2026-09-11T18:26:17.7217315Z Writing to /home/runner/.m2/toolchains.xml
checkpoint	Run actions/setup-java@v4	2026-09-11T18:26:17.7218878Z 
checkpoint	Run actions/setup-java@v4	2026-09-11T18:26:17.7219535Z Java configuration:
checkpoint	Run actions/setup-java@v4	2026-09-11T18:26:17.7220710Z   Distribution: temurin
checkpoint	Run actions/setup-java@v4	2026-09-11T18:26:17.7222134Z   Version: 21.0.12+1
checkpoint	Run actions/setup-java@v4	2026-09-11T18:26:17.7223422Z   Path: /opt/hostedtoolcache/Java_Temurin-Hotspot_jdk/21.0.12-1/x64
checkpoint	Run actions/setup-java@v4	2026-09-11T18:26:17.7224325Z 
checkpoint	Run actions/setup-java@v4	2026-09-11T18:26:17.7225725Z ##[endgroup]
checkpoint	Run actions/setup-java@v4	2026-09-11T18:26:17.7248382Z Creating settings.xml with server-id: github
checkpoint	Run actions/setup-java@v4	2026-09-11T18:26:17.7269442Z Writing to /home/runner/.m2/settings.xml
checkpoint	Run actions/setup-python@v5	﻿2026-09-11T18:26:17.7521325Z Node 20 is being deprecated. This workflow is running with Node 24 by default. If you need to temporarily use Node 20, you can set the ACTIONS_ALLOW_USE_UNSECURE_NODE_VERSION=true environment variable. For more information see: https://github.blog/changelog/2025-09-19-deprecation-of-node-20-on-github-actions-runners/
checkpoint	Run actions/setup-python@v5	2026-09-11T18:26:17.7523918Z ##[group]Run actions/setup-python@v5
checkpoint	Run actions/setup-python@v5	2026-09-11T18:26:17.7524688Z with:
checkpoint	Run actions/setup-python@v5	2026-09-11T18:26:17.7525352Z   python-version: 3.12
checkpoint	Run actions/setup-python@v5	2026-09-11T18:26:17.7526424Z   check-latest: false
checkpoint	Run actions/setup-python@v5	2026-09-11T18:26:17.7532924Z   token: ***
checkpoint	Run actions/setup-python@v5	2026-09-11T18:26:17.7533871Z   update-environment: true
checkpoint	Run actions/setup-python@v5	2026-09-11T18:26:17.7535144Z   allow-prereleases: false
checkpoint	Run actions/setup-python@v5	2026-09-11T18:26:17.7536257Z   freethreaded: false
checkpoint	Run actions/setup-python@v5	2026-09-11T18:26:17.7537300Z env:
checkpoint	Run actions/setup-python@v5	2026-09-11T18:26:17.7538706Z   LOWER_BUILD_ROOT: /tmp/lower-build-34633251413-1
checkpoint	Run actions/setup-python@v5	2026-09-11T18:26:17.7545001Z   GH_TOKEN: ***
checkpoint	Run actions/setup-python@v5	2026-09-11T18:26:17.7546094Z   MAVEN_OPTS: -Xmx3g
checkpoint	Run actions/setup-python@v5	2026-09-11T18:26:17.7547469Z   JAVA_HOME: /opt/hostedtoolcache/Java_Temurin-Hotspot_jdk/21.0.12-1/x64
checkpoint	Run actions/setup-python@v5	2026-09-11T18:26:17.7549534Z   JAVA_HOME_21_X64: /opt/hostedtoolcache/Java_Temurin-Hotspot_jdk/21.0.12-1/x64
checkpoint	Run actions/setup-python@v5	2026-09-11T18:26:17.7551065Z ##[endgroup]
checkpoint	Run actions/setup-python@v5	2026-09-11T18:26:17.8996216Z ##[group]Installed versions
checkpoint	Run actions/setup-python@v5	2026-09-11T18:26:17.9128826Z (node:2190) [DEP0040] DeprecationWarning: The `punycode` module is deprecated. Please use a userland alternative instead.
checkpoint	Run actions/setup-python@v5	2026-09-11T18:26:17.9130741Z (Use `node --trace-deprecation ...` to show where the warning was created)
checkpoint	Run actions/setup-python@v5	2026-09-11T18:26:17.9131821Z Successfully set up CPython (3.12.14)
checkpoint	Run actions/setup-python@v5	2026-09-11T18:26:17.9133180Z ##[endgroup]
checkpoint	Harness dependencies	﻿2026-09-11T18:26:17.9306821Z ##[group]Run python3 -m pip install -r scripts/harness/requirements.txt
checkpoint	Harness dependencies	2026-09-11T18:26:17.9308211Z [36;1mpython3 -m pip install -r scripts/harness/requirements.txt[0m
checkpoint	Harness dependencies	2026-09-11T18:26:17.9363182Z shell: /usr/bin/bash -e {0}
checkpoint	Harness dependencies	2026-09-11T18:26:17.9363747Z env:
checkpoint	Harness dependencies	2026-09-11T18:26:17.9364279Z   LOWER_BUILD_ROOT: /tmp/lower-build-34633251413-1
checkpoint	Harness dependencies	2026-09-11T18:26:17.9367605Z   GH_TOKEN: ***
checkpoint	Harness dependencies	2026-09-11T18:26:17.9368548Z   MAVEN_OPTS: -Xmx3g
checkpoint	Harness dependencies	2026-09-11T18:26:17.9369519Z   JAVA_HOME: /opt/hostedtoolcache/Java_Temurin-Hotspot_jdk/21.0.12-1/x64
checkpoint	Harness dependencies	2026-09-11T18:26:17.9370753Z   JAVA_HOME_21_X64: /opt/hostedtoolcache/Java_Temurin-Hotspot_jdk/21.0.12-1/x64
checkpoint	Harness dependencies	2026-09-11T18:26:17.9371984Z   pythonLocation: /opt/hostedtoolcache/Python/3.12.14/x64
checkpoint	Harness dependencies	2026-09-11T18:26:17.9373151Z   PKG_CONFIG_PATH: /opt/hostedtoolcache/Python/3.12.14/x64/lib/pkgconfig
checkpoint	Harness dependencies	2026-09-11T18:26:17.9374360Z   Python_ROOT_DIR: /opt/hostedtoolcache/Python/3.12.14/x64
checkpoint	Harness dependencies	2026-09-11T18:26:17.9375437Z   Python2_ROOT_DIR: /opt/hostedtoolcache/Python/3.12.14/x64
checkpoint	Harness dependencies	2026-09-11T18:26:17.9376604Z   Python3_ROOT_DIR: /opt/hostedtoolcache/Python/3.12.14/x64
checkpoint	Harness dependencies	2026-09-11T18:26:17.9377942Z   LD_LIBRARY_PATH: /opt/hostedtoolcache/Python/3.12.14/x64/lib
checkpoint	Harness dependencies	2026-09-11T18:26:17.9378931Z ##[endgroup]
checkpoint	Harness dependencies	2026-09-11T18:26:18.9302904Z Collecting PyYAML==6.0.3 (from -r scripts/harness/requirements.txt (line 1))
checkpoint	Harness dependencies	2026-09-11T18:26:19.0082269Z   Downloading pyyaml-6.0.3-cp312-cp312-manylinux2014_x86_64.manylinux_2_17_x86_64.manylinux_2_28_x86_64.whl.metadata (2.4 kB)
checkpoint	Harness dependencies	2026-09-11T18:26:19.0422927Z Collecting jsonschema==4.19.2 (from -r scripts/harness/requirements.txt (line 2))
checkpoint	Harness dependencies	2026-09-11T18:26:19.0507293Z   Downloading jsonschema-4.19.2-py3-none-any.whl.metadata (7.9 kB)
checkpoint	Harness dependencies	2026-09-11T18:26:19.0819633Z Collecting attrs>=22.2.0 (from jsonschema==4.19.2->-r scripts/harness/requirements.txt (line 2))
checkpoint	Harness dependencies	2026-09-11T18:26:19.0907476Z   Downloading attrs-26.1.0-py3-none-any.whl.metadata (8.8 kB)
checkpoint	Harness dependencies	2026-09-11T18:26:19.1168980Z Collecting jsonschema-specifications>=2023.03.6 (from jsonschema==4.19.2->-r scripts/harness/requirements.txt (line 2))
checkpoint	Harness dependencies	2026-09-11T18:26:19.1251753Z   Downloading jsonschema_specifications-2025.9.1-py3-none-any.whl.metadata (2.9 kB)
checkpoint	Harness dependencies	2026-09-11T18:26:19.1531780Z Collecting referencing>=0.28.4 (from jsonschema==4.19.2->-r scripts/harness/requirements.txt (line 2))
checkpoint	Harness dependencies	2026-09-11T18:26:19.1615138Z   Downloading referencing-0.37.0-py3-none-any.whl.metadata (2.8 kB)
checkpoint	Harness dependencies	2026-09-11T18:26:19.4719329Z Collecting rpds-py>=0.7.1 (from jsonschema==4.19.2->-r scripts/harness/requirements.txt (line 2))
checkpoint	Harness dependencies	2026-09-11T18:26:19.4797491Z   Downloading rpds_py-2026.6.3-cp312-cp312-manylinux_2_17_x86_64.manylinux2014_x86_64.whl.metadata (4.1 kB)
checkpoint	Harness dependencies	2026-09-11T18:26:19.5073025Z Collecting typing-extensions>=4.4.0 (from referencing>=0.28.4->jsonschema==4.19.2->-r scripts/harness/requirements.txt (line 2))
checkpoint	Harness dependencies	2026-09-11T18:26:19.5147043Z   Downloading typing_extensions-4.16.0-py3-none-any.whl.metadata (3.3 kB)
checkpoint	Harness dependencies	2026-09-11T18:26:19.5265140Z Downloading pyyaml-6.0.3-cp312-cp312-manylinux2014_x86_64.manylinux_2_17_x86_64.manylinux_2_28_x86_64.whl (807 kB)
checkpoint	Harness dependencies	2026-09-11T18:26:19.5629860Z    ━━━━━━━━━━━━━━━━━━━━━━━━━━━━━━━━━━━━━━━━ 807.9/807.9 kB 35.1 MB/s  0:00:00
checkpoint	Harness dependencies	2026-09-11T18:26:19.5713246Z Downloading jsonschema-4.19.2-py3-none-any.whl (83 kB)
checkpoint	Harness dependencies	2026-09-11T18:26:19.5820003Z Downloading attrs-26.1.0-py3-none-any.whl (67 kB)
checkpoint	Harness dependencies	2026-09-11T18:26:19.5920543Z Downloading jsonschema_specifications-2025.9.1-py3-none-any.whl (18 kB)
checkpoint	Harness dependencies	2026-09-11T18:26:19.6016838Z Downloading referencing-0.37.0-py3-none-any.whl (26 kB)
checkpoint	Harness dependencies	2026-09-11T18:26:19.6115191Z Downloading rpds_py-2026.6.3-cp312-cp312-manylinux_2_17_x86_64.manylinux2014_x86_64.whl (366 kB)
checkpoint	Harness dependencies	2026-09-11T18:26:19.6230656Z Downloading typing_extensions-4.16.0-py3-none-any.whl (45 kB)
checkpoint	Harness dependencies	2026-09-11T18:26:19.6854829Z Installing collected packages: typing-extensions, rpds-py, PyYAML, attrs, referencing, jsonschema-specifications, jsonschema
checkpoint	Harness dependencies	2026-09-11T18:26:19.9284569Z 
checkpoint	Harness dependencies	2026-09-11T18:26:19.9300132Z Successfully installed PyYAML-6.0.3 attrs-26.1.0 jsonschema-4.19.2 jsonschema-specifications-2025.9.1 referencing-0.37.0 rpds-py-2026.6.3 typing-extensions-4.16.0
checkpoint	Fixed AIR snapshot and upstream tests	﻿2026-09-11T18:26:19.9919934Z ##[group]Run python3 scripts/harness/run.py bootstrap
checkpoint	Fixed AIR snapshot and upstream tests	2026-09-11T18:26:19.9920413Z [36;1mpython3 scripts/harness/run.py bootstrap[0m
checkpoint	Fixed AIR snapshot and upstream tests	2026-09-11T18:26:19.9959745Z shell: /usr/bin/bash -e {0}
checkpoint	Fixed AIR snapshot and upstream tests	2026-09-11T18:26:19.9960009Z env:
checkpoint	Fixed AIR snapshot and upstream tests	2026-09-11T18:26:19.9960279Z   LOWER_BUILD_ROOT: /tmp/lower-build-34633251413-1
checkpoint	Fixed AIR snapshot and upstream tests	2026-09-11T18:26:19.9963014Z   GH_TOKEN: ***
checkpoint	Fixed AIR snapshot and upstream tests	2026-09-11T18:26:19.9963266Z   MAVEN_OPTS: -Xmx3g
checkpoint	Fixed AIR snapshot and upstream tests	2026-09-11T18:26:19.9963600Z   JAVA_HOME: /opt/hostedtoolcache/Java_Temurin-Hotspot_jdk/21.0.12-1/x64
checkpoint	Fixed AIR snapshot and upstream tests	2026-09-11T18:26:19.9964094Z   JAVA_HOME_21_X64: /opt/hostedtoolcache/Java_Temurin-Hotspot_jdk/21.0.12-1/x64
checkpoint	Fixed AIR snapshot and upstream tests	2026-09-11T18:26:19.9964546Z   pythonLocation: /opt/hostedtoolcache/Python/3.12.14/x64
checkpoint	Fixed AIR snapshot and upstream tests	2026-09-11T18:26:19.9964970Z   PKG_CONFIG_PATH: /opt/hostedtoolcache/Python/3.12.14/x64/lib/pkgconfig
checkpoint	Fixed AIR snapshot and upstream tests	2026-09-11T18:26:19.9965389Z   Python_ROOT_DIR: /opt/hostedtoolcache/Python/3.12.14/x64
checkpoint	Fixed AIR snapshot and upstream tests	2026-09-11T18:26:19.9965770Z   Python2_ROOT_DIR: /opt/hostedtoolcache/Python/3.12.14/x64
checkpoint	Fixed AIR snapshot and upstream tests	2026-09-11T18:26:19.9966185Z   Python3_ROOT_DIR: /opt/hostedtoolcache/Python/3.12.14/x64
checkpoint	Fixed AIR snapshot and upstream tests	2026-09-11T18:26:19.9966603Z   LD_LIBRARY_PATH: /opt/hostedtoolcache/Python/3.12.14/x64/lib
checkpoint	Fixed AIR snapshot and upstream tests	2026-09-11T18:26:19.9966930Z ##[endgroup]
checkpoint	Fixed AIR snapshot and upstream tests	2026-09-11T18:26:20.3516008Z openjdk version "21.0.12.1" 2026-08-18 LTS
checkpoint	Fixed AIR snapshot and upstream tests	2026-09-11T18:26:20.3516574Z OpenJDK Runtime Environment Temurin-21.0.12.1+1 (build 21.0.12.1+1-LTS)
checkpoint	Fixed AIR snapshot and upstream tests	2026-09-11T18:26:20.3517154Z OpenJDK 64-Bit Server VM Temurin-21.0.12.1+1 (build 21.0.12.1+1-LTS, mixed mode, sharing)
checkpoint	Fixed AIR snapshot and upstream tests	2026-09-11T18:26:21.3993514Z Apache Maven 3.9.16 (2bdd9fddda4b155ebf8000e807eb73fd829a51d5)
checkpoint	Fixed AIR snapshot and upstream tests	2026-09-11T18:26:21.3994441Z Maven home: /usr/share/apache-maven-3.9.16
checkpoint	Fixed AIR snapshot and upstream tests	2026-09-11T18:26:21.3994962Z Java version: 21.0.12.1, vendor: Eclipse Adoptium, runtime: /usr/lib/jvm/temurin-21-jdk-amd64
checkpoint	Fixed AIR snapshot and upstream tests	2026-09-11T18:26:21.3995502Z Default locale: en, platform encoding: UTF-8
checkpoint	Fixed AIR snapshot and upstream tests	2026-09-11T18:26:21.3995912Z OS name: "linux", version: "6.17.0-1022-azure", arch: "amd64", family: "unix"
checkpoint	Fixed AIR snapshot and upstream tests	2026-09-11T18:26:21.7565486Z Cloning into '/tmp/lower-build-34633251413-1/air-java'...
checkpoint	Fixed AIR snapshot and upstream tests	2026-09-11T18:26:21.7812999Z HEAD is now at 2a37f5e Merge pull request #9 from Gustavo2358/feat/cp6-w1b-invoke-air-json
checkpoint	Fixed AIR snapshot and upstream tests	2026-09-11T18:26:55.6587335Z [INFO] Scanning for projects...
checkpoint	Fixed AIR snapshot and upstream tests	2026-09-11T18:26:55.6589370Z [INFO] ------------------------------------------------------------------------
checkpoint	Fixed AIR snapshot and upstream tests	2026-09-11T18:26:55.6590237Z [INFO] Reactor Build Order:
checkpoint	Fixed AIR snapshot and upstream tests	2026-09-11T18:26:55.6590664Z [INFO] 
checkpoint	Fixed AIR snapshot and upstream tests	2026-09-11T18:26:55.6591182Z [INFO] Analysis IR Java Parent                                            [pom]
checkpoint	Fixed AIR snapshot and upstream tests	2026-09-11T18:26:55.6591995Z [INFO] Analysis IR Java Model                                             [jar]
checkpoint	Fixed AIR snapshot and upstream tests	2026-09-11T18:26:55.6592773Z [INFO] Analysis IR JSON                                                   [jar]
checkpoint	Fixed AIR snapshot and upstream tests	2026-09-11T18:26:55.6593369Z [INFO] 
checkpoint	Fixed AIR snapshot and upstream tests	2026-09-11T18:26:55.6593891Z [INFO] ---------------< io.github.gustavo2358:air-java-parent >----------------
checkpoint	Fixed AIR snapshot and upstream tests	2026-09-11T18:26:55.6594743Z [INFO] Building Analysis IR Java Parent 0.1.0-SNAPSHOT                    [1/3]
checkpoint	Fixed AIR snapshot and upstream tests	2026-09-11T18:26:55.6595431Z [INFO]   from pom.xml
checkpoint	Fixed AIR snapshot and upstream tests	2026-09-11T18:26:55.6595952Z [INFO] --------------------------------[ pom ]---------------------------------
checkpoint	Fixed AIR snapshot and upstream tests	2026-09-11T18:26:55.6596531Z [INFO] 
checkpoint	Fixed AIR snapshot and upstream tests	2026-09-11T18:26:55.6596988Z [INFO] --- clean:3.2.0:clean (default-clean) @ air-java-parent ---
checkpoint	Fixed AIR snapshot and upstream tests	2026-09-11T18:26:55.6597452Z [INFO] 
checkpoint	Fixed AIR snapshot and upstream tests	2026-09-11T18:26:55.6598475Z [INFO] --- exec:3.5.0:exec (reactor-topology) @ air-java-parent ---
checkpoint	Fixed AIR snapshot and upstream tests	2026-09-11T18:26:55.6599021Z PASS: reactor topology 0.1.0-SNAPSHOT; parent, air-model, air-json (1A codec)
checkpoint	Fixed AIR snapshot and upstream tests	2026-09-11T18:26:55.6599431Z [INFO] 
checkpoint	Fixed AIR snapshot and upstream tests	2026-09-11T18:26:55.6599731Z [INFO] --- install:3.1.4:install (default-install) @ air-java-parent ---
checkpoint	Fixed AIR snapshot and upstream tests	2026-09-11T18:26:55.6600654Z [INFO] Installing /tmp/lower-build-34633251413-1/air-java/pom.xml to /tmp/lower-build-34633251413-1/m2/io/github/gustavo2358/air-java-parent/0.1.0-SNAPSHOT/air-java-parent-0.1.0-SNAPSHOT.pom
checkpoint	Fixed AIR snapshot and upstream tests	2026-09-11T18:26:55.6601439Z [INFO] 
checkpoint	Fixed AIR snapshot and upstream tests	2026-09-11T18:26:55.6601730Z [INFO] -------------------< io.github.gustavo2358:air-java >-------------------
checkpoint	Fixed AIR snapshot and upstream tests	2026-09-11T18:26:55.6602244Z [INFO] Building Analysis IR Java Model 0.1.0-SNAPSHOT                     [2/3]
checkpoint	Fixed AIR snapshot and upstream tests	2026-09-11T18:26:55.6603010Z [INFO]   from air-model/pom.xml
checkpoint	Fixed AIR snapshot and upstream tests	2026-09-11T18:26:55.6603343Z [INFO] --------------------------------[ jar ]---------------------------------
checkpoint	Fixed AIR snapshot and upstream tests	2026-09-11T18:26:55.6603674Z [INFO] 
checkpoint	Fixed AIR snapshot and upstream tests	2026-09-11T18:26:55.6603923Z [INFO] --- clean:3.2.0:clean (default-clean) @ air-java ---
checkpoint	Fixed AIR snapshot and upstream tests	2026-09-11T18:26:55.6604234Z [INFO] 
checkpoint	Fixed AIR snapshot and upstream tests	2026-09-11T18:26:55.6604516Z [INFO] --- resources:3.4.0:resources (default-resources) @ air-java ---
checkpoint	Fixed AIR snapshot and upstream tests	2026-09-11T18:26:55.6605131Z [INFO] skip non existing resourceDirectory /tmp/lower-build-34633251413-1/air-java/air-model/src/main/resources
checkpoint	Fixed AIR snapshot and upstream tests	2026-09-11T18:26:55.6605627Z [INFO] 
checkpoint	Fixed AIR snapshot and upstream tests	2026-09-11T18:26:55.6605898Z [INFO] --- compiler:3.13.0:compile (default-compile) @ air-java ---
checkpoint	Fixed AIR snapshot and upstream tests	2026-09-11T18:26:55.6606331Z [INFO] Recompiling the module because of changed source code.
checkpoint	Fixed AIR snapshot and upstream tests	2026-09-11T18:26:55.6606800Z [INFO] Compiling 41 source files with javac [debug release 21] to target/classes
checkpoint	Fixed AIR snapshot and upstream tests	2026-09-11T18:26:55.6607187Z [INFO] 
checkpoint	Fixed AIR snapshot and upstream tests	2026-09-11T18:26:55.6607498Z [INFO] --- resources:3.4.0:testResources (default-testResources) @ air-java ---
checkpoint	Fixed AIR snapshot and upstream tests	2026-09-11T18:26:55.6608459Z [INFO] skip non existing resourceDirectory /tmp/lower-build-34633251413-1/air-java/air-model/src/test/resources
checkpoint	Fixed AIR snapshot and upstream tests	2026-09-11T18:26:55.6608961Z [INFO] 
checkpoint	Fixed AIR snapshot and upstream tests	2026-09-11T18:26:55.6609257Z [INFO] --- compiler:3.13.0:testCompile (default-testCompile) @ air-java ---
checkpoint	Fixed AIR snapshot and upstream tests	2026-09-11T18:26:55.6609706Z [INFO] Recompiling the module because of changed dependency.
checkpoint	Fixed AIR snapshot and upstream tests	2026-09-11T18:26:55.6610181Z [INFO] Compiling 3 source files with javac [debug release 21] to target/test-classes
checkpoint	Fixed AIR snapshot and upstream tests	2026-09-11T18:26:55.6610586Z [INFO] 
checkpoint	Fixed AIR snapshot and upstream tests	2026-09-11T18:26:55.6610838Z [INFO] --- surefire:3.5.4:test (default-test) @ air-java ---
checkpoint	Fixed AIR snapshot and upstream tests	2026-09-11T18:26:55.6611151Z [INFO] 
checkpoint	Fixed AIR snapshot and upstream tests	2026-09-11T18:26:55.6611401Z [INFO] --- exec:3.5.0:exec (air-contract-suite) @ air-java ---
checkpoint	Fixed AIR snapshot and upstream tests	2026-09-11T18:26:55.6611716Z [INFO] 
checkpoint	Fixed AIR snapshot and upstream tests	2026-09-11T18:26:55.6611945Z [INFO] --- jar:3.4.2:jar (default-jar) @ air-java ---
checkpoint	Fixed AIR snapshot and upstream tests	2026-09-11T18:26:55.6612747Z [INFO] Building jar: /tmp/lower-build-34633251413-1/air-java/air-model/target/air-java-0.1.0-SNAPSHOT.jar
checkpoint	Fixed AIR snapshot and upstream tests	2026-09-11T18:26:55.6613243Z [INFO] 
checkpoint	Fixed AIR snapshot and upstream tests	2026-09-11T18:26:55.6613531Z [INFO] --- help:3.5.1:effective-pom (effective-module) @ air-java ---
checkpoint	Fixed AIR snapshot and upstream tests	2026-09-11T18:26:55.6614114Z [INFO] Effective-POM written to: /tmp/lower-build-34633251413-1/air-java/air-model/target/effective-pom.xml
checkpoint	Fixed AIR snapshot and upstream tests	2026-09-11T18:26:55.6614600Z [INFO] 
checkpoint	Fixed AIR snapshot and upstream tests	2026-09-11T18:26:55.6614917Z [INFO] --- dependency:3.8.1:tree (resolved-module) @ air-java ---
checkpoint	Fixed AIR snapshot and upstream tests	2026-09-11T18:26:55.6615507Z [INFO] Wrote dependency tree to: /tmp/lower-build-34633251413-1/air-java/air-model/target/dependency-tree.json
checkpoint	Fixed AIR snapshot and upstream tests	2026-09-11T18:26:55.6615997Z [INFO] 
checkpoint	Fixed AIR snapshot and upstream tests	2026-09-11T18:26:55.6616249Z [INFO] --- exec:3.5.0:exec (compiled-module) @ air-java ---
checkpoint	Fixed AIR snapshot and upstream tests	2026-09-11T18:26:55.6616599Z ok 1 - CORE-SIZE iterative semantic nesting
checkpoint	Fixed AIR snapshot and upstream tests	2026-09-11T18:26:55.6616920Z ok 2 - CORE-SIZE retention continues validation
checkpoint	Fixed AIR snapshot and upstream tests	2026-09-11T18:26:55.6617429Z CAPACITY dimension=objects n=32 status=STRUCTURALLY_VALID entities=70 operations=1 operands=0 queries=0
checkpoint	Fixed AIR snapshot and upstream tests	2026-09-11T18:26:55.6618444Z CAPACITY dimension=sequences n=32 status=STRUCTURALLY_VALID entities=68 operations=32 operands=0 queries=0
checkpoint	Fixed AIR snapshot and upstream tests	2026-09-11T18:26:55.6619183Z CAPACITY dimension=operations n=32 status=STRUCTURALLY_VALID entities=104 operations=33 operands=64 queries=32
checkpoint	Fixed AIR snapshot and upstream tests	2026-09-11T18:26:55.6619914Z CAPACITY dimension=references n=32 status=STRUCTURALLY_VALID entities=6 operations=1 operands=0 queries=0
checkpoint	Fixed AIR snapshot and upstream tests	2026-09-11T18:26:55.6620612Z CAPACITY dimension=objects n=64 status=STRUCTURALLY_VALID entities=134 operations=1 operands=0 queries=0
checkpoint	Fixed AIR snapshot and upstream tests	2026-09-11T18:26:55.6621311Z CAPACITY dimension=sequences n=64 status=STRUCTURALLY_VALID entities=132 operations=64 operands=0 queries=0
checkpoint	Fixed AIR snapshot and upstream tests	2026-09-11T18:26:55.6622035Z CAPACITY dimension=operations n=64 status=STRUCTURALLY_VALID entities=200 operations=65 operands=128 queries=64
checkpoint	Fixed AIR snapshot and upstream tests	2026-09-11T18:26:55.6622781Z CAPACITY dimension=references n=64 status=STRUCTURALLY_VALID entities=6 operations=1 operands=0 queries=0
checkpoint	Fixed AIR snapshot and upstream tests	2026-09-11T18:26:55.6623572Z CAPACITY dimension=objects n=128 status=STRUCTURALLY_VALID entities=262 operations=1 operands=0 queries=0
checkpoint	Fixed AIR snapshot and upstream tests	2026-09-11T18:26:55.6624471Z CAPACITY dimension=sequences n=128 status=STRUCTURALLY_VALID entities=260 operations=128 operands=0 queries=0
checkpoint	Fixed AIR snapshot and upstream tests	2026-09-11T18:26:55.6625211Z CAPACITY dimension=operations n=128 status=STRUCTURALLY_VALID entities=392 operations=129 operands=256 queries=128
checkpoint	Fixed AIR snapshot and upstream tests	2026-09-11T18:26:55.6626106Z CAPACITY dimension=references n=128 status=STRUCTURALLY_VALID entities=6 operations=1 operands=0 queries=0
checkpoint	Fixed AIR snapshot and upstream tests	2026-09-11T18:26:55.6626854Z ok 3 - CORE-SIZE independent cardinality series
checkpoint	Fixed AIR snapshot and upstream tests	2026-09-11T18:26:55.6627182Z ok 4 - CORE-SIZE indexed reference lookup
checkpoint	Fixed AIR snapshot and upstream tests	2026-09-11T18:26:55.6627500Z ok 5 - CORE-SIZE operational failure and counters
checkpoint	Fixed AIR snapshot and upstream tests	2026-09-11T18:26:55.6628128Z ok 6 - CORE-SIZE omitted kinds retain classification
checkpoint	Fixed AIR snapshot and upstream tests	2026-09-11T18:26:55.6628507Z ok 7 - CORE-SIZE recursive families use explicit frames
checkpoint	Fixed AIR snapshot and upstream tests	2026-09-11T18:26:55.6628819Z ok 8 - semver parse
checkpoint	Fixed AIR snapshot and upstream tests	2026-09-11T18:26:55.6629039Z ok 9 - bad semver rejected
checkpoint	Fixed AIR snapshot and upstream tests	2026-09-11T18:26:55.6629292Z ok 10 - negative version rejected
checkpoint	Fixed AIR snapshot and upstream tests	2026-09-11T18:26:55.6629557Z ok 11 - empty text retained
checkpoint	Fixed AIR snapshot and upstream tests	2026-09-11T18:26:55.6629812Z ok 12 - unpaired surrogate rejected
checkpoint	Fixed AIR snapshot and upstream tests	2026-09-11T18:26:55.6630112Z ok 13 - supplementary scalar accepted
checkpoint	Fixed AIR snapshot and upstream tests	2026-09-11T18:26:55.6630386Z ok 14 - bytes input defensive copy
checkpoint	Fixed AIR snapshot and upstream tests	2026-09-11T18:26:55.6630652Z ok 15 - bytes output defensive copy
checkpoint	Fixed AIR snapshot and upstream tests	2026-09-11T18:26:55.6630912Z ok 16 - invalid octet rejected
checkpoint	Fixed AIR snapshot and upstream tests	2026-09-11T18:26:55.6631160Z ok 17 - decimal semantic equality
checkpoint	Fixed AIR snapshot and upstream tests	2026-09-11T18:26:55.6631430Z ok 18 - negative decimal scale rejected
checkpoint	Fixed AIR snapshot and upstream tests	2026-09-11T18:26:55.6631715Z ok 19 - source end before start rejected
checkpoint	Fixed AIR snapshot and upstream tests	2026-09-11T18:26:55.6631992Z ok 20 - minimal publication valid
checkpoint	Fixed AIR snapshot and upstream tests	2026-09-11T18:26:55.6632272Z ok 21 - pure core has no JSON/frontend imports
checkpoint	Fixed AIR snapshot and upstream tests	2026-09-11T18:26:55.6632580Z ok 22 - publication lists immutable
checkpoint	Fixed AIR snapshot and upstream tests	2026-09-11T18:26:55.6632854Z ok 23 - constructor snapshots source list
checkpoint	Fixed AIR snapshot and upstream tests	2026-09-11T18:26:55.6633130Z ok 24 - terminator required
checkpoint	Fixed AIR snapshot and upstream tests	2026-09-11T18:26:55.6633393Z ok 25 - empty closed control is not divergence
checkpoint	Fixed AIR snapshot and upstream tests	2026-09-11T18:26:55.6633873Z ok 26 - explicit divergence representable
checkpoint	Fixed AIR snapshot and upstream tests	2026-09-11T18:26:55.6634153Z ok 27 - missing label rejected
checkpoint	Fixed AIR snapshot and upstream tests	2026-09-11T18:26:55.6634406Z ok 28 - duplicate operation rejected
checkpoint	Fixed AIR snapshot and upstream tests	2026-09-11T18:26:55.6634690Z ok 29 - foreign publication origin rejected
checkpoint	Fixed AIR snapshot and upstream tests	2026-09-11T18:26:55.6634983Z ok 30 - dangling origin rejected
checkpoint	Fixed AIR snapshot and upstream tests	2026-09-11T18:26:55.6635237Z ok 31 - origin cycle rejected
checkpoint	Fixed AIR snapshot and upstream tests	2026-09-11T18:26:55.6635497Z ok 32 - alias cycle rejected
checkpoint	Fixed AIR snapshot and upstream tests	2026-09-11T18:26:55.6635748Z ok 33 - unknown type declaration valid
checkpoint	Fixed AIR snapshot and upstream tests	2026-09-11T18:26:55.6636045Z ok 34 - unknown type reason must be TYPE_UNKNOWN
checkpoint	Fixed AIR snapshot and upstream tests	2026-09-11T18:26:55.6636358Z ok 35 - unknown type dangling reason rejected
checkpoint	Fixed AIR snapshot and upstream tests	2026-09-11T18:26:55.6636656Z ok 36 - literal assign same known domain
checkpoint	Fixed AIR snapshot and upstream tests	2026-09-11T18:26:55.6636961Z ok 37 - assign different concrete domains rejected
checkpoint	Fixed AIR snapshot and upstream tests	2026-09-11T18:26:55.6637291Z ok 38 - unknown self-copy preserves sameDomain
checkpoint	Fixed AIR snapshot and upstream tests	2026-09-11T18:26:55.6637606Z ok 39 - shared uncertainty is not domain equality
checkpoint	Fixed AIR snapshot and upstream tests	2026-09-11T18:26:55.6639003Z ok 40 - exact alias proves unknown-domain copy
checkpoint	Fixed AIR snapshot and upstream tests	2026-09-11T18:26:55.6639344Z ok 41 - scoped sameDomain permits copy
checkpoint	Fixed AIR snapshot and upstream tests	2026-09-11T18:26:55.6639631Z ok 42 - unit scope permits local copy
checkpoint	Fixed AIR snapshot and upstream tests	2026-09-11T18:26:55.6639911Z ok 43 - entry scope does not extend to body
checkpoint	Fixed AIR snapshot and upstream tests	2026-09-11T18:26:55.6640222Z ok 44 - wrong operation scope rejected at use
checkpoint	Fixed AIR snapshot and upstream tests	2026-09-11T18:26:55.6640567Z ok 45 - intersection narrows without losing valid site
checkpoint	Fixed AIR snapshot and upstream tests	2026-09-11T18:26:55.6640912Z ok 46 - empty intersection never proves copy
checkpoint	Fixed AIR snapshot and upstream tests	2026-09-11T18:26:55.6641257Z ok 47 - scope invocation on noninvoke rejected even unused
checkpoint	Fixed AIR snapshot and upstream tests	2026-09-11T18:26:55.6641608Z ok 48 - unused proof dangling subject rejected
checkpoint	Fixed AIR snapshot and upstream tests	2026-09-11T18:26:55.6641915Z ok 49 - sameDomain contradiction rejected
checkpoint	Fixed AIR snapshot and upstream tests	2026-09-11T18:26:55.6642258Z ok 50 - contradiction through unknown intermediary rejected
checkpoint	Fixed AIR snapshot and upstream tests	2026-09-11T18:26:55.6642616Z ok 51 - transitive scoped premises support copy
checkpoint	Fixed AIR snapshot and upstream tests	2026-09-11T18:26:55.6642930Z ok 52 - unknown bool value permits branch
checkpoint	Fixed AIR snapshot and upstream tests	2026-09-11T18:26:55.6643210Z ok 53 - unknown type is not boolean
checkpoint	Fixed AIR snapshot and upstream tests	2026-09-11T18:26:55.6643916Z ok 54 - arithmetic rejects unknown type
checkpoint	Fixed AIR snapshot and upstream tests	2026-09-11T18:26:55.6644249Z ok 55 - unknown value/type reasons stay distinct
checkpoint	Fixed AIR snapshot and upstream tests	2026-09-11T18:26:55.6644574Z ok 56 - duplicate decimal dispatch keys rejected
checkpoint	Fixed AIR snapshot and upstream tests	2026-09-11T18:26:55.6644872Z ok 57 - space padding accepted
checkpoint	Fixed AIR snapshot and upstream tests	2026-09-11T18:26:55.6645138Z ok 58 - text slice out of bounds rejected
checkpoint	Fixed AIR snapshot and upstream tests	2026-09-11T18:26:55.6646057Z ok 59 - text slice counts Unicode scalars
checkpoint	Fixed AIR snapshot and upstream tests	2026-09-11T18:26:55.6646377Z ok 60 - empty closed choice rejected
checkpoint	Fixed AIR snapshot and upstream tests	2026-09-11T18:26:55.6646793Z ok 61 - closed heterogeneous choice retains unknown type
checkpoint	Fixed AIR snapshot and upstream tests	2026-09-11T18:26:55.6647150Z ok 62 - heterogeneous known choice rejected
checkpoint	Fixed AIR snapshot and upstream tests	2026-09-11T18:26:55.6647490Z ok 63 - open choice does not invent known remainder domain
checkpoint	Fixed AIR snapshot and upstream tests	2026-09-11T18:26:55.6648108Z ok 64 - opaque retains known reads
checkpoint	Fixed AIR snapshot and upstream tests	2026-09-11T18:26:55.6648418Z ok 65 - opaque may have two known normal destinations
checkpoint	Fixed AIR snapshot and upstream tests	2026-09-11T18:26:55.6648745Z ok 66 - opaque without uncertainty rejected
checkpoint	Fixed AIR snapshot and upstream tests	2026-09-11T18:26:55.6649045Z ok 67 - computed target requires known text
checkpoint	Fixed AIR snapshot and upstream tests	2026-09-11T18:26:55.6649392Z ok 68 - computed text unknown preserves dependency
checkpoint	Fixed AIR snapshot and upstream tests	2026-09-11T18:26:55.6649723Z ok 69 - two normal invocation outcomes rejected
checkpoint	Fixed AIR snapshot and upstream tests	2026-09-11T18:26:55.6650055Z ok 70 - return does not acquire implicit fallthrough
checkpoint	Fixed AIR snapshot and upstream tests	2026-09-11T18:26:55.6650381Z ok 71 - local control capability required
checkpoint	Fixed AIR snapshot and upstream tests	2026-09-11T18:26:55.6650707Z ok 72 - local resume modeled without stack execution
checkpoint	Fixed AIR snapshot and upstream tests	2026-09-11T18:26:55.6651022Z ok 73 - indirect label universe is explicit
checkpoint	Fixed AIR snapshot and upstream tests	2026-09-11T18:26:55.6651315Z ok 74 - label literal outside domain rejected
checkpoint	Fixed AIR snapshot and upstream tests	2026-09-11T18:26:55.6651652Z ok 75 - unknown required extension is not silently accepted
checkpoint	Fixed AIR snapshot and upstream tests	2026-09-11T18:26:55.6652024Z ok 76 - entry literal initialization is not zero default
checkpoint	Fixed AIR snapshot and upstream tests	2026-09-11T18:26:55.6652360Z ok 77 - conflicting alias initial states rejected
checkpoint	Fixed AIR snapshot and upstream tests	2026-09-11T18:26:55.6652688Z ok 78 - missing input differs from empty inventory
checkpoint	Fixed AIR snapshot and upstream tests	2026-09-11T18:26:55.6653004Z ok 79 - validation resource limit observable
checkpoint	Fixed AIR snapshot and upstream tests	2026-09-11T18:26:55.6653311Z ok 80 - incompatible AIR version is not accepted
checkpoint	Fixed AIR snapshot and upstream tests	2026-09-11T18:26:55.6654121Z ok 81 - deterministic validation
checkpoint	Fixed AIR snapshot and upstream tests	2026-09-11T18:26:55.6654412Z ok 82 - large scalar inventory is indexed once
checkpoint	Fixed AIR snapshot and upstream tests	2026-09-11T18:26:55.6654954Z ok 83 - concurrent validation has no shared mutable state
checkpoint	Fixed AIR snapshot and upstream tests	2026-09-11T18:26:55.6655404Z ok 84 - open universal choice-domain premise permits copy
checkpoint	Fixed AIR snapshot and upstream tests	2026-09-11T18:26:55.6655802Z ok 85 - candidate-only proof does not cover open choice remainder
checkpoint	Fixed AIR snapshot and upstream tests	2026-09-11T18:26:55.6656228Z ok 86 - universal choice proof cannot contradict concrete candidate
checkpoint	Fixed AIR snapshot and upstream tests	2026-09-11T18:26:55.6656645Z ok 87 - proof for another occurrence does not prove open choice
checkpoint	Fixed AIR snapshot and upstream tests	2026-09-11T18:26:55.6657035Z ok 88 - invocation-site sameDomain validates transmission
checkpoint	Fixed AIR snapshot and upstream tests	2026-09-11T18:26:55.6657382Z ok 89 - transmission missing proof is rejected
checkpoint	Fixed AIR snapshot and upstream tests	2026-09-11T18:26:55.6658001Z ok 90 - operation scope includes its own invocation boundary
checkpoint	Fixed AIR snapshot and upstream tests	2026-09-11T18:26:55.6658469Z ok 91 - entry scope does not prove invocation transmission
checkpoint	Fixed AIR snapshot and upstream tests	2026-09-11T18:26:55.6658815Z ok 92 - region view outside known extent rejected
checkpoint	Fixed AIR snapshot and upstream tests	2026-09-11T18:26:55.6659168Z ok 93 - unknown codec does not erase known logical domain
checkpoint	Fixed AIR snapshot and upstream tests	2026-09-11T18:26:55.6659529Z ok 94 - known codec and incompatible object domain rejected
checkpoint	Fixed AIR snapshot and upstream tests	2026-09-11T18:26:55.6659864Z ok 95 - ASCII literal codec write checked
checkpoint	Fixed AIR snapshot and upstream tests	2026-09-11T18:26:55.6660160Z ok 96 - ASCII codec rejects non-ASCII literal
checkpoint	Fixed AIR snapshot and upstream tests	2026-09-11T18:26:55.6660485Z ok 97 - assign does not silently pad a fixed-size view
checkpoint	Fixed AIR snapshot and upstream tests	2026-09-11T18:26:55.6660924Z ok 98 - calculated slice without private certificate yields incomplete validation
checkpoint	Fixed AIR snapshot and upstream tests	2026-09-11T18:26:55.6661374Z ok 99 - diagnostic limit is never a successful validation
checkpoint	Fixed AIR snapshot and upstream tests	2026-09-11T18:26:55.6661751Z ok 100 - large number of unit-scoped domain premises is reusable
checkpoint	Fixed AIR snapshot and upstream tests	2026-09-11T18:26:55.6662145Z ok 101 - two independent constructions validate identically
checkpoint	Fixed AIR snapshot and upstream tests	2026-09-11T18:26:55.6662496Z ok 102 - Publication has no contracts inventory
checkpoint	Fixed AIR snapshot and upstream tests	2026-09-11T18:26:55.6662819Z ok 103 - legacy contract entity and id are absent
checkpoint	Fixed AIR snapshot and upstream tests	2026-09-11T18:26:55.6663124Z ok 104 - ContractRef requires evidence
checkpoint	Fixed AIR snapshot and upstream tests	2026-09-11T18:26:55.6663428Z ok 105 - ContractRef dangling evidence is rejected
checkpoint	Fixed AIR snapshot and upstream tests	2026-09-11T18:26:55.6663927Z ok 106 - unknown contract requires CONTRACT_UNKNOWN
checkpoint	Fixed AIR snapshot and upstream tests	2026-09-11T18:26:55.6664273Z ok 107 - external signature is materialized at invoke
checkpoint	Fixed AIR snapshot and upstream tests	2026-09-11T18:26:55.6664647Z ok 108 - same contract authority does not merge invocation sites
checkpoint	Fixed AIR snapshot and upstream tests	2026-09-11T18:26:55.6665066Z ok 109 - each same-authority invocation can be proven independently
checkpoint	Fixed AIR snapshot and upstream tests	2026-09-11T18:26:55.6665499Z ok 110 - materialized contract truth remains a semantic obligation
checkpoint	Fixed AIR snapshot and upstream tests	2026-09-11T18:26:55.6665895Z ok 111 - Target admits exactly internal literal computed
checkpoint	Fixed AIR snapshot and upstream tests	2026-09-11T18:26:55.6666217Z ok 112 - ResourceTarget is absent
checkpoint	Fixed AIR snapshot and upstream tests	2026-09-11T18:26:55.6666539Z ok 113 - internal target and matching entry signature are valid
checkpoint	Fixed AIR snapshot and upstream tests	2026-09-11T18:26:55.6666977Z ok 114 - internal target may reference declared entry with unavailable body
checkpoint	Fixed AIR snapshot and upstream tests	2026-09-11T18:26:55.6667437Z ok 115 - internal signature must identify exactly its target entry
checkpoint	Fixed AIR snapshot and upstream tests	2026-09-11T18:26:55.6668270Z ok 116 - literal target and embedded external signature are valid
checkpoint	Fixed AIR snapshot and upstream tests	2026-09-11T18:26:55.6668706Z ok 117 - computed target remains valid with known text abstraction
checkpoint	Fixed AIR snapshot and upstream tests	2026-09-11T18:26:55.6669113Z ok 118 - ResourceId remains declarative rather than executable
checkpoint	Fixed AIR snapshot and upstream tests	2026-09-11T18:26:55.6669514Z ok 119 - contract authority does not supply extension name policy
checkpoint	Fixed AIR snapshot and upstream tests	2026-09-11T18:26:55.6669945Z ok 120 - disjoint_storage with two distinct bases is structurally valid
checkpoint	Fixed AIR snapshot and upstream tests	2026-09-11T18:26:55.6670343Z ok 121 - disjoint_storage dangling base is rejected
checkpoint	Fixed AIR snapshot and upstream tests	2026-09-11T18:26:55.6670680Z ok 122 - disjoint_storage duplicate base is rejected
checkpoint	Fixed AIR snapshot and upstream tests	2026-09-11T18:26:55.6671012Z ok 123 - disjoint_storage singleton is rejected
checkpoint	Fixed AIR snapshot and upstream tests	2026-09-11T18:26:55.6671328Z ok 124 - disjoint_storage has no selective scope
checkpoint	Fixed AIR snapshot and upstream tests	2026-09-11T18:26:55.6671690Z ok 125 - different StorageIds do not invent domain independence
checkpoint	Fixed AIR snapshot and upstream tests	2026-09-11T18:26:55.6672111Z ok 126 - disjoint_storage does not resolve type or alias facts
checkpoint	Fixed AIR snapshot and upstream tests	2026-09-11T18:26:55.6672462Z ok 127 - private safety API is absent
checkpoint	Fixed AIR snapshot and upstream tests	2026-09-11T18:26:55.6672902Z ok 128 - private proof pointer fields are absent
checkpoint	Fixed AIR snapshot and upstream tests	2026-09-11T18:26:55.6673265Z ok 129 - unknown expression purity remains a semantic obligation
checkpoint	Fixed AIR snapshot and upstream tests	2026-09-11T18:26:55.6673684Z ok 130 - removing safety tokens does not permit invalid slice bounds
checkpoint	Fixed AIR snapshot and upstream tests	2026-09-11T18:26:55.6674112Z ok 131 - removing safety tokens does not permit invalid codec write
checkpoint	Fixed AIR snapshot and upstream tests	2026-09-11T18:26:55.6674551Z ok 132 - extension equality without interpreted manifest is incomplete
checkpoint	Fixed AIR snapshot and upstream tests	2026-09-11T18:26:55.6674963Z ok 133 - unknown_type at known position does not open arity
checkpoint	Fixed AIR snapshot and upstream tests	2026-09-11T18:26:55.6675353Z ok 134 - parameter and result remainders are independent values
checkpoint	Fixed AIR snapshot and upstream tests	2026-09-11T18:26:55.6675768Z ok 135 - open result remainder does not open closed parameter arity
checkpoint	Fixed AIR snapshot and upstream tests	2026-09-11T18:26:55.6676203Z ok 136 - open result remainder independently admits unknown extra result
checkpoint	Fixed AIR snapshot and upstream tests	2026-09-11T18:26:55.6676664Z ok 137 - open parameter remainder does not waive known-slot transmission
checkpoint	Fixed AIR snapshot and upstream tests	2026-09-11T18:26:55.6677116Z ok 138 - open result remainder does not waive known-slot transmission
checkpoint	Fixed AIR snapshot and upstream tests	2026-09-11T18:26:55.6677581Z ok 139 - sameDomain does not promote an argument to a required concrete type
checkpoint	Fixed AIR snapshot and upstream tests	2026-09-11T18:26:55.6678376Z ok 140 - sameDomain does not promote a result destination to a required concrete type
checkpoint	Fixed AIR snapshot and upstream tests	2026-09-11T18:26:55.6678921Z ok 141 - closed partial signature remains conservative under open value precision
checkpoint	Fixed AIR snapshot and upstream tests	2026-09-11T18:26:55.6679374Z ok 142 - unknown passing mode remains a present parameter
checkpoint	Fixed AIR snapshot and upstream tests	2026-09-11T18:26:55.6679776Z ok 143 - external signature cannot invent called-unit object binding
checkpoint	Fixed AIR snapshot and upstream tests	2026-09-11T18:26:55.6680194Z ok 144 - mathematical signature position is not capped by int
checkpoint	Fixed AIR snapshot and upstream tests	2026-09-11T18:26:55.6680601Z ok 145 - proof cannot reference an unmaterialized external position
checkpoint	Fixed AIR snapshot and upstream tests	2026-09-11T18:26:55.6681044Z ok 146 - all invocation outcome kinds and open remainder are preserved
checkpoint	Fixed AIR snapshot and upstream tests	2026-09-11T18:26:55.6681457Z ok 147 - InvocationOutcomes rejects duplicate exception tag
checkpoint	Fixed AIR snapshot and upstream tests	2026-09-11T18:26:55.6681834Z ok 148 - InvocationOutcomes rejects duplicate catch-all
checkpoint	Fixed AIR snapshot and upstream tests	2026-09-11T18:26:55.6682183Z ok 149 - outcome-specific effect keys are unique
checkpoint	Fixed AIR snapshot and upstream tests	2026-09-11T18:26:55.6682702Z ok 150 - InvocationAlternative excludes jump return continue
checkpoint	Fixed AIR snapshot and upstream tests	2026-09-11T18:26:55.6683095Z ok 151 - generic ControlEnvelope preserves jump and return
checkpoint	Fixed AIR snapshot and upstream tests	2026-09-11T18:26:55.6683482Z ok 152 - continue is accepted only by common-operation fallback
checkpoint	Fixed AIR snapshot and upstream tests	2026-09-11T18:26:55.6683848Z ok 153 - continue in opaque terminator is rejected
checkpoint	Fixed AIR snapshot and upstream tests	2026-09-11T18:26:55.6684235Z ok 154 - empty closed invocation outcomes are not implicit divergence
checkpoint	Fixed AIR snapshot and upstream tests	2026-09-11T18:26:55.6684643Z ok 155 - effect-only place occurrence is materialized once
checkpoint	Fixed AIR snapshot and upstream tests	2026-09-11T18:26:55.6685027Z ok 156 - opaque result references one pre-existing occurrence
checkpoint	Fixed AIR snapshot and upstream tests	2026-09-11T18:26:55.6685378Z ok 157 - Return has no entryScope component
checkpoint	Fixed AIR snapshot and upstream tests	2026-09-11T18:26:55.6685777Z ok 158 - incompatible multi-entry return records limit without selecting entry
checkpoint	Fixed AIR snapshot and upstream tests	2026-09-11T18:26:55.6686229Z ok 159 - compatible multi-entry return validates all entries
checkpoint	Fixed AIR snapshot and upstream tests	2026-09-11T18:26:55.6686622Z ok 160 - open result remainder does not waive a known return slot
checkpoint	Fixed AIR snapshot and upstream tests	2026-09-11T18:26:55.6687035Z ok 161 - open result remainder preserves a proven return slot
checkpoint	Fixed AIR snapshot and upstream tests	2026-09-11T18:26:55.6687410Z ok 162 - ArtifactRelationId closes a valid relation
checkpoint	Fixed AIR snapshot and upstream tests	2026-09-11T18:26:55.6688028Z ok 163 - artifact relation dangling destination is rejected
checkpoint	Fixed AIR snapshot and upstream tests	2026-09-11T18:26:55.6688424Z ok 164 - artifact relation id cannot cross publication
checkpoint	Fixed AIR snapshot and upstream tests	2026-09-11T18:26:55.6688736Z ok 165 - entry owner is checked
checkpoint	Fixed AIR snapshot and upstream tests	2026-09-11T18:26:55.6688991Z ok 166 - sequence label owner is checked
checkpoint	Fixed AIR snapshot and upstream tests	2026-09-11T18:26:55.6689268Z ok 167 - operation owner is checked
checkpoint	Fixed AIR snapshot and upstream tests	2026-09-11T18:26:55.6689534Z ok 168 - object owner is checked
checkpoint	Fixed AIR snapshot and upstream tests	2026-09-11T18:26:55.6689782Z ok 169 - operand owner is checked
checkpoint	Fixed AIR snapshot and upstream tests	2026-09-11T18:26:55.6690104Z ok 170 - same localId in distinct identity domains does not collide
checkpoint	Fixed AIR snapshot and upstream tests	2026-09-11T18:26:55.6690541Z ok 171 - entry-owned and operation-owned operand localIds do not collide
checkpoint	Fixed AIR snapshot and upstream tests	2026-09-11T18:26:55.6690969Z ok 172 - completion port requires local-control capability
checkpoint	Fixed AIR snapshot and upstream tests	2026-09-11T18:26:55.6691376Z ok 173 - completion port owner closes under local-control capability
checkpoint	Fixed AIR snapshot and upstream tests	2026-09-11T18:26:55.6692027Z ok 174 - entry without label is valid only for unavailable body
checkpoint	Fixed AIR snapshot and upstream tests	2026-09-11T18:26:55.6692425Z ok 175 - unavailable body cannot publish dangling entry label
checkpoint	Fixed AIR snapshot and upstream tests	2026-09-11T18:26:55.6692793Z ok 176 - available body entry without label is rejected
checkpoint	Fixed AIR snapshot and upstream tests	2026-09-11T18:26:55.6693182Z ok 177 - offset provenance survives without fabricated line columns
checkpoint	Fixed AIR snapshot and upstream tests	2026-09-11T18:26:55.6693611Z ok 178 - coverage elimination uses rule and origin, not safety premise
checkpoint	Fixed AIR snapshot and upstream tests	2026-09-11T18:26:55.6694065Z ok 179 - computed dependency name must be observed before owning operation
checkpoint	Fixed AIR snapshot and upstream tests	2026-09-11T18:26:55.6694462Z PASS: 179 deterministic contract checks
checkpoint	Fixed AIR snapshot and upstream tests	2026-09-11T18:26:55.6694907Z PASS: compiled module air-model; effective POM + resolved graph + 325 classfiles + JAR verified
checkpoint	Fixed AIR snapshot and upstream tests	2026-09-11T18:26:55.6695354Z [INFO] 
checkpoint	Fixed AIR snapshot and upstream tests	2026-09-11T18:26:55.6695621Z [INFO] --- install:3.1.4:install (default-install) @ air-java ---
checkpoint	Fixed AIR snapshot and upstream tests	2026-09-11T18:26:55.6696479Z [INFO] Installing /tmp/lower-build-34633251413-1/air-java/air-model/pom.xml to /tmp/lower-build-34633251413-1/m2/io/github/gustavo2358/air-java/0.1.0-SNAPSHOT/air-java-0.1.0-SNAPSHOT.pom
checkpoint	Fixed AIR snapshot and upstream tests	2026-09-11T18:26:55.6698358Z [INFO] Installing /tmp/lower-build-34633251413-1/air-java/air-model/target/air-java-0.1.0-SNAPSHOT.jar to /tmp/lower-build-34633251413-1/m2/io/github/gustavo2358/air-java/0.1.0-SNAPSHOT/air-java-0.1.0-SNAPSHOT.jar
checkpoint	Fixed AIR snapshot and upstream tests	2026-09-11T18:26:55.6699259Z [INFO] 
checkpoint	Fixed AIR snapshot and upstream tests	2026-09-11T18:26:55.6699558Z [INFO] -------------------< io.github.gustavo2358:air-json >-------------------
checkpoint	Fixed AIR snapshot and upstream tests	2026-09-11T18:26:55.6700042Z [INFO] Building Analysis IR JSON 0.1.0-SNAPSHOT                           [3/3]
checkpoint	Fixed AIR snapshot and upstream tests	2026-09-11T18:26:55.6700434Z [INFO]   from air-json/pom.xml
checkpoint	Fixed AIR snapshot and upstream tests	2026-09-11T18:26:55.6700754Z [INFO] --------------------------------[ jar ]---------------------------------
checkpoint	Fixed AIR snapshot and upstream tests	2026-09-11T18:26:55.6701091Z [INFO] 
checkpoint	Fixed AIR snapshot and upstream tests	2026-09-11T18:26:55.6701354Z [INFO] --- clean:3.2.0:clean (default-clean) @ air-json ---
checkpoint	Fixed AIR snapshot and upstream tests	2026-09-11T18:26:55.6701670Z [INFO] 
checkpoint	Fixed AIR snapshot and upstream tests	2026-09-11T18:26:55.6701949Z [INFO] --- resources:3.4.0:resources (default-resources) @ air-json ---
checkpoint	Fixed AIR snapshot and upstream tests	2026-09-11T18:26:55.6702782Z [INFO] skip non existing resourceDirectory /tmp/lower-build-34633251413-1/air-java/air-json/src/main/resources
checkpoint	Fixed AIR snapshot and upstream tests	2026-09-11T18:26:55.6703351Z [INFO] 
checkpoint	Fixed AIR snapshot and upstream tests	2026-09-11T18:26:55.6703619Z [INFO] --- compiler:3.13.0:compile (default-compile) @ air-json ---
checkpoint	Fixed AIR snapshot and upstream tests	2026-09-11T18:26:55.6704036Z [INFO] Recompiling the module because of changed dependency.
checkpoint	Fixed AIR snapshot and upstream tests	2026-09-11T18:26:55.6704475Z [INFO] Compiling 5 source files with javac [debug release 21] to target/classes
checkpoint	Fixed AIR snapshot and upstream tests	2026-09-11T18:26:55.6704839Z [INFO] 
checkpoint	Fixed AIR snapshot and upstream tests	2026-09-11T18:26:55.6705142Z [INFO] --- resources:3.4.0:testResources (default-testResources) @ air-json ---
checkpoint	Fixed AIR snapshot and upstream tests	2026-09-11T18:26:55.6705617Z [INFO] Copying 2 resources from src/test/resources to target/test-classes
checkpoint	Fixed AIR snapshot and upstream tests	2026-09-11T18:26:55.6705974Z [INFO] 
checkpoint	Fixed AIR snapshot and upstream tests	2026-09-11T18:26:55.6706266Z [INFO] --- compiler:3.13.0:testCompile (default-testCompile) @ air-json ---
checkpoint	Fixed AIR snapshot and upstream tests	2026-09-11T18:26:55.6706713Z [INFO] Recompiling the module because of changed dependency.
checkpoint	Fixed AIR snapshot and upstream tests	2026-09-11T18:26:55.6707173Z [INFO] Compiling 7 source files with javac [debug release 21] to target/test-classes
checkpoint	Fixed AIR snapshot and upstream tests	2026-09-11T18:26:55.6707572Z [INFO] 
checkpoint	Fixed AIR snapshot and upstream tests	2026-09-11T18:26:55.6708078Z [INFO] --- surefire:3.5.4:test (default-test) @ air-json ---
checkpoint	Fixed AIR snapshot and upstream tests	2026-09-11T18:26:55.6708390Z [INFO] 
checkpoint	Fixed AIR snapshot and upstream tests	2026-09-11T18:26:55.6708625Z [INFO] --- exec:3.5.0:exec (air-json-suite) @ air-json ---
checkpoint	Fixed AIR snapshot and upstream tests	2026-09-11T18:26:55.6708928Z [INFO] 
checkpoint	Fixed AIR snapshot and upstream tests	2026-09-11T18:26:55.6709147Z [INFO] --- jar:3.4.2:jar (default-jar) @ air-json ---
checkpoint	Fixed AIR snapshot and upstream tests	2026-09-11T18:26:55.6709668Z [INFO] Building jar: /tmp/lower-build-34633251413-1/air-java/air-json/target/air-json-0.1.0-SNAPSHOT.jar
checkpoint	Fixed AIR snapshot and upstream tests	2026-09-11T18:26:55.6710143Z [INFO] 
checkpoint	Fixed AIR snapshot and upstream tests	2026-09-11T18:26:55.6710415Z [INFO] --- help:3.5.1:effective-pom (effective-module) @ air-json ---
checkpoint	Fixed AIR snapshot and upstream tests	2026-09-11T18:26:55.6710992Z [INFO] Effective-POM written to: /tmp/lower-build-34633251413-1/air-java/air-json/target/effective-pom.xml
checkpoint	Fixed AIR snapshot and upstream tests	2026-09-11T18:26:55.6711465Z [INFO] 
checkpoint	Fixed AIR snapshot and upstream tests	2026-09-11T18:26:55.6711720Z [INFO] --- dependency:3.8.1:tree (resolved-module) @ air-json ---
checkpoint	Fixed AIR snapshot and upstream tests	2026-09-11T18:26:55.6712284Z [INFO] Wrote dependency tree to: /tmp/lower-build-34633251413-1/air-java/air-json/target/dependency-tree.json
checkpoint	Fixed AIR snapshot and upstream tests	2026-09-11T18:26:55.6712904Z [INFO] 
checkpoint	Fixed AIR snapshot and upstream tests	2026-09-11T18:26:55.6713145Z [INFO] --- exec:3.5.0:exec (compiled-module) @ air-json ---
checkpoint	Fixed AIR snapshot and upstream tests	2026-09-11T18:26:55.6713559Z json-ok 1 - CORE-SIZE physical JSON stack and malformed distinction
checkpoint	Fixed AIR snapshot and upstream tests	2026-09-11T18:26:55.6713941Z json-ok 2 - CORE-SIZE exact UTF-8 byte budgets
checkpoint	Fixed AIR snapshot and upstream tests	2026-09-11T18:26:55.6714495Z CAPACITY dimension=json-objects n=16 bytes=42877 entities=54 operations=2 operands=2 queries=1 status=STRUCTURALLY_VALID
checkpoint	Fixed AIR snapshot and upstream tests	2026-09-11T18:26:55.6715349Z CAPACITY dimension=json-operations n=16 bytes=51508 entities=69 operations=17 operands=32 queries=16 status=STRUCTURALLY_VALID
checkpoint	Fixed AIR snapshot and upstream tests	2026-09-11T18:26:55.6716144Z CAPACITY dimension=json-bytes n=16 bytes=16972 entities=2 operations=0 operands=0 queries=0 status=STRUCTURALLY_VALID
checkpoint	Fixed AIR snapshot and upstream tests	2026-09-11T18:26:55.6716933Z CAPACITY dimension=json-sequences n=16 bytes=43726 entities=54 operations=17 operands=2 queries=1 status=STRUCTURALLY_VALID
checkpoint	Fixed AIR snapshot and upstream tests	2026-09-11T18:26:55.6717887Z CAPACITY dimension=json-references n=16 bytes=14040 entities=24 operations=2 operands=2 queries=1 status=STRUCTURALLY_VALID
checkpoint	Fixed AIR snapshot and upstream tests	2026-09-11T18:26:55.6718696Z CAPACITY dimension=json-objects n=32 bytes=73117 entities=86 operations=2 operands=2 queries=1 status=STRUCTURALLY_VALID
checkpoint	Fixed AIR snapshot and upstream tests	2026-09-11T18:26:55.6719506Z CAPACITY dimension=json-operations n=32 bytes=90964 entities=117 operations=33 operands=64 queries=32 status=STRUCTURALLY_VALID
checkpoint	Fixed AIR snapshot and upstream tests	2026-09-11T18:26:55.6720305Z CAPACITY dimension=json-bytes n=32 bytes=33356 entities=2 operations=0 operands=0 queries=0 status=STRUCTURALLY_VALID
checkpoint	Fixed AIR snapshot and upstream tests	2026-09-11T18:26:55.6721103Z CAPACITY dimension=json-sequences n=32 bytes=74862 entities=86 operations=33 operands=2 queries=1 status=STRUCTURALLY_VALID
checkpoint	Fixed AIR snapshot and upstream tests	2026-09-11T18:26:55.6721902Z CAPACITY dimension=json-references n=32 bytes=14936 entities=24 operations=2 operands=2 queries=1 status=STRUCTURALLY_VALID
checkpoint	Fixed AIR snapshot and upstream tests	2026-09-11T18:26:55.6722703Z CAPACITY dimension=json-objects n=64 bytes=133597 entities=150 operations=2 operands=2 queries=1 status=STRUCTURALLY_VALID
checkpoint	Fixed AIR snapshot and upstream tests	2026-09-11T18:26:55.6723661Z CAPACITY dimension=json-operations n=64 bytes=169876 entities=213 operations=65 operands=128 queries=64 status=STRUCTURALLY_VALID
checkpoint	Fixed AIR snapshot and upstream tests	2026-09-11T18:26:55.6724463Z CAPACITY dimension=json-bytes n=64 bytes=66124 entities=2 operations=0 operands=0 queries=0 status=STRUCTURALLY_VALID
checkpoint	Fixed AIR snapshot and upstream tests	2026-09-11T18:26:55.6725258Z CAPACITY dimension=json-sequences n=64 bytes=137134 entities=150 operations=65 operands=2 queries=1 status=STRUCTURALLY_VALID
checkpoint	Fixed AIR snapshot and upstream tests	2026-09-11T18:26:55.6726075Z CAPACITY dimension=json-references n=64 bytes=16728 entities=24 operations=2 operands=2 queries=1 status=STRUCTURALLY_VALID
checkpoint	Fixed AIR snapshot and upstream tests	2026-09-11T18:26:55.6726674Z json-ok 3 - CORE-SIZE JSON independent cardinality series
checkpoint	Fixed AIR snapshot and upstream tests	2026-09-11T18:26:55.6727073Z json-ok 4 - CORE-SIZE codec operational result remains explicit
checkpoint	Fixed AIR snapshot and upstream tests	2026-09-11T18:26:55.6727449Z json-ok 5 - manual AIR oracle valid and complete
checkpoint	Fixed AIR snapshot and upstream tests	2026-09-11T18:26:55.6727950Z json-ok 6 - zero known publication remains explicitly complete
checkpoint	Fixed AIR snapshot and upstream tests	2026-09-11T18:26:55.6728337Z json-ok 7 - encode equals independent canonical golden
checkpoint	Fixed AIR snapshot and upstream tests	2026-09-11T18:26:55.6728715Z json-ok 8 - decode equals independent complete Publication
checkpoint	Fixed AIR snapshot and upstream tests	2026-09-11T18:26:55.6729100Z json-ok 9 - AIR round trip preserves every record and array
checkpoint	Fixed AIR snapshot and upstream tests	2026-09-11T18:26:55.6729478Z json-ok 10 - JSON round trip canonical and deterministic
checkpoint	Fixed AIR snapshot and upstream tests	2026-09-11T18:26:55.6729908Z json-ok 11 - property order whitespace and equivalent escapes recanonicalize
checkpoint	Fixed AIR snapshot and upstream tests	2026-09-11T18:26:55.6730363Z json-ok 12 - PARTIAL and dimensional claims remain independent
checkpoint	Fixed AIR snapshot and upstream tests	2026-09-11T18:26:55.6730772Z json-ok 13 - empty containers and closed signatures remain present
checkpoint	Fixed AIR snapshot and upstream tests	2026-09-11T18:26:55.6731207Z json-ok 14 - provenance null approximate and include chains round trip
checkpoint	Fixed AIR snapshot and upstream tests	2026-09-11T18:26:55.6731646Z json-ok 15 - arbitrary natural coordinates beyond primitive ranges
checkpoint	Fixed AIR snapshot and upstream tests	2026-09-11T18:26:55.6732033Z json-ok 16 - Unicode scalar text and canonical escaping
checkpoint	Fixed AIR snapshot and upstream tests	2026-09-11T18:26:55.6732404Z json-ok 17 - canonical property ordering uses Unicode scalars
checkpoint	Fixed AIR snapshot and upstream tests	2026-09-11T18:26:55.6732820Z json-ok 18 - producer codes reason text and source names are opaque
checkpoint	Fixed AIR snapshot and upstream tests	2026-09-11T18:26:55.6733380Z json-ok 19 - array permutations preserve physical inventory order
checkpoint	Fixed AIR snapshot and upstream tests	2026-09-11T18:26:55.6733725Z json-ok 20 - BOM rejected
checkpoint	Fixed AIR snapshot and upstream tests	2026-09-11T18:26:55.6733998Z json-ok 21 - invalid UTF-8 rejected without replacement
checkpoint	Fixed AIR snapshot and upstream tests	2026-09-11T18:26:55.6734424Z json-ok 22 - trailing garbage second document and non-JSON whitespace rejected
checkpoint	Fixed AIR snapshot and upstream tests	2026-09-11T18:26:55.6734904Z json-ok 23 - array string null boolean and empty document roots rejected
checkpoint	Fixed AIR snapshot and upstream tests	2026-09-11T18:26:55.6735335Z json-ok 24 - duplicate property rejected at every object depth
checkpoint	Fixed AIR snapshot and upstream tests	2026-09-11T18:26:55.6735739Z json-ok 25 - escaped duplicate key rejected at every object depth
checkpoint	Fixed AIR snapshot and upstream tests	2026-09-11T18:26:55.6736134Z json-ok 26 - isolated surrogates raw and escaped rejected
checkpoint	Fixed AIR snapshot and upstream tests	2026-09-11T18:26:55.6736553Z json-ok 27 - invalid string escapes controls commas and truncation rejected
checkpoint	Fixed AIR snapshot and upstream tests	2026-09-11T18:26:55.6737021Z json-ok 28 - every catalogued field required including nullable fields
checkpoint	Fixed AIR snapshot and upstream tests	2026-09-11T18:26:55.6737442Z json-ok 29 - unknown fields rejected throughout supported tree
checkpoint	Fixed AIR snapshot and upstream tests	2026-09-11T18:26:55.6738135Z json-ok 30 - kind absent unknown or null never inferred
checkpoint	Fixed AIR snapshot and upstream tests	2026-09-11T18:26:55.6738512Z json-ok 31 - null rejected wherever field is not nullable
checkpoint	Fixed AIR snapshot and upstream tests	2026-09-11T18:26:55.6738854Z json-ok 32 - integer JSON numbers forbidden
checkpoint	Fixed AIR snapshot and upstream tests	2026-09-11T18:26:55.6739346Z json-ok 33 - canonical Natural lexemes enforced
checkpoint	Fixed AIR snapshot and upstream tests	2026-09-11T18:26:55.6739765Z json-ok 34 - all envelope versions require exact identity
checkpoint	Fixed AIR snapshot and upstream tests	2026-09-11T18:26:55.6740159Z json-ok 35 - incomplete ID and foreign or wrong domain IDs rejected
checkpoint	Fixed AIR snapshot and upstream tests	2026-09-11T18:26:55.6740638Z json-ok 36 - duplicate definitions dangling references and missing evidence rejected
checkpoint	Fixed AIR snapshot and upstream tests	2026-09-11T18:26:55.6741127Z json-ok 37 - PARTIAL without reason is INVALID_IR with AIR rule
checkpoint	Fixed AIR snapshot and upstream tests	2026-09-11T18:26:55.6741584Z json-ok 38 - local AIR constraints and Java representability limits stay distinct
checkpoint	Fixed AIR snapshot and upstream tests	2026-09-11T18:26:55.6742018Z json-ok 39 - closed tokens are checked explicitly
checkpoint	Fixed AIR snapshot and upstream tests	2026-09-11T18:26:55.6742392Z json-ok 40 - process timestamp and private model fields forbidden
checkpoint	Fixed AIR snapshot and upstream tests	2026-09-11T18:26:55.6743011Z json-ok 41 - valid Halt unsupported and Return never silently changed
checkpoint	Fixed AIR snapshot and upstream tests	2026-09-11T18:26:55.6743499Z json-ok 42 - ordinary operation as terminator and Return as instruction invalid
checkpoint	Fixed AIR snapshot and upstream tests	2026-09-11T18:26:55.6744001Z json-ok 43 - deferred forms fail explicitly without partial materialization
checkpoint	Fixed AIR snapshot and upstream tests	2026-09-11T18:26:55.6744478Z json-ok 44 - capability nonempty manifest distinguished from invalid AIR
checkpoint	Fixed AIR snapshot and upstream tests	2026-09-11T18:26:55.6744923Z json-ok 45 - document and depth limits explicit in both directions
checkpoint	Fixed AIR snapshot and upstream tests	2026-09-11T18:26:55.6745324Z json-ok 46 - Validator limits remain INCOMPLETE_VALIDATION
checkpoint	Fixed AIR snapshot and upstream tests	2026-09-11T18:26:55.6745751Z json-ok 47 - all complete ID wire shapes including future operand references
checkpoint	Fixed AIR snapshot and upstream tests	2026-09-11T18:26:55.6746215Z json-ok 48 - all supported wire tokens have independent binding oracles
checkpoint	Fixed AIR snapshot and upstream tests	2026-09-11T18:26:55.6746646Z json-ok 49 - writer never derives wire tokens from runtime enum
checkpoint	Fixed AIR snapshot and upstream tests	2026-09-11T18:26:55.6747037Z json-ok 50 - local AIR failures carry pinned rule and site
checkpoint	Fixed AIR snapshot and upstream tests	2026-09-11T18:26:55.6747466Z json-ok 51 - Validator issues preserve exact rule subject detail and site
checkpoint	Fixed AIR snapshot and upstream tests	2026-09-11T18:26:55.6748100Z json-ok 52 - Natural span bases beyond Java range are representability limits
checkpoint	Fixed AIR snapshot and upstream tests	2026-09-11T18:26:55.6748574Z json-ok 53 - empty FactScope entities is a Java representability limit
checkpoint	Fixed AIR snapshot and upstream tests	2026-09-11T18:26:55.6749035Z json-ok 54 - admitted blank Text is a field-specific representability limit
checkpoint	Fixed AIR snapshot and upstream tests	2026-09-11T18:26:55.6749529Z json-ok 55 - unexpected constructor exceptions are never classified generically
checkpoint	Fixed AIR snapshot and upstream tests	2026-09-11T18:26:55.6750034Z json-ok 56 - Span coordinates below declared bases are representability limits
checkpoint	Fixed AIR snapshot and upstream tests	2026-09-11T18:26:55.6750481Z json-ok 57 - Span inverted lines are representability limits
checkpoint	Fixed AIR snapshot and upstream tests	2026-09-11T18:26:55.6750909Z json-ok 58 - Span inverted columns on same line are representability limits
checkpoint	Fixed AIR snapshot and upstream tests	2026-09-11T18:26:55.6751382Z json-ok 59 - coherent spans preserve equality bases and lexicographic order
checkpoint	Fixed AIR snapshot and upstream tests	2026-09-11T18:26:55.6751872Z json-ok 60 - coherent arbitrary bases reach only their Java representation limit
checkpoint	Fixed AIR snapshot and upstream tests	2026-09-11T18:26:55.6752557Z json-ok 61 - invalid Span Natural lexemes remain physical errors at both sites
checkpoint	Fixed AIR snapshot and upstream tests	2026-09-11T18:26:55.6753012Z json-ok 62 - 4B manual scalar AIR oracle validates independently
checkpoint	Fixed AIR snapshot and upstream tests	2026-09-11T18:26:55.6753416Z json-ok 63 - 4B Java oracle has no transport or golden dependency
checkpoint	Fixed AIR snapshot and upstream tests	2026-09-11T18:26:55.6753841Z json-ok 64 - 4B independent golden and model satisfy all four equalities
checkpoint	Fixed AIR snapshot and upstream tests	2026-09-11T18:26:55.6754324Z json-ok 65 - 4B PARTIAL inventories origins precision and uncertainties preserved
checkpoint	Fixed AIR snapshot and upstream tests	2026-09-11T18:26:55.6754778Z json-ok 66 - 4B text and nullable fields preserve exact values
checkpoint	Fixed AIR snapshot and upstream tests	2026-09-11T18:26:55.6755146Z json-ok 67 - 4B object and cell references must close
checkpoint	Fixed AIR snapshot and upstream tests	2026-09-11T18:26:55.6755510Z json-ok 68 - 4B storage kind domain and owner remain validated
checkpoint	Fixed AIR snapshot and upstream tests	2026-09-11T18:26:55.6755919Z json-ok 69 - 4B operand operation and entry owners cannot be repaired
checkpoint	Fixed AIR snapshot and upstream tests	2026-09-11T18:26:55.6756348Z json-ok 70 - 4B Assign destination and source roles remain validated
checkpoint	Fixed AIR snapshot and upstream tests	2026-09-11T18:26:55.6756769Z json-ok 71 - 4B conflicting literal domain remains a Validator rule
checkpoint	Fixed AIR snapshot and upstream tests	2026-09-11T18:26:55.6757219Z json-ok 72 - 4B Assign terminator and Return instruction fail I-04
checkpoint	Fixed AIR snapshot and upstream tests	2026-09-11T18:26:55.6757656Z json-ok 73 - 4B all supported fields required and unknown fields rejected
checkpoint	Fixed AIR snapshot and upstream tests	2026-09-11T18:26:55.6758433Z json-ok 74 - 4B null tokens kinds and ID shapes preserve physical taxonomy
checkpoint	Fixed AIR snapshot and upstream tests	2026-09-11T18:26:55.6758897Z json-ok 75 - 4B recognized unsupported forms remain IMPLEMENTATION_LIMIT
checkpoint	Fixed AIR snapshot and upstream tests	2026-09-11T18:26:55.6759389Z json-ok 76 - 4B every Lifetime Visibility and OperandRole token has a literal oracle
checkpoint	Fixed AIR snapshot and upstream tests	2026-09-11T18:26:55.6759885Z json-ok 77 - 4B ordered Assigns preserve independent wire and model arrays
checkpoint	Fixed AIR snapshot and upstream tests	2026-09-11T18:26:55.6760341Z json-ok 78 - 4B default representability and opt-in operational budgets
checkpoint	Fixed AIR snapshot and upstream tests	2026-09-11T18:26:55.6761095Z SCALE objects=1000 storage=1000 operations=1001 operands=2000 inputBytes=4371328 outputBytes=4371328 nodes=238546 entities=5019 domainQueries=1000 observedMs=854
checkpoint	Fixed AIR snapshot and upstream tests	2026-09-11T18:26:55.6762158Z SCALE objects=2000 storage=2000 operations=2001 operands=4000 inputBytes=8741328 outputBytes=8741328 nodes=476546 entities=10019 domainQueries=2000 observedMs=1843
checkpoint	Fixed AIR snapshot and upstream tests	2026-09-11T18:26:55.6763359Z SCALE objects=1 storage=1 operations=10001 operands=20000 inputBytes=24747652 outputBytes=24747652 nodes=1320652 entities=30021 domainQueries=10000 observedMs=3966
checkpoint	Fixed AIR snapshot and upstream tests	2026-09-11T18:26:55.6764128Z json-ok 79 - 4B scale N and 2N and repeated references preserve linear structure
checkpoint	Fixed AIR snapshot and upstream tests	2026-09-11T18:26:55.6764605Z json-ok 80 - W1B literal Invoke preserves I-56 and canonical Publication
checkpoint	Fixed AIR snapshot and upstream tests	2026-09-11T18:26:55.6765069Z json-ok 81 - W1B computed Invoke preserves Read ObjectPlace and obligations
checkpoint	Fixed AIR snapshot and upstream tests	2026-09-11T18:26:55.6765532Z json-ok 82 - W1B independent wire oracle covers every invocation field
checkpoint	Fixed AIR snapshot and upstream tests	2026-09-11T18:26:55.6765949Z json-ok 83 - W1B names policies and text stay language neutral
checkpoint	Fixed AIR snapshot and upstream tests	2026-09-11T18:26:55.6766397Z json-ok 84 - W1B conservative effects finite outcomes and open bounds survive
checkpoint	Fixed AIR snapshot and upstream tests	2026-09-11T18:26:55.6766885Z json-ok 85 - W1B empty signature inventories preserve independent remainders
checkpoint	Fixed AIR snapshot and upstream tests	2026-09-11T18:26:55.6767383Z json-ok 86 - W1B invalid references roles owners and outcomes block transport
checkpoint	Fixed AIR snapshot and upstream tests	2026-09-11T18:26:55.6767983Z json-ok 87 - W1B resource and unsupported capability stay blocking
checkpoint	Fixed AIR snapshot and upstream tests	2026-09-11T18:26:55.6768460Z json-ok 88 - W1B non-obligation incomplete validation blocks with truncated issues
checkpoint	Fixed AIR snapshot and upstream tests	2026-09-11T18:26:55.6768942Z json-ok 89 - W1B strict shapes duplicates kinds and local constraints
checkpoint	Fixed AIR snapshot and upstream tests	2026-09-11T18:26:55.6769368Z json-ok 90 - W1B unimplemented invocation variants remain explicit
checkpoint	Fixed AIR snapshot and upstream tests	2026-09-11T18:26:55.6769786Z W1B SCALE invokes=500 bytes=1673561 entities=1026 obligations=1000
checkpoint	Fixed AIR snapshot and upstream tests	2026-09-11T18:26:55.6770207Z W1B SCALE invokes=1000 bytes=3336061 entities=2026 obligations=2000
checkpoint	Fixed AIR snapshot and upstream tests	2026-09-11T18:26:55.6770605Z json-ok 91 - W1B Invoke N and 2N preserve linear structure
checkpoint	Fixed AIR snapshot and upstream tests	2026-09-11T18:26:55.6770948Z PASS: 91 deterministic transport checks
checkpoint	Fixed AIR snapshot and upstream tests	2026-09-11T18:26:55.6771389Z PASS: compiled module air-json; effective POM + resolved graph + 19 classfiles + JAR verified
checkpoint	Fixed AIR snapshot and upstream tests	2026-09-11T18:26:55.6771967Z [INFO] 
checkpoint	Fixed AIR snapshot and upstream tests	2026-09-11T18:26:55.6772236Z [INFO] --- install:3.1.4:install (default-install) @ air-json ---
checkpoint	Fixed AIR snapshot and upstream tests	2026-09-11T18:26:55.6773084Z [INFO] Installing /tmp/lower-build-34633251413-1/air-java/air-json/pom.xml to /tmp/lower-build-34633251413-1/m2/io/github/gustavo2358/air-json/0.1.0-SNAPSHOT/air-json-0.1.0-SNAPSHOT.pom
checkpoint	Fixed AIR snapshot and upstream tests	2026-09-11T18:26:55.6774429Z [INFO] Installing /tmp/lower-build-34633251413-1/air-java/air-json/target/air-json-0.1.0-SNAPSHOT.jar to /tmp/lower-build-34633251413-1/m2/io/github/gustavo2358/air-json/0.1.0-SNAPSHOT/air-json-0.1.0-SNAPSHOT.jar
checkpoint	Fixed AIR snapshot and upstream tests	2026-09-11T18:26:55.6775358Z [INFO] ------------------------------------------------------------------------
checkpoint	Fixed AIR snapshot and upstream tests	2026-09-11T18:26:55.6775787Z [INFO] Reactor Summary for Analysis IR Java Parent 0.1.0-SNAPSHOT:
checkpoint	Fixed AIR snapshot and upstream tests	2026-09-11T18:26:55.6776116Z [INFO] 
checkpoint	Fixed AIR snapshot and upstream tests	2026-09-11T18:26:55.6776399Z [INFO] Analysis IR Java Parent ............................ SUCCESS [  3.060 s]
checkpoint	Fixed AIR snapshot and upstream tests	2026-09-11T18:26:55.6776859Z [INFO] Analysis IR Java Model ............................. SUCCESS [ 15.155 s]
checkpoint	Fixed AIR snapshot and upstream tests	2026-09-11T18:26:55.6777317Z [INFO] Analysis IR JSON ................................... SUCCESS [ 13.579 s]
checkpoint	Fixed AIR snapshot and upstream tests	2026-09-11T18:26:55.6778071Z [INFO] ------------------------------------------------------------------------
checkpoint	Fixed AIR snapshot and upstream tests	2026-09-11T18:26:55.6778453Z [INFO] BUILD SUCCESS
checkpoint	Fixed AIR snapshot and upstream tests	2026-09-11T18:26:55.6778752Z [INFO] ------------------------------------------------------------------------
checkpoint	Fixed AIR snapshot and upstream tests	2026-09-11T18:26:55.6779119Z [INFO] Total time:  31.936 s
checkpoint	Fixed AIR snapshot and upstream tests	2026-09-11T18:26:55.6779378Z [INFO] Finished at: 2026-09-11T18:26:55Z
checkpoint	Fixed AIR snapshot and upstream tests	2026-09-11T18:26:55.6779720Z [INFO] ------------------------------------------------------------------------
checkpoint	Fixed AIR snapshot and upstream tests	2026-09-11T18:26:55.6781989Z {"repository": "Gustavo2358/air-java", "commit": "2a37f5e980ba25fdc79614a66030a84d8bf5b8c9", "jar_sha256": "bea96d84e7179af397ad692745aad8f9e40142d846467a8480c58167ea53fd0e", "source_tree": "8d248f4ccf207eb7b609aa9ff0cdbcd512e526c8", "codec_sha256": "2621844e843ba1803454482c720aafb3ec3a8733893879769bc41968da1b156e", "source_lock_sha256": "0831523155c8e0419e9f9dc000d19e9d70d44b8d63cd0e6101e60e27db5294d7", "java": "openjdk version \"21.0.12.1\" 2026-08-18 LTS\nOpenJDK Runtime Environment Temurin-21.0.12.1+1 (build 21.0.12.1+1-LTS)\nOpenJDK 64-Bit Server VM Temurin-21.0.12.1+1 (build 21.0.12.1+1-LTS, mixed mode, sharing)"}
checkpoint	Fixed AIR snapshot and upstream tests	2026-09-11T18:26:55.6784349Z PASS bootstrap
checkpoint	Full first-slice gates and restored challenge	﻿2026-09-11T18:26:55.6850244Z ##[group]Run python3 scripts/harness/run.py ci --commit "$GITHUB_SHA"
checkpoint	Full first-slice gates and restored challenge	2026-09-11T18:26:55.6850771Z [36;1mpython3 scripts/harness/run.py ci --commit "$GITHUB_SHA"[0m
checkpoint	Full first-slice gates and restored challenge	2026-09-11T18:26:55.6888932Z shell: /usr/bin/bash -e {0}
checkpoint	Full first-slice gates and restored challenge	2026-09-11T18:26:55.6889191Z env:
checkpoint	Full first-slice gates and restored challenge	2026-09-11T18:26:55.6889434Z   LOWER_BUILD_ROOT: /tmp/lower-build-34633251413-1
checkpoint	Full first-slice gates and restored challenge	2026-09-11T18:26:55.6892198Z   GH_TOKEN: ***
checkpoint	Full first-slice gates and restored challenge	2026-09-11T18:26:55.6892423Z   MAVEN_OPTS: -Xmx3g
checkpoint	Full first-slice gates and restored challenge	2026-09-11T18:26:55.6892752Z   JAVA_HOME: /opt/hostedtoolcache/Java_Temurin-Hotspot_jdk/21.0.12-1/x64
checkpoint	Full first-slice gates and restored challenge	2026-09-11T18:26:55.6893243Z   JAVA_HOME_21_X64: /opt/hostedtoolcache/Java_Temurin-Hotspot_jdk/21.0.12-1/x64
checkpoint	Full first-slice gates and restored challenge	2026-09-11T18:26:55.6893697Z   pythonLocation: /opt/hostedtoolcache/Python/3.12.14/x64
checkpoint	Full first-slice gates and restored challenge	2026-09-11T18:26:55.6894132Z   PKG_CONFIG_PATH: /opt/hostedtoolcache/Python/3.12.14/x64/lib/pkgconfig
checkpoint	Full first-slice gates and restored challenge	2026-09-11T18:26:55.6894547Z   Python_ROOT_DIR: /opt/hostedtoolcache/Python/3.12.14/x64
checkpoint	Full first-slice gates and restored challenge	2026-09-11T18:26:55.6894927Z   Python2_ROOT_DIR: /opt/hostedtoolcache/Python/3.12.14/x64
checkpoint	Full first-slice gates and restored challenge	2026-09-11T18:26:55.6895346Z   Python3_ROOT_DIR: /opt/hostedtoolcache/Python/3.12.14/x64
checkpoint	Full first-slice gates and restored challenge	2026-09-11T18:26:55.6895727Z   LD_LIBRARY_PATH: /opt/hostedtoolcache/Python/3.12.14/x64/lib
checkpoint	Full first-slice gates and restored challenge	2026-09-11T18:26:55.6896050Z ##[endgroup]
checkpoint	Full first-slice gates and restored challenge	2026-09-11T18:26:56.7355523Z FULL_COMPONENT_PASS=docs
checkpoint	Full first-slice gates and restored challenge	2026-09-11T18:27:10.2271829Z [INFO] Scanning for projects...
checkpoint	Full first-slice gates and restored challenge	2026-09-11T18:27:10.2272669Z [INFO] ------------------------------------------------------------------------
checkpoint	Full first-slice gates and restored challenge	2026-09-11T18:27:10.2273311Z [INFO] Reactor Build Order:
checkpoint	Full first-slice gates and restored challenge	2026-09-11T18:27:10.2273697Z [INFO] 
checkpoint	Full first-slice gates and restored challenge	2026-09-11T18:27:10.2274149Z [INFO] cobol-lower                                                        [pom]
checkpoint	Full first-slice gates and restored challenge	2026-09-11T18:27:10.2274933Z [INFO] cobol-lower-core                                                   [jar]
checkpoint	Full first-slice gates and restored challenge	2026-09-11T18:27:10.2276207Z [INFO] cobol-lower-adapters                                               [jar]
checkpoint	Full first-slice gates and restored challenge	2026-09-11T18:27:10.2276838Z [INFO] 
checkpoint	Full first-slice gates and restored challenge	2026-09-11T18:27:10.2277318Z [INFO] -----------------< io.github.gustavo2358:cobol-lower >------------------
checkpoint	Full first-slice gates and restored challenge	2026-09-11T18:27:10.2278482Z [INFO] Building cobol-lower 0.1.0-SNAPSHOT                                [1/3]
checkpoint	Full first-slice gates and restored challenge	2026-09-11T18:27:10.2279199Z [INFO]   from pom.xml
checkpoint	Full first-slice gates and restored challenge	2026-09-11T18:27:10.2279726Z [INFO] --------------------------------[ pom ]---------------------------------
checkpoint	Full first-slice gates and restored challenge	2026-09-11T18:27:10.2280311Z [INFO] 
checkpoint	Full first-slice gates and restored challenge	2026-09-11T18:27:10.2280796Z [INFO] ---------------< io.github.gustavo2358:cobol-lower-core >---------------
checkpoint	Full first-slice gates and restored challenge	2026-09-11T18:27:10.2281636Z [INFO] Building cobol-lower-core 0.1.0-SNAPSHOT                           [2/3]
checkpoint	Full first-slice gates and restored challenge	2026-09-11T18:27:10.2282364Z [INFO]   from core/pom.xml
checkpoint	Full first-slice gates and restored challenge	2026-09-11T18:27:10.2282906Z [INFO] --------------------------------[ jar ]---------------------------------
checkpoint	Full first-slice gates and restored challenge	2026-09-11T18:27:10.2283480Z [INFO] 
checkpoint	Full first-slice gates and restored challenge	2026-09-11T18:27:10.2283997Z [INFO] --- resources:3.4.0:resources (default-resources) @ cobol-lower-core ---
checkpoint	Full first-slice gates and restored challenge	2026-09-11T18:27:10.2285094Z [INFO] skip non existing resourceDirectory /home/runner/work/cobol-lower/cobol-lower/core/src/main/resources
checkpoint	Full first-slice gates and restored challenge	2026-09-11T18:27:10.2285999Z [INFO] 
checkpoint	Full first-slice gates and restored challenge	2026-09-11T18:27:10.2286508Z [INFO] --- compiler:3.13.0:compile (default-compile) @ cobol-lower-core ---
checkpoint	Full first-slice gates and restored challenge	2026-09-11T18:27:10.2287287Z [INFO] Recompiling the module because of changed source code.
checkpoint	Full first-slice gates and restored challenge	2026-09-11T18:27:10.2288367Z [INFO] Compiling 25 source files with javac [debug release 21] to target/classes
checkpoint	Full first-slice gates and restored challenge	2026-09-11T18:27:10.2289037Z [INFO] 
checkpoint	Full first-slice gates and restored challenge	2026-09-11T18:27:10.2289640Z [INFO] --- resources:3.4.0:testResources (default-testResources) @ cobol-lower-core ---
checkpoint	Full first-slice gates and restored challenge	2026-09-11T18:27:10.2290836Z [INFO] skip non existing resourceDirectory /home/runner/work/cobol-lower/cobol-lower/core/src/test/resources
checkpoint	Full first-slice gates and restored challenge	2026-09-11T18:27:10.2291710Z [INFO] 
checkpoint	Full first-slice gates and restored challenge	2026-09-11T18:27:10.2292324Z [INFO] --- compiler:3.13.0:testCompile (default-testCompile) @ cobol-lower-core ---
checkpoint	Full first-slice gates and restored challenge	2026-09-11T18:27:10.2293258Z [INFO] Recompiling the module because of changed dependency.
checkpoint	Full first-slice gates and restored challenge	2026-09-11T18:27:10.2294123Z [INFO] Compiling 15 source files with javac [debug release 21] to target/test-classes
checkpoint	Full first-slice gates and restored challenge	2026-09-11T18:27:10.2294824Z [INFO] 
checkpoint	Full first-slice gates and restored challenge	2026-09-11T18:27:10.2295305Z [INFO] --- surefire:3.5.4:test (default-test) @ cobol-lower-core ---
checkpoint	Full first-slice gates and restored challenge	2026-09-11T18:27:10.2296446Z [INFO] 
checkpoint	Full first-slice gates and restored challenge	2026-09-11T18:27:10.2296911Z [INFO] --- exec:3.5.0:java (boundary-contract-suite) @ cobol-lower-core ---
checkpoint	Full first-slice gates and restored challenge	2026-09-11T18:27:10.2297537Z ok 1 - manual AIR accepted by real validator
checkpoint	Full first-slice gates and restored challenge	2026-09-11T18:27:10.2298292Z ok 2 - AIR 2.0.0
checkpoint	Full first-slice gates and restored challenge	2026-09-11T18:27:10.2298592Z ok 3 - one unit
checkpoint	Full first-slice gates and restored challenge	2026-09-11T18:27:10.2298898Z ok 4 - available body
checkpoint	Full first-slice gates and restored challenge	2026-09-11T18:27:10.2299234Z ok 5 - one entry and sequence
checkpoint	Full first-slice gates and restored challenge	2026-09-11T18:27:10.2299676Z ok 6 - entry label closes
checkpoint	Full first-slice gates and restored challenge	2026-09-11T18:27:10.2300093Z ok 7 - closed zero parameters
checkpoint	Full first-slice gates and restored challenge	2026-09-11T18:27:10.2300550Z ok 8 - closed zero results
checkpoint	Full first-slice gates and restored challenge	2026-09-11T18:27:10.2300987Z ok 9 - no common instructions
checkpoint	Full first-slice gates and restored challenge	2026-09-11T18:27:10.2301444Z ok 10 - expected Return, never Halt
checkpoint	Full first-slice gates and restored challenge	2026-09-11T18:27:10.2301905Z ok 11 - empty Return
checkpoint	Full first-slice gates and restored challenge	2026-09-11T18:27:10.2302367Z ok 12 - real validator rejects dangling label
checkpoint	Full first-slice gates and restored challenge	2026-09-11T18:27:10.2303011Z ok 13 - boundary must preserve INVALID_IR for dangling label
checkpoint	Full first-slice gates and restored challenge	2026-09-11T18:27:10.2303702Z ok 14 - boundary preserves complete result and issues
checkpoint	Full first-slice gates and restored challenge	2026-09-11T18:27:10.2304397Z ok 15 - profile fixture contains a real semantic obligation
checkpoint	Full first-slice gates and restored challenge	2026-09-11T18:27:10.2304974Z ok 16 - semantic obligations remain visible
checkpoint	Full first-slice gates and restored challenge	2026-09-11T18:27:10.2305637Z ok 17 - Halt can be valid AIR but is not the frozen Return shape
checkpoint	Full first-slice gates and restored challenge	2026-09-11T18:27:10.2306286Z ok 18 - publication immutable
checkpoint	Full first-slice gates and restored challenge	2026-09-11T18:27:10.2306773Z ok 19 - independent construction deterministic
checkpoint	Full first-slice gates and restored challenge	2026-09-11T18:27:10.2307319Z ok 20 - nonzero executed assertions
checkpoint	Full first-slice gates and restored challenge	2026-09-11T18:27:10.2308030Z LOWER_CALL_TESTS=623
checkpoint	Full first-slice gates and restored challenge	2026-09-11T18:27:10.2308459Z LOCAL_ID_CARDINALITY=100000 elapsed_ms=456
checkpoint	Full first-slice gates and restored challenge	2026-09-11T18:27:10.2309138Z LOCAL_ID_LONG_UTF16=1000000 streamed_bytes=4000169 max_buffer=256 elapsed_ms=70
checkpoint	Full first-slice gates and restored challenge	2026-09-11T18:27:10.2310322Z LOCAL_ID_PUBLIC_PORT_HANDLE=statement:2147483647 unit_key=100000 filename=100000 status=SUCCESS
checkpoint	Full first-slice gates and restored challenge	2026-09-11T18:27:10.2310788Z LOCAL_ID_TESTS=200362
checkpoint	Full first-slice gates and restored challenge	2026-09-11T18:27:10.2311004Z COMPACT_ID_TESTS=1678
checkpoint	Full first-slice gates and restored challenge	2026-09-11T18:27:10.2311273Z lower 1 - admitted input must produce SUCCESS: SUCCESS
checkpoint	Full first-slice gates and restored challenge	2026-09-11T18:27:10.2311626Z lower 2 - entire source evidence retained
checkpoint	Full first-slice gates and restored challenge	2026-09-11T18:27:10.2311900Z lower 3 - AIR 2 one unit
checkpoint	Full first-slice gates and restored challenge	2026-09-11T18:27:10.2312138Z lower 4 - available singular shape
checkpoint	Full first-slice gates and restored challenge	2026-09-11T18:27:10.2312572Z lower 5 - typed GOBACK must be Return, never Halt
checkpoint	Full first-slice gates and restored challenge	2026-09-11T18:27:10.2313136Z lower 6 - no return values
checkpoint	Full first-slice gates and restored challenge	2026-09-11T18:27:10.2313416Z lower 7 - closed known zero parameters
checkpoint	Full first-slice gates and restored challenge	2026-09-11T18:27:10.2313693Z lower 8 - closed known zero results
checkpoint	Full first-slice gates and restored challenge	2026-09-11T18:27:10.2313956Z lower 9 - total typed correlation
checkpoint	Full first-slice gates and restored challenge	2026-09-11T18:27:10.2314214Z lower 10 - entry identity correlation
checkpoint	Full first-slice gates and restored challenge	2026-09-11T18:27:10.2314525Z lower 11 - start correlation uses published reference
checkpoint	Full first-slice gates and restored challenge	2026-09-11T18:27:10.2314844Z lower 12 - start label join closes
checkpoint	Full first-slice gates and restored challenge	2026-09-11T18:27:10.2315139Z lower 13 - Return ID and provenance correlation
checkpoint	Full first-slice gates and restored challenge	2026-09-11T18:27:10.2315474Z lower 14 - alternative entry inventory stays PARTIAL
checkpoint	Full first-slice gates and restored challenge	2026-09-11T18:27:10.2315809Z lower 15 - alternate gap visible in AIR coverage
checkpoint	Full first-slice gates and restored challenge	2026-09-11T18:27:10.2316133Z lower 16 - entry and statement coverage retained
checkpoint	Full first-slice gates and restored challenge	2026-09-11T18:27:10.2316430Z lower 17 - local control exact
checkpoint	Full first-slice gates and restored challenge	2026-09-11T18:27:10.2316692Z lower 18 - no global strengthening STORAGE
checkpoint	Full first-slice gates and restored challenge	2026-09-11T18:27:10.2316988Z lower 19 - dimension reason present STORAGE
checkpoint	Full first-slice gates and restored challenge	2026-09-11T18:27:10.2317285Z lower 20 - no global strengthening EFFECTS
checkpoint	Full first-slice gates and restored challenge	2026-09-11T18:27:10.2317573Z lower 21 - dimension reason present EFFECTS
checkpoint	Full first-slice gates and restored challenge	2026-09-11T18:27:10.2318195Z lower 22 - no global strengthening VALUES
checkpoint	Full first-slice gates and restored challenge	2026-09-11T18:27:10.2318507Z lower 23 - dimension reason present VALUES
checkpoint	Full first-slice gates and restored challenge	2026-09-11T18:27:10.2318819Z lower 24 - no global strengthening DEPENDENCIES
checkpoint	Full first-slice gates and restored challenge	2026-09-11T18:27:10.2319157Z lower 25 - dimension reason present DEPENDENCIES
checkpoint	Full first-slice gates and restored challenge	2026-09-11T18:27:10.2319485Z lower 26 - zero DATA maps no storage declarations
checkpoint	Full first-slice gates and restored challenge	2026-09-11T18:27:10.2319807Z lower 27 - no unproved AIR profile claim
checkpoint	Full first-slice gates and restored challenge	2026-09-11T18:27:10.2320113Z lower 28 - complete real checker report preserved
checkpoint	Full first-slice gates and restored challenge	2026-09-11T18:27:10.2340706Z lower 29 - real checker GREEN
checkpoint	Full first-slice gates and restored challenge	2026-09-11T18:27:10.2341170Z lower 30 - independent construction deterministic
checkpoint	Full first-slice gates and restored challenge	2026-09-11T18:27:10.2341854Z lower 31 - operational metadata excluded from identity
checkpoint	Full first-slice gates and restored challenge	2026-09-11T18:27:10.2342229Z lower 32 - admitted input must produce SUCCESS: SUCCESS
checkpoint	Full first-slice gates and restored challenge	2026-09-11T18:27:10.2342571Z lower 33 - entire source evidence retained
checkpoint	Full first-slice gates and restored challenge	2026-09-11T18:27:10.2342856Z lower 34 - AIR 2 one unit
checkpoint	Full first-slice gates and restored challenge	2026-09-11T18:27:10.2343104Z lower 35 - available singular shape
checkpoint	Full first-slice gates and restored challenge	2026-09-11T18:27:10.2343420Z lower 36 - typed GOBACK must be Return, never Halt
checkpoint	Full first-slice gates and restored challenge	2026-09-11T18:27:10.2343731Z lower 37 - no return values
checkpoint	Full first-slice gates and restored challenge	2026-09-11T18:27:10.2343988Z lower 38 - closed known zero parameters
checkpoint	Full first-slice gates and restored challenge	2026-09-11T18:27:10.2344484Z lower 39 - closed known zero results
checkpoint	Full first-slice gates and restored challenge	2026-09-11T18:27:10.2344773Z lower 40 - total typed correlation
checkpoint	Full first-slice gates and restored challenge	2026-09-11T18:27:10.2345052Z lower 41 - entry identity correlation
checkpoint	Full first-slice gates and restored challenge	2026-09-11T18:27:10.2345368Z lower 42 - start correlation uses published reference
checkpoint	Full first-slice gates and restored challenge	2026-09-11T18:27:10.2345898Z lower 43 - start label join closes
checkpoint	Full first-slice gates and restored challenge	2026-09-11T18:27:10.2346419Z lower 44 - Return ID and provenance correlation
checkpoint	Full first-slice gates and restored challenge	2026-09-11T18:27:10.2347048Z lower 45 - alternative entry inventory stays PARTIAL
checkpoint	Full first-slice gates and restored challenge	2026-09-11T18:27:10.2347412Z lower 46 - alternate gap visible in AIR coverage
checkpoint	Full first-slice gates and restored challenge	2026-09-11T18:27:10.2348022Z lower 47 - entry and statement coverage retained
checkpoint	Full first-slice gates and restored challenge	2026-09-11T18:27:10.2348383Z lower 48 - local control exact
checkpoint	Full first-slice gates and restored challenge	2026-09-11T18:27:10.2348653Z lower 49 - no global strengthening STORAGE
checkpoint	Full first-slice gates and restored challenge	2026-09-11T18:27:10.2348948Z lower 50 - dimension reason present STORAGE
checkpoint	Full first-slice gates and restored challenge	2026-09-11T18:27:10.2349255Z lower 51 - no global strengthening EFFECTS
checkpoint	Full first-slice gates and restored challenge	2026-09-11T18:27:10.2349540Z lower 52 - dimension reason present EFFECTS
checkpoint	Full first-slice gates and restored challenge	2026-09-11T18:27:10.2349827Z lower 53 - no global strengthening VALUES
checkpoint	Full first-slice gates and restored challenge	2026-09-11T18:27:10.2350123Z lower 54 - dimension reason present VALUES
checkpoint	Full first-slice gates and restored challenge	2026-09-11T18:27:10.2350626Z lower 55 - no global strengthening DEPENDENCIES
checkpoint	Full first-slice gates and restored challenge	2026-09-11T18:27:10.2350973Z lower 56 - dimension reason present DEPENDENCIES
checkpoint	Full first-slice gates and restored challenge	2026-09-11T18:27:10.2351305Z lower 57 - zero DATA maps no storage declarations
checkpoint	Full first-slice gates and restored challenge	2026-09-11T18:27:10.2351619Z lower 58 - no unproved AIR profile claim
checkpoint	Full first-slice gates and restored challenge	2026-09-11T18:27:10.2351930Z lower 59 - complete real checker report preserved
checkpoint	Full first-slice gates and restored challenge	2026-09-11T18:27:10.2352224Z lower 60 - real checker GREEN
checkpoint	Full first-slice gates and restored challenge	2026-09-11T18:27:10.2352533Z lower 61 - revision namespace distinguishes unit and handles
checkpoint	Full first-slice gates and restored challenge	2026-09-11T18:27:10.2352919Z lower 62 - admitted input must produce SUCCESS: SUCCESS
checkpoint	Full first-slice gates and restored challenge	2026-09-11T18:27:10.2353250Z lower 63 - entire source evidence retained
checkpoint	Full first-slice gates and restored challenge	2026-09-11T18:27:10.2353525Z lower 64 - AIR 2 one unit
checkpoint	Full first-slice gates and restored challenge	2026-09-11T18:27:10.2353767Z lower 65 - available singular shape
checkpoint	Full first-slice gates and restored challenge	2026-09-11T18:27:10.2354065Z lower 66 - typed GOBACK must be Return, never Halt
checkpoint	Full first-slice gates and restored challenge	2026-09-11T18:27:10.2354370Z lower 67 - no return values
checkpoint	Full first-slice gates and restored challenge	2026-09-11T18:27:10.2354614Z lower 68 - closed known zero parameters
checkpoint	Full first-slice gates and restored challenge	2026-09-11T18:27:10.2354894Z lower 69 - closed known zero results
checkpoint	Full first-slice gates and restored challenge	2026-09-11T18:27:10.2355162Z lower 70 - total typed correlation
checkpoint	Full first-slice gates and restored challenge	2026-09-11T18:27:10.2355429Z lower 71 - entry identity correlation
checkpoint	Full first-slice gates and restored challenge	2026-09-11T18:27:10.2355734Z lower 72 - start correlation uses published reference
checkpoint	Full first-slice gates and restored challenge	2026-09-11T18:27:10.2356092Z lower 73 - start label join closes
checkpoint	Full first-slice gates and restored challenge	2026-09-11T18:27:10.2356524Z lower 74 - Return ID and provenance correlation
checkpoint	Full first-slice gates and restored challenge	2026-09-11T18:27:10.2356860Z lower 75 - alternative entry inventory stays PARTIAL
checkpoint	Full first-slice gates and restored challenge	2026-09-11T18:27:10.2357202Z lower 76 - alternate gap visible in AIR coverage
checkpoint	Full first-slice gates and restored challenge	2026-09-11T18:27:10.2358046Z lower 77 - entry and statement coverage retained
checkpoint	Full first-slice gates and restored challenge	2026-09-11T18:27:10.2358596Z lower 78 - local control exact
checkpoint	Full first-slice gates and restored challenge	2026-09-11T18:27:10.2358879Z lower 79 - no global strengthening STORAGE
checkpoint	Full first-slice gates and restored challenge	2026-09-11T18:27:10.2359181Z lower 80 - dimension reason present STORAGE
checkpoint	Full first-slice gates and restored challenge	2026-09-11T18:27:10.2359480Z lower 81 - no global strengthening EFFECTS
checkpoint	Full first-slice gates and restored challenge	2026-09-11T18:27:10.2359892Z lower 82 - dimension reason present EFFECTS
checkpoint	Full first-slice gates and restored challenge	2026-09-11T18:27:10.2360202Z lower 83 - no global strengthening VALUES
checkpoint	Full first-slice gates and restored challenge	2026-09-11T18:27:10.2360492Z lower 84 - dimension reason present VALUES
checkpoint	Full first-slice gates and restored challenge	2026-09-11T18:27:10.2360794Z lower 85 - no global strengthening DEPENDENCIES
checkpoint	Full first-slice gates and restored challenge	2026-09-11T18:27:10.2361124Z lower 86 - dimension reason present DEPENDENCIES
checkpoint	Full first-slice gates and restored challenge	2026-09-11T18:27:10.2361451Z lower 87 - zero DATA maps no storage declarations
checkpoint	Full first-slice gates and restored challenge	2026-09-11T18:27:10.2361955Z lower 88 - no unproved AIR profile claim
checkpoint	Full first-slice gates and restored challenge	2026-09-11T18:27:10.2362260Z lower 89 - complete real checker report preserved
checkpoint	Full first-slice gates and restored challenge	2026-09-11T18:27:10.2362558Z lower 90 - real checker GREEN
checkpoint	Full first-slice gates and restored challenge	2026-09-11T18:27:10.2362862Z lower 91 - revision namespace distinguishes unit and handles
checkpoint	Full first-slice gates and restored challenge	2026-09-11T18:27:10.2363242Z lower 92 - admitted input must produce SUCCESS: SUCCESS
checkpoint	Full first-slice gates and restored challenge	2026-09-11T18:27:10.2363570Z lower 93 - entire source evidence retained
checkpoint	Full first-slice gates and restored challenge	2026-09-11T18:27:10.2363843Z lower 94 - AIR 2 one unit
checkpoint	Full first-slice gates and restored challenge	2026-09-11T18:27:10.2364090Z lower 95 - available singular shape
checkpoint	Full first-slice gates and restored challenge	2026-09-11T18:27:10.2364381Z lower 96 - typed GOBACK must be Return, never Halt
checkpoint	Full first-slice gates and restored challenge	2026-09-11T18:27:10.2364688Z lower 97 - no return values
checkpoint	Full first-slice gates and restored challenge	2026-09-11T18:27:10.2364934Z lower 98 - closed known zero parameters
checkpoint	Full first-slice gates and restored challenge	2026-09-11T18:27:10.2365276Z lower 99 - closed known zero results
checkpoint	Full first-slice gates and restored challenge	2026-09-11T18:27:10.2365541Z lower 100 - total typed correlation
checkpoint	Full first-slice gates and restored challenge	2026-09-11T18:27:10.2365804Z lower 101 - entry identity correlation
checkpoint	Full first-slice gates and restored challenge	2026-09-11T18:27:10.2366120Z lower 102 - start correlation uses published reference
checkpoint	Full first-slice gates and restored challenge	2026-09-11T18:27:10.2366434Z lower 103 - start label join closes
checkpoint	Full first-slice gates and restored challenge	2026-09-11T18:27:10.2366721Z lower 104 - Return ID and provenance correlation
checkpoint	Full first-slice gates and restored challenge	2026-09-11T18:27:10.2367293Z lower 105 - alternative entry inventory stays PARTIAL
checkpoint	Full first-slice gates and restored challenge	2026-09-11T18:27:10.2368226Z lower 106 - alternate gap visible in AIR coverage
checkpoint	Full first-slice gates and restored challenge	2026-09-11T18:27:10.2368800Z lower 107 - entry and statement coverage retained
checkpoint	Full first-slice gates and restored challenge	2026-09-11T18:27:10.2369160Z lower 108 - local control exact
checkpoint	Full first-slice gates and restored challenge	2026-09-11T18:27:10.2369506Z lower 109 - no global strengthening STORAGE
checkpoint	Full first-slice gates and restored challenge	2026-09-11T18:27:10.2369939Z lower 110 - dimension reason present STORAGE
checkpoint	Full first-slice gates and restored challenge	2026-09-11T18:27:10.2370494Z lower 111 - no global strengthening EFFECTS
checkpoint	Full first-slice gates and restored challenge	2026-09-11T18:27:10.2371264Z lower 112 - dimension reason present EFFECTS
checkpoint	Full first-slice gates and restored challenge	2026-09-11T18:27:10.2371587Z lower 113 - no global strengthening VALUES
checkpoint	Full first-slice gates and restored challenge	2026-09-11T18:27:10.2371882Z lower 114 - dimension reason present VALUES
checkpoint	Full first-slice gates and restored challenge	2026-09-11T18:27:10.2372195Z lower 115 - no global strengthening DEPENDENCIES
checkpoint	Full first-slice gates and restored challenge	2026-09-11T18:27:10.2372528Z lower 116 - dimension reason present DEPENDENCIES
checkpoint	Full first-slice gates and restored challenge	2026-09-11T18:27:10.2372855Z lower 117 - zero DATA maps no storage declarations
checkpoint	Full first-slice gates and restored challenge	2026-09-11T18:27:10.2373163Z lower 118 - no unproved AIR profile claim
checkpoint	Full first-slice gates and restored challenge	2026-09-11T18:27:10.2373465Z lower 119 - complete real checker report preserved
checkpoint	Full first-slice gates and restored challenge	2026-09-11T18:27:10.2373762Z lower 120 - real checker GREEN
checkpoint	Full first-slice gates and restored challenge	2026-09-11T18:27:10.2374069Z lower 121 - revision namespace distinguishes unit and handles
checkpoint	Full first-slice gates and restored challenge	2026-09-11T18:27:10.2374457Z lower 122 - exact published GOBACK original coordinates
checkpoint	Full first-slice gates and restored challenge	2026-09-11T18:27:10.2374796Z lower 123 - explicit SP coordinate conventions
checkpoint	Full first-slice gates and restored challenge	2026-09-11T18:27:10.2375099Z lower 124 - golden exact without include
checkpoint	Full first-slice gates and restored challenge	2026-09-11T18:27:10.2375397Z lower 125 - auxiliary sequence origin derived
checkpoint	Full first-slice gates and restored challenge	2026-09-11T18:27:10.2375700Z lower 126 - entry and GOBACK distinct origins
checkpoint	Full first-slice gates and restored challenge	2026-09-11T18:27:10.2376009Z lower 127 - identity limit never publishes prefix
checkpoint	Full first-slice gates and restored challenge	2026-09-11T18:27:10.2376316Z lower 128 - exact identity bound succeeds
checkpoint	Full first-slice gates and restored challenge	2026-09-11T18:27:10.2376598Z lower 129 - invalid AIR never success
checkpoint	Full first-slice gates and restored challenge	2026-09-11T18:27:10.2376874Z lower 130 - invalid issues preserved
checkpoint	Full first-slice gates and restored challenge	2026-09-11T18:27:10.2377181Z lower 131 - semantic obligation preserved not proved
checkpoint	Full first-slice gates and restored challenge	2026-09-11T18:27:10.2377509Z lower 132 - real validation limit never success
checkpoint	Full first-slice gates and restored challenge	2026-09-11T18:27:10.2378173Z lower 133 - real operational resource issue preserved
checkpoint	Full first-slice gates and restored challenge	2026-09-11T18:27:10.2378543Z lower 134 - in-memory input always validated
checkpoint	Full first-slice gates and restored challenge	2026-09-11T18:27:10.2379131Z lower 135 - identity includes rule and semantic versions (independent XXH3-128 vector)
checkpoint	Full first-slice gates and restored challenge	2026-09-11T18:27:10.2379619Z lower 136 - admitted input must produce SUCCESS: SUCCESS
checkpoint	Full first-slice gates and restored challenge	2026-09-11T18:27:10.2380205Z lower 137 - entire source evidence retained
checkpoint	Full first-slice gates and restored challenge	2026-09-11T18:27:10.2380729Z lower 138 - AIR 2 one unit
checkpoint	Full first-slice gates and restored challenge	2026-09-11T18:27:10.2381184Z lower 139 - available singular shape
checkpoint	Full first-slice gates and restored challenge	2026-09-11T18:27:10.2381524Z lower 140 - typed GOBACK must be Return, never Halt
checkpoint	Full first-slice gates and restored challenge	2026-09-11T18:27:10.2381872Z lower 141 - no return values
checkpoint	Full first-slice gates and restored challenge	2026-09-11T18:27:10.2382211Z lower 142 - closed known zero parameters
checkpoint	Full first-slice gates and restored challenge	2026-09-11T18:27:10.2382918Z lower 143 - closed known zero results
checkpoint	Full first-slice gates and restored challenge	2026-09-11T18:27:10.2383406Z lower 144 - total typed correlation
checkpoint	Full first-slice gates and restored challenge	2026-09-11T18:27:10.2383890Z lower 145 - entry identity correlation
checkpoint	Full first-slice gates and restored challenge	2026-09-11T18:27:10.2384477Z lower 146 - start correlation uses published reference
checkpoint	Full first-slice gates and restored challenge	2026-09-11T18:27:10.2384864Z lower 147 - start label join closes
checkpoint	Full first-slice gates and restored challenge	2026-09-11T18:27:10.2385258Z lower 148 - Return ID and provenance correlation
checkpoint	Full first-slice gates and restored challenge	2026-09-11T18:27:10.2385641Z lower 149 - alternative entry inventory stays PARTIAL
checkpoint	Full first-slice gates and restored challenge	2026-09-11T18:27:10.2386268Z lower 150 - alternate gap visible in AIR coverage
checkpoint	Full first-slice gates and restored challenge	2026-09-11T18:27:10.2386857Z lower 151 - entry and statement coverage retained
checkpoint	Full first-slice gates and restored challenge	2026-09-11T18:27:10.2387394Z lower 152 - local control exact
checkpoint	Full first-slice gates and restored challenge	2026-09-11T18:27:10.2388175Z lower 153 - no global strengthening STORAGE
checkpoint	Full first-slice gates and restored challenge	2026-09-11T18:27:10.2388507Z lower 154 - dimension reason present STORAGE
checkpoint	Full first-slice gates and restored challenge	2026-09-11T18:27:10.2388813Z lower 155 - no global strengthening EFFECTS
checkpoint	Full first-slice gates and restored challenge	2026-09-11T18:27:10.2389107Z lower 156 - dimension reason present EFFECTS
checkpoint	Full first-slice gates and restored challenge	2026-09-11T18:27:10.2389412Z lower 157 - no global strengthening VALUES
checkpoint	Full first-slice gates and restored challenge	2026-09-11T18:27:10.2389708Z lower 158 - dimension reason present VALUES
checkpoint	Full first-slice gates and restored challenge	2026-09-11T18:27:10.2390014Z lower 159 - no global strengthening DEPENDENCIES
checkpoint	Full first-slice gates and restored challenge	2026-09-11T18:27:10.2390338Z lower 160 - dimension reason present DEPENDENCIES
checkpoint	Full first-slice gates and restored challenge	2026-09-11T18:27:10.2390666Z lower 161 - zero DATA maps no storage declarations
checkpoint	Full first-slice gates and restored challenge	2026-09-11T18:27:10.2390992Z lower 162 - no unproved AIR profile claim
checkpoint	Full first-slice gates and restored challenge	2026-09-11T18:27:10.2391304Z lower 163 - complete real checker report preserved
checkpoint	Full first-slice gates and restored challenge	2026-09-11T18:27:10.2391606Z lower 164 - real checker GREEN
checkpoint	Full first-slice gates and restored challenge	2026-09-11T18:27:10.2391917Z lower 165 - same unit new policy revision changes PublicationId
checkpoint	Full first-slice gates and restored challenge	2026-09-11T18:27:10.2392512Z lower 166 - admitted input must produce SUCCESS: SUCCESS
checkpoint	Full first-slice gates and restored challenge	2026-09-11T18:27:10.2392850Z lower 167 - entire source evidence retained
checkpoint	Full first-slice gates and restored challenge	2026-09-11T18:27:10.2393124Z lower 168 - AIR 2 one unit
checkpoint	Full first-slice gates and restored challenge	2026-09-11T18:27:10.2393366Z lower 169 - available singular shape
checkpoint	Full first-slice gates and restored challenge	2026-09-11T18:27:10.2393661Z lower 170 - typed GOBACK must be Return, never Halt
checkpoint	Full first-slice gates and restored challenge	2026-09-11T18:27:10.2393964Z lower 171 - no return values
checkpoint	Full first-slice gates and restored challenge	2026-09-11T18:27:10.2394211Z lower 172 - closed known zero parameters
checkpoint	Full first-slice gates and restored challenge	2026-09-11T18:27:10.2394487Z lower 173 - closed known zero results
checkpoint	Full first-slice gates and restored challenge	2026-09-11T18:27:10.2394753Z lower 174 - total typed correlation
checkpoint	Full first-slice gates and restored challenge	2026-09-11T18:27:10.2395018Z lower 175 - entry identity correlation
checkpoint	Full first-slice gates and restored challenge	2026-09-11T18:27:10.2395328Z lower 176 - start correlation uses published reference
checkpoint	Full first-slice gates and restored challenge	2026-09-11T18:27:10.2395653Z lower 177 - start label join closes
checkpoint	Full first-slice gates and restored challenge	2026-09-11T18:27:10.2395937Z lower 178 - Return ID and provenance correlation
checkpoint	Full first-slice gates and restored challenge	2026-09-11T18:27:10.2396275Z lower 179 - alternative entry inventory stays PARTIAL
checkpoint	Full first-slice gates and restored challenge	2026-09-11T18:27:10.2396612Z lower 180 - alternate gap visible in AIR coverage
checkpoint	Full first-slice gates and restored challenge	2026-09-11T18:27:10.2396939Z lower 181 - entry and statement coverage retained
checkpoint	Full first-slice gates and restored challenge	2026-09-11T18:27:10.2397232Z lower 182 - local control exact
checkpoint	Full first-slice gates and restored challenge	2026-09-11T18:27:10.2397497Z lower 183 - no global strengthening STORAGE
checkpoint	Full first-slice gates and restored challenge	2026-09-11T18:27:10.2398090Z lower 184 - dimension reason present STORAGE
checkpoint	Full first-slice gates and restored challenge	2026-09-11T18:27:10.2398439Z lower 185 - no global strengthening EFFECTS
checkpoint	Full first-slice gates and restored challenge	2026-09-11T18:27:10.2398745Z lower 186 - dimension reason present EFFECTS
checkpoint	Full first-slice gates and restored challenge	2026-09-11T18:27:10.2399040Z lower 187 - no global strengthening VALUES
checkpoint	Full first-slice gates and restored challenge	2026-09-11T18:27:10.2399329Z lower 188 - dimension reason present VALUES
checkpoint	Full first-slice gates and restored challenge	2026-09-11T18:27:10.2399631Z lower 189 - no global strengthening DEPENDENCIES
checkpoint	Full first-slice gates and restored challenge	2026-09-11T18:27:10.2399949Z lower 190 - dimension reason present DEPENDENCIES
checkpoint	Full first-slice gates and restored challenge	2026-09-11T18:27:10.2400270Z lower 191 - zero DATA maps no storage declarations
checkpoint	Full first-slice gates and restored challenge	2026-09-11T18:27:10.2400577Z lower 192 - no unproved AIR profile claim
checkpoint	Full first-slice gates and restored challenge	2026-09-11T18:27:10.2400878Z lower 193 - complete real checker report preserved
checkpoint	Full first-slice gates and restored challenge	2026-09-11T18:27:10.2401181Z lower 194 - real checker GREEN
checkpoint	Full first-slice gates and restored challenge	2026-09-11T18:27:10.2401498Z lower 195 - same unit new structural fact changes PublicationId
checkpoint	Full first-slice gates and restored challenge	2026-09-11T18:27:10.2401885Z lower 196 - admitted input must produce SUCCESS: SUCCESS
checkpoint	Full first-slice gates and restored challenge	2026-09-11T18:27:10.2402347Z lower 197 - entire source evidence retained
checkpoint	Full first-slice gates and restored challenge	2026-09-11T18:27:10.2402776Z lower 198 - AIR 2 one unit
checkpoint	Full first-slice gates and restored challenge	2026-09-11T18:27:10.2403014Z lower 199 - available singular shape
checkpoint	Full first-slice gates and restored challenge	2026-09-11T18:27:10.2403306Z lower 200 - typed GOBACK must be Return, never Halt
checkpoint	Full first-slice gates and restored challenge	2026-09-11T18:27:10.2403607Z lower 201 - no return values
checkpoint	Full first-slice gates and restored challenge	2026-09-11T18:27:10.2403858Z lower 202 - closed known zero parameters
checkpoint	Full first-slice gates and restored challenge	2026-09-11T18:27:10.2404135Z lower 203 - closed known zero results
checkpoint	Full first-slice gates and restored challenge	2026-09-11T18:27:10.2404409Z lower 204 - total typed correlation
checkpoint	Full first-slice gates and restored challenge	2026-09-11T18:27:10.2404670Z lower 205 - entry identity correlation
checkpoint	Full first-slice gates and restored challenge	2026-09-11T18:27:10.2404977Z lower 206 - start correlation uses published reference
checkpoint	Full first-slice gates and restored challenge	2026-09-11T18:27:10.2405287Z lower 207 - start label join closes
checkpoint	Full first-slice gates and restored challenge	2026-09-11T18:27:10.2405566Z lower 208 - Return ID and provenance correlation
checkpoint	Full first-slice gates and restored challenge	2026-09-11T18:27:10.2405906Z lower 209 - alternative entry inventory stays PARTIAL
checkpoint	Full first-slice gates and restored challenge	2026-09-11T18:27:10.2406238Z lower 210 - alternate gap visible in AIR coverage
checkpoint	Full first-slice gates and restored challenge	2026-09-11T18:27:10.2406558Z lower 211 - entry and statement coverage retained
checkpoint	Full first-slice gates and restored challenge	2026-09-11T18:27:10.2406852Z lower 212 - local control exact
checkpoint	Full first-slice gates and restored challenge	2026-09-11T18:27:10.2407128Z lower 213 - no global strengthening STORAGE
checkpoint	Full first-slice gates and restored challenge	2026-09-11T18:27:10.2407430Z lower 214 - dimension reason present STORAGE
checkpoint	Full first-slice gates and restored challenge	2026-09-11T18:27:10.2407977Z lower 215 - no global strengthening EFFECTS
checkpoint	Full first-slice gates and restored challenge	2026-09-11T18:27:10.2408286Z lower 216 - dimension reason present EFFECTS
checkpoint	Full first-slice gates and restored challenge	2026-09-11T18:27:10.2408579Z lower 217 - no global strengthening VALUES
checkpoint	Full first-slice gates and restored challenge	2026-09-11T18:27:10.2408864Z lower 218 - dimension reason present VALUES
checkpoint	Full first-slice gates and restored challenge	2026-09-11T18:27:10.2409162Z lower 219 - no global strengthening DEPENDENCIES
checkpoint	Full first-slice gates and restored challenge	2026-09-11T18:27:10.2409491Z lower 220 - dimension reason present DEPENDENCIES
checkpoint	Full first-slice gates and restored challenge	2026-09-11T18:27:10.2409820Z lower 221 - zero DATA maps no storage declarations
checkpoint	Full first-slice gates and restored challenge	2026-09-11T18:27:10.2410265Z lower 222 - no unproved AIR profile claim
checkpoint	Full first-slice gates and restored challenge	2026-09-11T18:27:10.2410578Z lower 223 - complete real checker report preserved
checkpoint	Full first-slice gates and restored challenge	2026-09-11T18:27:10.2410877Z lower 224 - real checker GREEN
checkpoint	Full first-slice gates and restored challenge	2026-09-11T18:27:10.2411181Z lower 225 - readiness scope is revision evidence not dropped
checkpoint	Full first-slice gates and restored challenge	2026-09-11T18:27:10.2411566Z lower 226 - admitted input must produce SUCCESS: SUCCESS
checkpoint	Full first-slice gates and restored challenge	2026-09-11T18:27:10.2411904Z lower 227 - entire source evidence retained
checkpoint	Full first-slice gates and restored challenge	2026-09-11T18:27:10.2412270Z lower 228 - AIR 2 one unit
checkpoint	Full first-slice gates and restored challenge	2026-09-11T18:27:10.2412577Z lower 229 - available singular shape
checkpoint	Full first-slice gates and restored challenge	2026-09-11T18:27:10.2412885Z lower 230 - typed GOBACK must be Return, never Halt
checkpoint	Full first-slice gates and restored challenge	2026-09-11T18:27:10.2413198Z lower 231 - no return values
checkpoint	Full first-slice gates and restored challenge	2026-09-11T18:27:10.2413460Z lower 232 - closed known zero parameters
checkpoint	Full first-slice gates and restored challenge	2026-09-11T18:27:10.2413842Z lower 233 - closed known zero results
checkpoint	Full first-slice gates and restored challenge	2026-09-11T18:27:10.2414337Z lower 234 - total typed correlation
checkpoint	Full first-slice gates and restored challenge	2026-09-11T18:27:10.2414838Z lower 235 - entry identity correlation
checkpoint	Full first-slice gates and restored challenge	2026-09-11T18:27:10.2415364Z lower 236 - start correlation uses published reference
checkpoint	Full first-slice gates and restored challenge	2026-09-11T18:27:10.2415710Z lower 237 - start label join closes
checkpoint	Full first-slice gates and restored challenge	2026-09-11T18:27:10.2415993Z lower 238 - Return ID and provenance correlation
checkpoint	Full first-slice gates and restored challenge	2026-09-11T18:27:10.2416412Z lower 239 - alternative entry inventory stays PARTIAL
checkpoint	Full first-slice gates and restored challenge	2026-09-11T18:27:10.2417040Z lower 240 - alternate gap visible in AIR coverage
checkpoint	Full first-slice gates and restored challenge	2026-09-11T18:27:10.2417576Z lower 241 - entry and statement coverage retained
checkpoint	Full first-slice gates and restored challenge	2026-09-11T18:27:10.2418236Z lower 242 - local control exact
checkpoint	Full first-slice gates and restored challenge	2026-09-11T18:27:10.2418507Z lower 243 - no global strengthening STORAGE
checkpoint	Full first-slice gates and restored challenge	2026-09-11T18:27:10.2418901Z lower 244 - dimension reason present STORAGE
checkpoint	Full first-slice gates and restored challenge	2026-09-11T18:27:10.2419243Z lower 245 - no global strengthening EFFECTS
checkpoint	Full first-slice gates and restored challenge	2026-09-11T18:27:10.2419542Z lower 246 - dimension reason present EFFECTS
checkpoint	Full first-slice gates and restored challenge	2026-09-11T18:27:10.2419838Z lower 247 - no global strengthening VALUES
checkpoint	Full first-slice gates and restored challenge	2026-09-11T18:27:10.2420125Z lower 248 - dimension reason present VALUES
checkpoint	Full first-slice gates and restored challenge	2026-09-11T18:27:10.2420432Z lower 249 - no global strengthening DEPENDENCIES
checkpoint	Full first-slice gates and restored challenge	2026-09-11T18:27:10.2420775Z lower 250 - dimension reason present DEPENDENCIES
checkpoint	Full first-slice gates and restored challenge	2026-09-11T18:27:10.2421097Z lower 251 - zero DATA maps no storage declarations
checkpoint	Full first-slice gates and restored challenge	2026-09-11T18:27:10.2421410Z lower 252 - no unproved AIR profile claim
checkpoint	Full first-slice gates and restored challenge	2026-09-11T18:27:10.2421715Z lower 253 - complete real checker report preserved
checkpoint	Full first-slice gates and restored challenge	2026-09-11T18:27:10.2422015Z lower 254 - real checker GREEN
checkpoint	Full first-slice gates and restored challenge	2026-09-11T18:27:10.2422512Z lower 255 - source provenance participates in revision
checkpoint	Full first-slice gates and restored challenge	2026-09-11T18:27:10.2422864Z lower 256 - original and expanded roles both preserved
checkpoint	Full first-slice gates and restored challenge	2026-09-11T18:27:10.2423290Z lower 257 - unrepresentable coordinates do not fabricate span or exactness
checkpoint	Full first-slice gates and restored challenge	2026-09-11T18:27:10.2423776Z lower 258 - include chain order retained without invented site columns
checkpoint	Full first-slice gates and restored challenge	2026-09-11T18:27:10.2424222Z lower 259 - logical source artifact not transport or fabricated digest
checkpoint	Full first-slice gates and restored challenge	2026-09-11T18:27:10.2424625Z lower 260 - provenance limitations explicitly reported
checkpoint	Full first-slice gates and restored challenge	2026-09-11T18:27:10.2424970Z lower 261 - raw include lines and coordinates retained
checkpoint	Full first-slice gates and restored challenge	2026-09-11T18:27:10.2425322Z lower 262 - admitted input must produce SUCCESS: SUCCESS
checkpoint	Full first-slice gates and restored challenge	2026-09-11T18:27:10.2425662Z lower 263 - entire source evidence retained
checkpoint	Full first-slice gates and restored challenge	2026-09-11T18:27:10.2425938Z lower 264 - AIR 2 one unit
checkpoint	Full first-slice gates and restored challenge	2026-09-11T18:27:10.2426178Z lower 265 - available singular shape
checkpoint	Full first-slice gates and restored challenge	2026-09-11T18:27:10.2426466Z lower 266 - typed GOBACK must be Return, never Halt
checkpoint	Full first-slice gates and restored challenge	2026-09-11T18:27:10.2426772Z lower 267 - no return values
checkpoint	Full first-slice gates and restored challenge	2026-09-11T18:27:10.2427016Z lower 268 - closed known zero parameters
checkpoint	Full first-slice gates and restored challenge	2026-09-11T18:27:10.2427289Z lower 269 - closed known zero results
checkpoint	Full first-slice gates and restored challenge	2026-09-11T18:27:10.2427557Z lower 270 - total typed correlation
checkpoint	Full first-slice gates and restored challenge	2026-09-11T18:27:10.2428107Z lower 271 - entry identity correlation
checkpoint	Full first-slice gates and restored challenge	2026-09-11T18:27:10.2428420Z lower 272 - start correlation uses published reference
checkpoint	Full first-slice gates and restored challenge	2026-09-11T18:27:10.2428728Z lower 273 - start label join closes
checkpoint	Full first-slice gates and restored challenge	2026-09-11T18:27:10.2429009Z lower 274 - Return ID and provenance correlation
checkpoint	Full first-slice gates and restored challenge	2026-09-11T18:27:10.2429346Z lower 275 - alternative entry inventory stays PARTIAL
checkpoint	Full first-slice gates and restored challenge	2026-09-11T18:27:10.2429685Z lower 276 - alternate gap visible in AIR coverage
checkpoint	Full first-slice gates and restored challenge	2026-09-11T18:27:10.2430144Z lower 277 - entry and statement coverage retained
checkpoint	Full first-slice gates and restored challenge	2026-09-11T18:27:10.2430439Z lower 278 - local control exact
checkpoint	Full first-slice gates and restored challenge	2026-09-11T18:27:10.2430705Z lower 279 - no global strengthening STORAGE
checkpoint	Full first-slice gates and restored challenge	2026-09-11T18:27:10.2431003Z lower 280 - dimension reason present STORAGE
checkpoint	Full first-slice gates and restored challenge	2026-09-11T18:27:10.2431322Z lower 281 - no global strengthening EFFECTS
checkpoint	Full first-slice gates and restored challenge	2026-09-11T18:27:10.2431624Z lower 282 - dimension reason present EFFECTS
checkpoint	Full first-slice gates and restored challenge	2026-09-11T18:27:10.2431926Z lower 283 - no global strengthening VALUES
checkpoint	Full first-slice gates and restored challenge	2026-09-11T18:27:10.2432218Z lower 284 - dimension reason present VALUES
checkpoint	Full first-slice gates and restored challenge	2026-09-11T18:27:10.2432530Z lower 285 - no global strengthening DEPENDENCIES
checkpoint	Full first-slice gates and restored challenge	2026-09-11T18:27:10.2432879Z lower 286 - dimension reason present DEPENDENCIES
checkpoint	Full first-slice gates and restored challenge	2026-09-11T18:27:10.2433214Z lower 287 - zero DATA maps no storage declarations
checkpoint	Full first-slice gates and restored challenge	2026-09-11T18:27:10.2433527Z lower 288 - no unproved AIR profile claim
checkpoint	Full first-slice gates and restored challenge	2026-09-11T18:27:10.2433840Z lower 289 - complete real checker report preserved
checkpoint	Full first-slice gates and restored challenge	2026-09-11T18:27:10.2434137Z lower 290 - real checker GREEN
checkpoint	Full first-slice gates and restored challenge	2026-09-11T18:27:10.2434435Z lower 291 - source provenance participates in revision
checkpoint	Full first-slice gates and restored challenge	2026-09-11T18:27:10.2434791Z lower 292 - original and expanded roles both preserved
checkpoint	Full first-slice gates and restored challenge	2026-09-11T18:27:10.2435208Z lower 293 - unrepresentable coordinates do not fabricate span or exactness
checkpoint	Full first-slice gates and restored challenge	2026-09-11T18:27:10.2435687Z lower 294 - include chain order retained without invented site columns
checkpoint	Full first-slice gates and restored challenge	2026-09-11T18:27:10.2436141Z lower 295 - logical source artifact not transport or fabricated digest
checkpoint	Full first-slice gates and restored challenge	2026-09-11T18:27:10.2436538Z lower 296 - provenance limitations explicitly reported
checkpoint	Full first-slice gates and restored challenge	2026-09-11T18:27:10.2436885Z lower 297 - raw include lines and coordinates retained
checkpoint	Full first-slice gates and restored challenge	2026-09-11T18:27:10.2437249Z lower 298 - length framed identity resists delimiter collision
checkpoint	Full first-slice gates and restored challenge	2026-09-11T18:27:10.2437610Z lower 299 - dangling start rejected before AIR
checkpoint	Full first-slice gates and restored challenge	2026-09-11T18:27:10.2438229Z lower 300 - same semantic admission and diagnostics in lower port
checkpoint	Full first-slice gates and restored challenge	2026-09-11T18:27:10.2438674Z lower 301 - larger input never lowered as selected prefix
checkpoint	Full first-slice gates and restored challenge	2026-09-11T18:27:10.2439019Z lower 302 - correlation immutable
checkpoint	Full first-slice gates and restored challenge	2026-09-11T18:27:10.2439271Z LOWER_TESTS=203444
checkpoint	Full first-slice gates and restored challenge	2026-09-11T18:27:10.2439470Z [INFO] 
checkpoint	Full first-slice gates and restored challenge	2026-09-11T18:27:10.2439729Z [INFO] --- jar:3.4.2:jar (default-jar) @ cobol-lower-core ---
checkpoint	Full first-slice gates and restored challenge	2026-09-11T18:27:10.2440314Z [INFO] Building jar: /home/runner/work/cobol-lower/cobol-lower/core/target/cobol-lower-core-0.1.0-SNAPSHOT.jar
checkpoint	Full first-slice gates and restored challenge	2026-09-11T18:27:10.2440945Z [INFO] 
checkpoint	Full first-slice gates and restored challenge	2026-09-11T18:27:10.2441264Z [INFO] --- jar:3.4.2:test-jar (independent-test-fixtures) @ cobol-lower-core ---
checkpoint	Full first-slice gates and restored challenge	2026-09-11T18:27:10.2441936Z [INFO] Building jar: /home/runner/work/cobol-lower/cobol-lower/core/target/cobol-lower-core-0.1.0-SNAPSHOT-tests.jar
checkpoint	Full first-slice gates and restored challenge	2026-09-11T18:27:10.2442465Z [INFO] 
checkpoint	Full first-slice gates and restored challenge	2026-09-11T18:27:10.2442765Z [INFO] -------------< io.github.gustavo2358:cobol-lower-adapters >-------------
checkpoint	Full first-slice gates and restored challenge	2026-09-11T18:27:10.2443269Z [INFO] Building cobol-lower-adapters 0.1.0-SNAPSHOT                       [3/3]
checkpoint	Full first-slice gates and restored challenge	2026-09-11T18:27:10.2443709Z [INFO]   from adapters/pom.xml
checkpoint	Full first-slice gates and restored challenge	2026-09-11T18:27:10.2444034Z [INFO] --------------------------------[ jar ]---------------------------------
checkpoint	Full first-slice gates and restored challenge	2026-09-11T18:27:10.2444376Z [INFO] 
checkpoint	Full first-slice gates and restored challenge	2026-09-11T18:27:10.2444699Z [INFO] --- resources:3.4.0:resources (default-resources) @ cobol-lower-adapters ---
checkpoint	Full first-slice gates and restored challenge	2026-09-11T18:27:10.2445350Z [INFO] skip non existing resourceDirectory /home/runner/work/cobol-lower/cobol-lower/adapters/src/main/resources
checkpoint	Full first-slice gates and restored challenge	2026-09-11T18:27:10.2445852Z [INFO] 
checkpoint	Full first-slice gates and restored challenge	2026-09-11T18:27:10.2446152Z [INFO] --- compiler:3.13.0:compile (default-compile) @ cobol-lower-adapters ---
checkpoint	Full first-slice gates and restored challenge	2026-09-11T18:27:10.2446616Z [INFO] Recompiling the module because of changed dependency.
checkpoint	Full first-slice gates and restored challenge	2026-09-11T18:27:10.2447071Z [INFO] Compiling 11 source files with javac [debug release 21] to target/classes
checkpoint	Full first-slice gates and restored challenge	2026-09-11T18:27:10.2447441Z [INFO] 
checkpoint	Full first-slice gates and restored challenge	2026-09-11T18:27:10.2448048Z [INFO] --- resources:3.4.0:testResources (default-testResources) @ cobol-lower-adapters ---
checkpoint	Full first-slice gates and restored challenge	2026-09-11T18:27:10.2448651Z [INFO] Copying 56 resources from src/test/resources to target/test-classes
checkpoint	Full first-slice gates and restored challenge	2026-09-11T18:27:10.2449016Z [INFO] 
checkpoint	Full first-slice gates and restored challenge	2026-09-11T18:27:10.2449353Z [INFO] --- compiler:3.13.0:testCompile (default-testCompile) @ cobol-lower-adapters ---
checkpoint	Full first-slice gates and restored challenge	2026-09-11T18:27:10.2449984Z [INFO] Recompiling the module because of changed dependency.
checkpoint	Full first-slice gates and restored challenge	2026-09-11T18:27:10.2450459Z [INFO] Compiling 13 source files with javac [debug release 21] to target/test-classes
checkpoint	Full first-slice gates and restored challenge	2026-09-11T18:27:10.2450853Z [INFO] 
checkpoint	Full first-slice gates and restored challenge	2026-09-11T18:27:10.2451139Z [INFO] --- surefire:3.5.4:test (default-test) @ cobol-lower-adapters ---
checkpoint	Full first-slice gates and restored challenge	2026-09-11T18:27:10.2451493Z [INFO] 
checkpoint	Full first-slice gates and restored challenge	2026-09-11T18:27:10.2451787Z [INFO] --- exec:3.5.0:java (decoder-contract-suite) @ cobol-lower-adapters ---
checkpoint	Full first-slice gates and restored challenge	2026-09-11T18:27:10.2452235Z SCALAR_PHYSICAL lines=60012 sp_bytes=5339 air_bytes=32237
checkpoint	Full first-slice gates and restored challenge	2026-09-11T18:27:10.2452925Z SCALAR_AIR bytes=32138 sha256=dd3bb4819282e609a97937ea01b7e202786e2c2d9ba9c8a1821a8b982eeb8788 publication=77ae4cc3ed75332c64011efce81c431b
checkpoint	Full first-slice gates and restored challenge	2026-09-11T18:27:10.2453647Z CALL_PLACEMENT_CHALLENGE=I-04; byte-exact restoration; second GREEN
checkpoint	Full first-slice gates and restored challenge	2026-09-11T18:27:10.2454028Z LOWER_CALL_INTEGRATION_TESTS=153
checkpoint	Full first-slice gates and restored challenge	2026-09-11T18:27:10.2454269Z LOWER_TESTS=431
checkpoint	Full first-slice gates and restored challenge	2026-09-11T18:27:10.2454467Z [INFO] 
checkpoint	Full first-slice gates and restored challenge	2026-09-11T18:27:10.2454752Z [INFO] --- exec:3.5.0:java (air-output-suite) @ cobol-lower-adapters ---
checkpoint	Full first-slice gates and restored challenge	2026-09-11T18:27:10.2455189Z LOCAL_ID_BIJECTION=20 id_occurrences=163 old_air_bytes=15720
checkpoint	Full first-slice gates and restored challenge	2026-09-11T18:27:10.2455522Z COMPACT_AIR_BYTES=13827
checkpoint	Full first-slice gates and restored challenge	2026-09-11T18:27:10.2455888Z PRODUCTION_SUCCESS_PROBE data=400 moves=400 sp_bytes=1071738 air_bytes=7616219 exit=0
checkpoint	Full first-slice gates and restored challenge	2026-09-11T18:27:10.2456311Z LOWER_PRODUCTION_TESTS=11
checkpoint	Full first-slice gates and restored challenge	2026-09-11T18:27:10.2456548Z LOWER_AIR_OUTPUT_TESTS=173
checkpoint	Full first-slice gates and restored challenge	2026-09-11T18:27:10.2456766Z [INFO] 
checkpoint	Full first-slice gates and restored challenge	2026-09-11T18:27:10.2457038Z [INFO] --- jar:3.4.2:jar (default-jar) @ cobol-lower-adapters ---
checkpoint	Full first-slice gates and restored challenge	2026-09-11T18:27:10.2457662Z [INFO] Building jar: /home/runner/work/cobol-lower/cobol-lower/adapters/target/cobol-lower-adapters-0.1.0-SNAPSHOT.jar
checkpoint	Full first-slice gates and restored challenge	2026-09-11T18:27:10.2458544Z [INFO] ------------------------------------------------------------------------
checkpoint	Full first-slice gates and restored challenge	2026-09-11T18:27:10.2458954Z [INFO] Reactor Summary for cobol-lower 0.1.0-SNAPSHOT:
checkpoint	Full first-slice gates and restored challenge	2026-09-11T18:27:10.2459251Z [INFO] 
checkpoint	Full first-slice gates and restored challenge	2026-09-11T18:27:10.2459535Z [INFO] cobol-lower ........................................ SUCCESS [  0.002 s]
checkpoint	Full first-slice gates and restored challenge	2026-09-11T18:27:10.2459994Z [INFO] cobol-lower-core ................................... SUCCESS [  5.171 s]
checkpoint	Full first-slice gates and restored challenge	2026-09-11T18:27:10.2460469Z [INFO] cobol-lower-adapters ............................... SUCCESS [  6.879 s]
checkpoint	Full first-slice gates and restored challenge	2026-09-11T18:27:10.2461091Z [INFO] ------------------------------------------------------------------------
checkpoint	Full first-slice gates and restored challenge	2026-09-11T18:27:10.2461432Z [INFO] BUILD SUCCESS
checkpoint	Full first-slice gates and restored challenge	2026-09-11T18:27:10.2461725Z [INFO] ------------------------------------------------------------------------
checkpoint	Full first-slice gates and restored challenge	2026-09-11T18:27:10.2462080Z [INFO] Total time:  12.171 s
checkpoint	Full first-slice gates and restored challenge	2026-09-11T18:27:10.2462418Z [INFO] Finished at: 2026-09-11T18:27:10Z
checkpoint	Full first-slice gates and restored challenge	2026-09-11T18:27:10.2462975Z [INFO] ------------------------------------------------------------------------
checkpoint	Full first-slice gates and restored challenge	2026-09-11T18:27:10.2463339Z SEMANTIC_TEST_COUNT=203875
checkpoint	Full first-slice gates and restored challenge	2026-09-11T18:27:10.2463585Z FULL_COMPONENT_PASS=semantic
checkpoint	Full first-slice gates and restored challenge	2026-09-11T18:27:57.6830560Z [INFO] Scanning for projects...
checkpoint	Full first-slice gates and restored challenge	2026-09-11T18:27:57.6831279Z [INFO] ------------------------------------------------------------------------
checkpoint	Full first-slice gates and restored challenge	2026-09-11T18:27:57.6831816Z [INFO] Reactor Build Order:
checkpoint	Full first-slice gates and restored challenge	2026-09-11T18:27:57.6832228Z [INFO] 
checkpoint	Full first-slice gates and restored challenge	2026-09-11T18:27:57.6832752Z [INFO] cobol-lower                                                        [pom]
checkpoint	Full first-slice gates and restored challenge	2026-09-11T18:27:57.6833553Z [INFO] cobol-lower-core                                                   [jar]
checkpoint	Full first-slice gates and restored challenge	2026-09-11T18:27:57.6834410Z [INFO] cobol-lower-adapters                                               [jar]
checkpoint	Full first-slice gates and restored challenge	2026-09-11T18:27:57.6835142Z [INFO] 
checkpoint	Full first-slice gates and restored challenge	2026-09-11T18:27:57.6835725Z [INFO] -----------------< io.github.gustavo2358:cobol-lower >------------------
checkpoint	Full first-slice gates and restored challenge	2026-09-11T18:27:57.6836598Z [INFO] Building cobol-lower 0.1.0-SNAPSHOT                                [1/3]
checkpoint	Full first-slice gates and restored challenge	2026-09-11T18:27:57.6837282Z [INFO]   from pom.xml
checkpoint	Full first-slice gates and restored challenge	2026-09-11T18:27:57.6838090Z [INFO] --------------------------------[ pom ]---------------------------------
checkpoint	Full first-slice gates and restored challenge	2026-09-11T18:27:57.6838695Z [INFO] 
checkpoint	Full first-slice gates and restored challenge	2026-09-11T18:27:57.6839194Z [INFO] ---------------< io.github.gustavo2358:cobol-lower-core >---------------
checkpoint	Full first-slice gates and restored challenge	2026-09-11T18:27:57.6840405Z [INFO] Building cobol-lower-core 0.1.0-SNAPSHOT                           [2/3]
checkpoint	Full first-slice gates and restored challenge	2026-09-11T18:27:57.6841061Z [INFO]   from core/pom.xml
checkpoint	Full first-slice gates and restored challenge	2026-09-11T18:27:57.6841395Z [INFO] --------------------------------[ jar ]---------------------------------
checkpoint	Full first-slice gates and restored challenge	2026-09-11T18:27:57.6841738Z [INFO] 
checkpoint	Full first-slice gates and restored challenge	2026-09-11T18:27:57.6842045Z [INFO] --- resources:3.4.0:resources (default-resources) @ cobol-lower-core ---
checkpoint	Full first-slice gates and restored challenge	2026-09-11T18:27:57.6842666Z [INFO] skip non existing resourceDirectory /home/runner/work/cobol-lower/cobol-lower/core/src/main/resources
checkpoint	Full first-slice gates and restored challenge	2026-09-11T18:27:57.6843155Z [INFO] 
checkpoint	Full first-slice gates and restored challenge	2026-09-11T18:27:57.6843453Z [INFO] --- compiler:3.13.0:compile (default-compile) @ cobol-lower-core ---
checkpoint	Full first-slice gates and restored challenge	2026-09-11T18:27:57.6843880Z [INFO] Nothing to compile - all classes are up to date.
checkpoint	Full first-slice gates and restored challenge	2026-09-11T18:27:57.6844182Z [INFO] 
checkpoint	Full first-slice gates and restored challenge	2026-09-11T18:27:57.6844509Z [INFO] --- resources:3.4.0:testResources (default-testResources) @ cobol-lower-core ---
checkpoint	Full first-slice gates and restored challenge	2026-09-11T18:27:57.6845157Z [INFO] skip non existing resourceDirectory /home/runner/work/cobol-lower/cobol-lower/core/src/test/resources
checkpoint	Full first-slice gates and restored challenge	2026-09-11T18:27:57.6845643Z [INFO] 
checkpoint	Full first-slice gates and restored challenge	2026-09-11T18:27:57.6845961Z [INFO] --- compiler:3.13.0:testCompile (default-testCompile) @ cobol-lower-core ---
checkpoint	Full first-slice gates and restored challenge	2026-09-11T18:27:57.6846527Z [INFO] Nothing to compile - all classes are up to date.
checkpoint	Full first-slice gates and restored challenge	2026-09-11T18:27:57.6846881Z [INFO] 
checkpoint	Full first-slice gates and restored challenge	2026-09-11T18:27:57.6847159Z [INFO] --- surefire:3.5.4:test (default-test) @ cobol-lower-core ---
checkpoint	Full first-slice gates and restored challenge	2026-09-11T18:27:57.6847497Z [INFO] 
checkpoint	Full first-slice gates and restored challenge	2026-09-11T18:27:57.6848173Z [INFO] --- exec:3.5.0:java (boundary-contract-suite) @ cobol-lower-core ---
checkpoint	Full first-slice gates and restored challenge	2026-09-11T18:27:57.6848900Z ok 1 - manual AIR accepted by real validator
checkpoint	Full first-slice gates and restored challenge	2026-09-11T18:27:57.6849280Z ok 2 - AIR 2.0.0
checkpoint	Full first-slice gates and restored challenge	2026-09-11T18:27:57.6849478Z ok 3 - one unit
checkpoint	Full first-slice gates and restored challenge	2026-09-11T18:27:57.6849675Z ok 4 - available body
checkpoint	Full first-slice gates and restored challenge	2026-09-11T18:27:57.6849899Z ok 5 - one entry and sequence
checkpoint	Full first-slice gates and restored challenge	2026-09-11T18:27:57.6850146Z ok 6 - entry label closes
checkpoint	Full first-slice gates and restored challenge	2026-09-11T18:27:57.6850380Z ok 7 - closed zero parameters
checkpoint	Full first-slice gates and restored challenge	2026-09-11T18:27:57.6850643Z ok 8 - closed zero results
checkpoint	Full first-slice gates and restored challenge	2026-09-11T18:27:57.6850875Z ok 9 - no common instructions
checkpoint	Full first-slice gates and restored challenge	2026-09-11T18:27:57.6851118Z ok 10 - expected Return, never Halt
checkpoint	Full first-slice gates and restored challenge	2026-09-11T18:27:57.6851374Z ok 11 - empty Return
checkpoint	Full first-slice gates and restored challenge	2026-09-11T18:27:57.6851627Z ok 12 - real validator rejects dangling label
checkpoint	Full first-slice gates and restored challenge	2026-09-11T18:27:57.6851982Z ok 13 - boundary must preserve INVALID_IR for dangling label
checkpoint	Full first-slice gates and restored challenge	2026-09-11T18:27:57.6852570Z ok 14 - boundary preserves complete result and issues
checkpoint	Full first-slice gates and restored challenge	2026-09-11T18:27:57.6852935Z ok 15 - profile fixture contains a real semantic obligation
checkpoint	Full first-slice gates and restored challenge	2026-09-11T18:27:57.6853278Z ok 16 - semantic obligations remain visible
checkpoint	Full first-slice gates and restored challenge	2026-09-11T18:27:57.6853622Z ok 17 - Halt can be valid AIR but is not the frozen Return shape
checkpoint	Full first-slice gates and restored challenge	2026-09-11T18:27:57.6853960Z ok 18 - publication immutable
checkpoint	Full first-slice gates and restored challenge	2026-09-11T18:27:57.6854238Z ok 19 - independent construction deterministic
checkpoint	Full first-slice gates and restored challenge	2026-09-11T18:27:57.6854538Z ok 20 - nonzero executed assertions
checkpoint	Full first-slice gates and restored challenge	2026-09-11T18:27:57.6854796Z LOWER_CALL_TESTS=623
checkpoint	Full first-slice gates and restored challenge	2026-09-11T18:27:57.6855029Z LOCAL_ID_CARDINALITY=100000 elapsed_ms=519
checkpoint	Full first-slice gates and restored challenge	2026-09-11T18:27:57.6855425Z LOCAL_ID_LONG_UTF16=1000000 streamed_bytes=4000169 max_buffer=256 elapsed_ms=61
checkpoint	Full first-slice gates and restored challenge	2026-09-11T18:27:57.6855988Z LOCAL_ID_PUBLIC_PORT_HANDLE=statement:2147483647 unit_key=100000 filename=100000 status=SUCCESS
checkpoint	Full first-slice gates and restored challenge	2026-09-11T18:27:57.6856429Z LOCAL_ID_TESTS=200362
checkpoint	Full first-slice gates and restored challenge	2026-09-11T18:27:57.6856652Z COMPACT_ID_TESTS=1678
checkpoint	Full first-slice gates and restored challenge	2026-09-11T18:27:57.6856916Z lower 1 - admitted input must produce SUCCESS: SUCCESS
checkpoint	Full first-slice gates and restored challenge	2026-09-11T18:27:57.6857250Z lower 2 - entire source evidence retained
checkpoint	Full first-slice gates and restored challenge	2026-09-11T18:27:57.6857531Z lower 3 - AIR 2 one unit
checkpoint	Full first-slice gates and restored challenge	2026-09-11T18:27:57.6858400Z lower 4 - available singular shape
checkpoint	Full first-slice gates and restored challenge	2026-09-11T18:27:57.6858716Z lower 5 - typed GOBACK must be Return, never Halt
checkpoint	Full first-slice gates and restored challenge	2026-09-11T18:27:57.6859024Z lower 6 - no return values
checkpoint	Full first-slice gates and restored challenge	2026-09-11T18:27:57.6859280Z lower 7 - closed known zero parameters
checkpoint	Full first-slice gates and restored challenge	2026-09-11T18:27:57.6859561Z lower 8 - closed known zero results
checkpoint	Full first-slice gates and restored challenge	2026-09-11T18:27:57.6859823Z lower 9 - total typed correlation
checkpoint	Full first-slice gates and restored challenge	2026-09-11T18:27:57.6860086Z lower 10 - entry identity correlation
checkpoint	Full first-slice gates and restored challenge	2026-09-11T18:27:57.6860565Z lower 11 - start correlation uses published reference
checkpoint	Full first-slice gates and restored challenge	2026-09-11T18:27:57.6860879Z lower 12 - start label join closes
checkpoint	Full first-slice gates and restored challenge	2026-09-11T18:27:57.6861168Z lower 13 - Return ID and provenance correlation
checkpoint	Full first-slice gates and restored challenge	2026-09-11T18:27:57.6861504Z lower 14 - alternative entry inventory stays PARTIAL
checkpoint	Full first-slice gates and restored challenge	2026-09-11T18:27:57.6861843Z lower 15 - alternate gap visible in AIR coverage
checkpoint	Full first-slice gates and restored challenge	2026-09-11T18:27:57.6862164Z lower 16 - entry and statement coverage retained
checkpoint	Full first-slice gates and restored challenge	2026-09-11T18:27:57.6862457Z lower 17 - local control exact
checkpoint	Full first-slice gates and restored challenge	2026-09-11T18:27:57.6862719Z lower 18 - no global strengthening STORAGE
checkpoint	Full first-slice gates and restored challenge	2026-09-11T18:27:57.6863012Z lower 19 - dimension reason present STORAGE
checkpoint	Full first-slice gates and restored challenge	2026-09-11T18:27:57.6863307Z lower 20 - no global strengthening EFFECTS
checkpoint	Full first-slice gates and restored challenge	2026-09-11T18:27:57.6863615Z lower 21 - dimension reason present EFFECTS
checkpoint	Full first-slice gates and restored challenge	2026-09-11T18:27:57.6863925Z lower 22 - no global strengthening VALUES
checkpoint	Full first-slice gates and restored challenge	2026-09-11T18:27:57.6864220Z lower 23 - dimension reason present VALUES
checkpoint	Full first-slice gates and restored challenge	2026-09-11T18:27:57.6864522Z lower 24 - no global strengthening DEPENDENCIES
checkpoint	Full first-slice gates and restored challenge	2026-09-11T18:27:57.6864861Z lower 25 - dimension reason present DEPENDENCIES
checkpoint	Full first-slice gates and restored challenge	2026-09-11T18:27:57.6865200Z lower 26 - zero DATA maps no storage declarations
checkpoint	Full first-slice gates and restored challenge	2026-09-11T18:27:57.6865508Z lower 27 - no unproved AIR profile claim
checkpoint	Full first-slice gates and restored challenge	2026-09-11T18:27:57.6865814Z lower 28 - complete real checker report preserved
checkpoint	Full first-slice gates and restored challenge	2026-09-11T18:27:57.6866120Z lower 29 - real checker GREEN
checkpoint	Full first-slice gates and restored challenge	2026-09-11T18:27:57.6866400Z lower 30 - independent construction deterministic
checkpoint	Full first-slice gates and restored challenge	2026-09-11T18:27:57.6866743Z lower 31 - operational metadata excluded from identity
checkpoint	Full first-slice gates and restored challenge	2026-09-11T18:27:57.6867108Z lower 32 - admitted input must produce SUCCESS: SUCCESS
checkpoint	Full first-slice gates and restored challenge	2026-09-11T18:27:57.6867441Z lower 33 - entire source evidence retained
checkpoint	Full first-slice gates and restored challenge	2026-09-11T18:27:57.6868699Z lower 34 - AIR 2 one unit
checkpoint	Full first-slice gates and restored challenge	2026-09-11T18:27:57.6868982Z lower 35 - available singular shape
checkpoint	Full first-slice gates and restored challenge	2026-09-11T18:27:57.6869283Z lower 36 - typed GOBACK must be Return, never Halt
checkpoint	Full first-slice gates and restored challenge	2026-09-11T18:27:57.6869586Z lower 37 - no return values
checkpoint	Full first-slice gates and restored challenge	2026-09-11T18:27:57.6869835Z lower 38 - closed known zero parameters
checkpoint	Full first-slice gates and restored challenge	2026-09-11T18:27:57.6870121Z lower 39 - closed known zero results
checkpoint	Full first-slice gates and restored challenge	2026-09-11T18:27:57.6870387Z lower 40 - total typed correlation
checkpoint	Full first-slice gates and restored challenge	2026-09-11T18:27:57.6870662Z lower 41 - entry identity correlation
checkpoint	Full first-slice gates and restored challenge	2026-09-11T18:27:57.6870968Z lower 42 - start correlation uses published reference
checkpoint	Full first-slice gates and restored challenge	2026-09-11T18:27:57.6871283Z lower 43 - start label join closes
checkpoint	Full first-slice gates and restored challenge	2026-09-11T18:27:57.6871739Z lower 44 - Return ID and provenance correlation
checkpoint	Full first-slice gates and restored challenge	2026-09-11T18:27:57.6872079Z lower 45 - alternative entry inventory stays PARTIAL
checkpoint	Full first-slice gates and restored challenge	2026-09-11T18:27:57.6872420Z lower 46 - alternate gap visible in AIR coverage
checkpoint	Full first-slice gates and restored challenge	2026-09-11T18:27:57.6872805Z lower 47 - entry and statement coverage retained
checkpoint	Full first-slice gates and restored challenge	2026-09-11T18:27:57.6873098Z lower 48 - local control exact
checkpoint	Full first-slice gates and restored challenge	2026-09-11T18:27:57.6873359Z lower 49 - no global strengthening STORAGE
checkpoint	Full first-slice gates and restored challenge	2026-09-11T18:27:57.6873666Z lower 50 - dimension reason present STORAGE
checkpoint	Full first-slice gates and restored challenge	2026-09-11T18:27:57.6873964Z lower 51 - no global strengthening EFFECTS
checkpoint	Full first-slice gates and restored challenge	2026-09-11T18:27:57.6874250Z lower 52 - dimension reason present EFFECTS
checkpoint	Full first-slice gates and restored challenge	2026-09-11T18:27:57.6874544Z lower 53 - no global strengthening VALUES
checkpoint	Full first-slice gates and restored challenge	2026-09-11T18:27:57.6874834Z lower 54 - dimension reason present VALUES
checkpoint	Full first-slice gates and restored challenge	2026-09-11T18:27:57.6875132Z lower 55 - no global strengthening DEPENDENCIES
checkpoint	Full first-slice gates and restored challenge	2026-09-11T18:27:57.6875462Z lower 56 - dimension reason present DEPENDENCIES
checkpoint	Full first-slice gates and restored challenge	2026-09-11T18:27:57.6875784Z lower 57 - zero DATA maps no storage declarations
checkpoint	Full first-slice gates and restored challenge	2026-09-11T18:27:57.6876101Z lower 58 - no unproved AIR profile claim
checkpoint	Full first-slice gates and restored challenge	2026-09-11T18:27:57.6876405Z lower 59 - complete real checker report preserved
checkpoint	Full first-slice gates and restored challenge	2026-09-11T18:27:57.6876699Z lower 60 - real checker GREEN
checkpoint	Full first-slice gates and restored challenge	2026-09-11T18:27:57.6877006Z lower 61 - revision namespace distinguishes unit and handles
checkpoint	Full first-slice gates and restored challenge	2026-09-11T18:27:57.6877389Z lower 62 - admitted input must produce SUCCESS: SUCCESS
checkpoint	Full first-slice gates and restored challenge	2026-09-11T18:27:57.6877948Z lower 63 - entire source evidence retained
checkpoint	Full first-slice gates and restored challenge	2026-09-11T18:27:57.6878236Z lower 64 - AIR 2 one unit
checkpoint	Full first-slice gates and restored challenge	2026-09-11T18:27:57.6878474Z lower 65 - available singular shape
checkpoint	Full first-slice gates and restored challenge	2026-09-11T18:27:57.6878762Z lower 66 - typed GOBACK must be Return, never Halt
checkpoint	Full first-slice gates and restored challenge	2026-09-11T18:27:57.6879206Z lower 67 - no return values
checkpoint	Full first-slice gates and restored challenge	2026-09-11T18:27:57.6879456Z lower 68 - closed known zero parameters
checkpoint	Full first-slice gates and restored challenge	2026-09-11T18:27:57.6879730Z lower 69 - closed known zero results
checkpoint	Full first-slice gates and restored challenge	2026-09-11T18:27:57.6879998Z lower 70 - total typed correlation
checkpoint	Full first-slice gates and restored challenge	2026-09-11T18:27:57.6880263Z lower 71 - entry identity correlation
checkpoint	Full first-slice gates and restored challenge	2026-09-11T18:27:57.6880592Z lower 72 - start correlation uses published reference
checkpoint	Full first-slice gates and restored challenge	2026-09-11T18:27:57.6880912Z lower 73 - start label join closes
checkpoint	Full first-slice gates and restored challenge	2026-09-11T18:27:57.6881204Z lower 74 - Return ID and provenance correlation
checkpoint	Full first-slice gates and restored challenge	2026-09-11T18:27:57.6881546Z lower 75 - alternative entry inventory stays PARTIAL
checkpoint	Full first-slice gates and restored challenge	2026-09-11T18:27:57.6881881Z lower 76 - alternate gap visible in AIR coverage
checkpoint	Full first-slice gates and restored challenge	2026-09-11T18:27:57.6882196Z lower 77 - entry and statement coverage retained
checkpoint	Full first-slice gates and restored challenge	2026-09-11T18:27:57.6882492Z lower 78 - local control exact
checkpoint	Full first-slice gates and restored challenge	2026-09-11T18:27:57.6882754Z lower 79 - no global strengthening STORAGE
checkpoint	Full first-slice gates and restored challenge	2026-09-11T18:27:57.6883052Z lower 80 - dimension reason present STORAGE
checkpoint	Full first-slice gates and restored challenge	2026-09-11T18:27:57.6883393Z lower 81 - no global strengthening EFFECTS
checkpoint	Full first-slice gates and restored challenge	2026-09-11T18:27:57.6883686Z lower 82 - dimension reason present EFFECTS
checkpoint	Full first-slice gates and restored challenge	2026-09-11T18:27:57.6883982Z lower 83 - no global strengthening VALUES
checkpoint	Full first-slice gates and restored challenge	2026-09-11T18:27:57.6884270Z lower 84 - dimension reason present VALUES
checkpoint	Full first-slice gates and restored challenge	2026-09-11T18:27:57.6884566Z lower 85 - no global strengthening DEPENDENCIES
checkpoint	Full first-slice gates and restored challenge	2026-09-11T18:27:57.6884890Z lower 86 - dimension reason present DEPENDENCIES
checkpoint	Full first-slice gates and restored challenge	2026-09-11T18:27:57.6885208Z lower 87 - zero DATA maps no storage declarations
checkpoint	Full first-slice gates and restored challenge	2026-09-11T18:27:57.6885514Z lower 88 - no unproved AIR profile claim
checkpoint	Full first-slice gates and restored challenge	2026-09-11T18:27:57.6885809Z lower 89 - complete real checker report preserved
checkpoint	Full first-slice gates and restored challenge	2026-09-11T18:27:57.6886104Z lower 90 - real checker GREEN
checkpoint	Full first-slice gates and restored challenge	2026-09-11T18:27:57.6886405Z lower 91 - revision namespace distinguishes unit and handles
checkpoint	Full first-slice gates and restored challenge	2026-09-11T18:27:57.6886785Z lower 92 - admitted input must produce SUCCESS: SUCCESS
checkpoint	Full first-slice gates and restored challenge	2026-09-11T18:27:57.6887112Z lower 93 - entire source evidence retained
checkpoint	Full first-slice gates and restored challenge	2026-09-11T18:27:57.6887382Z lower 94 - AIR 2 one unit
checkpoint	Full first-slice gates and restored challenge	2026-09-11T18:27:57.6887618Z lower 95 - available singular shape
checkpoint	Full first-slice gates and restored challenge	2026-09-11T18:27:57.6888291Z lower 96 - typed GOBACK must be Return, never Halt
checkpoint	Full first-slice gates and restored challenge	2026-09-11T18:27:57.6888598Z lower 97 - no return values
checkpoint	Full first-slice gates and restored challenge	2026-09-11T18:27:57.6888845Z lower 98 - closed known zero parameters
checkpoint	Full first-slice gates and restored challenge	2026-09-11T18:27:57.6889123Z lower 99 - closed known zero results
checkpoint	Full first-slice gates and restored challenge	2026-09-11T18:27:57.6889532Z lower 100 - total typed correlation
checkpoint	Full first-slice gates and restored challenge	2026-09-11T18:27:57.6889798Z lower 101 - entry identity correlation
checkpoint	Full first-slice gates and restored challenge	2026-09-11T18:27:57.6890117Z lower 102 - start correlation uses published reference
checkpoint	Full first-slice gates and restored challenge	2026-09-11T18:27:57.6890428Z lower 103 - start label join closes
checkpoint	Full first-slice gates and restored challenge	2026-09-11T18:27:57.6890708Z lower 104 - Return ID and provenance correlation
checkpoint	Full first-slice gates and restored challenge	2026-09-11T18:27:57.6891043Z lower 105 - alternative entry inventory stays PARTIAL
checkpoint	Full first-slice gates and restored challenge	2026-09-11T18:27:57.6891378Z lower 106 - alternate gap visible in AIR coverage
checkpoint	Full first-slice gates and restored challenge	2026-09-11T18:27:57.6891697Z lower 107 - entry and statement coverage retained
checkpoint	Full first-slice gates and restored challenge	2026-09-11T18:27:57.6891989Z lower 108 - local control exact
checkpoint	Full first-slice gates and restored challenge	2026-09-11T18:27:57.6892254Z lower 109 - no global strengthening STORAGE
checkpoint	Full first-slice gates and restored challenge	2026-09-11T18:27:57.6892559Z lower 110 - dimension reason present STORAGE
checkpoint	Full first-slice gates and restored challenge	2026-09-11T18:27:57.6892862Z lower 111 - no global strengthening EFFECTS
checkpoint	Full first-slice gates and restored challenge	2026-09-11T18:27:57.6893153Z lower 112 - dimension reason present EFFECTS
checkpoint	Full first-slice gates and restored challenge	2026-09-11T18:27:57.6893455Z lower 113 - no global strengthening VALUES
checkpoint	Full first-slice gates and restored challenge	2026-09-11T18:27:57.6893749Z lower 114 - dimension reason present VALUES
checkpoint	Full first-slice gates and restored challenge	2026-09-11T18:27:57.6894054Z lower 115 - no global strengthening DEPENDENCIES
checkpoint	Full first-slice gates and restored challenge	2026-09-11T18:27:57.6894379Z lower 116 - dimension reason present DEPENDENCIES
checkpoint	Full first-slice gates and restored challenge	2026-09-11T18:27:57.6894707Z lower 117 - zero DATA maps no storage declarations
checkpoint	Full first-slice gates and restored challenge	2026-09-11T18:27:57.6895023Z lower 118 - no unproved AIR profile claim
checkpoint	Full first-slice gates and restored challenge	2026-09-11T18:27:57.6895331Z lower 119 - complete real checker report preserved
checkpoint	Full first-slice gates and restored challenge	2026-09-11T18:27:57.6895641Z lower 120 - real checker GREEN
checkpoint	Full first-slice gates and restored challenge	2026-09-11T18:27:57.6895950Z lower 121 - revision namespace distinguishes unit and handles
checkpoint	Full first-slice gates and restored challenge	2026-09-11T18:27:57.6896339Z lower 122 - exact published GOBACK original coordinates
checkpoint	Full first-slice gates and restored challenge	2026-09-11T18:27:57.6896817Z lower 123 - explicit SP coordinate conventions
checkpoint	Full first-slice gates and restored challenge	2026-09-11T18:27:57.6897122Z lower 124 - golden exact without include
checkpoint	Full first-slice gates and restored challenge	2026-09-11T18:27:57.6897413Z lower 125 - auxiliary sequence origin derived
checkpoint	Full first-slice gates and restored challenge	2026-09-11T18:27:57.6897941Z lower 126 - entry and GOBACK distinct origins
checkpoint	Full first-slice gates and restored challenge	2026-09-11T18:27:57.6898327Z lower 127 - identity limit never publishes prefix
checkpoint	Full first-slice gates and restored challenge	2026-09-11T18:27:57.6898643Z lower 128 - exact identity bound succeeds
checkpoint	Full first-slice gates and restored challenge	2026-09-11T18:27:57.6898926Z lower 129 - invalid AIR never success
checkpoint	Full first-slice gates and restored challenge	2026-09-11T18:27:57.6899221Z lower 130 - invalid issues preserved
checkpoint	Full first-slice gates and restored challenge	2026-09-11T18:27:57.6899522Z lower 131 - semantic obligation preserved not proved
checkpoint	Full first-slice gates and restored challenge	2026-09-11T18:27:57.6899851Z lower 132 - real validation limit never success
checkpoint	Full first-slice gates and restored challenge	2026-09-11T18:27:57.6900185Z lower 133 - real operational resource issue preserved
checkpoint	Full first-slice gates and restored challenge	2026-09-11T18:27:57.6900511Z lower 134 - in-memory input always validated
checkpoint	Full first-slice gates and restored challenge	2026-09-11T18:27:57.6900930Z lower 135 - identity includes rule and semantic versions (independent XXH3-128 vector)
checkpoint	Full first-slice gates and restored challenge	2026-09-11T18:27:57.6901401Z lower 136 - admitted input must produce SUCCESS: SUCCESS
checkpoint	Full first-slice gates and restored challenge	2026-09-11T18:27:57.6901737Z lower 137 - entire source evidence retained
checkpoint	Full first-slice gates and restored challenge	2026-09-11T18:27:57.6902025Z lower 138 - AIR 2 one unit
checkpoint	Full first-slice gates and restored challenge	2026-09-11T18:27:57.6902263Z lower 139 - available singular shape
checkpoint	Full first-slice gates and restored challenge	2026-09-11T18:27:57.6902554Z lower 140 - typed GOBACK must be Return, never Halt
checkpoint	Full first-slice gates and restored challenge	2026-09-11T18:27:57.6902858Z lower 141 - no return values
checkpoint	Full first-slice gates and restored challenge	2026-09-11T18:27:57.6903110Z lower 142 - closed known zero parameters
checkpoint	Full first-slice gates and restored challenge	2026-09-11T18:27:57.6903393Z lower 143 - closed known zero results
checkpoint	Full first-slice gates and restored challenge	2026-09-11T18:27:57.6903660Z lower 144 - total typed correlation
checkpoint	Full first-slice gates and restored challenge	2026-09-11T18:27:57.6903927Z lower 145 - entry identity correlation
checkpoint	Full first-slice gates and restored challenge	2026-09-11T18:27:57.6904234Z lower 146 - start correlation uses published reference
checkpoint	Full first-slice gates and restored challenge	2026-09-11T18:27:57.6904548Z lower 147 - start label join closes
checkpoint	Full first-slice gates and restored challenge	2026-09-11T18:27:57.6904836Z lower 148 - Return ID and provenance correlation
checkpoint	Full first-slice gates and restored challenge	2026-09-11T18:27:57.6905171Z lower 149 - alternative entry inventory stays PARTIAL
checkpoint	Full first-slice gates and restored challenge	2026-09-11T18:27:57.6905504Z lower 150 - alternate gap visible in AIR coverage
checkpoint	Full first-slice gates and restored challenge	2026-09-11T18:27:57.6905828Z lower 151 - entry and statement coverage retained
checkpoint	Full first-slice gates and restored challenge	2026-09-11T18:27:57.6906122Z lower 152 - local control exact
checkpoint	Full first-slice gates and restored challenge	2026-09-11T18:27:57.6906381Z lower 153 - no global strengthening STORAGE
checkpoint	Full first-slice gates and restored challenge	2026-09-11T18:27:57.6906679Z lower 154 - dimension reason present STORAGE
checkpoint	Full first-slice gates and restored challenge	2026-09-11T18:27:57.6907113Z lower 155 - no global strengthening EFFECTS
checkpoint	Full first-slice gates and restored challenge	2026-09-11T18:27:57.6907411Z lower 156 - dimension reason present EFFECTS
checkpoint	Full first-slice gates and restored challenge	2026-09-11T18:27:57.6907922Z lower 157 - no global strengthening VALUES
checkpoint	Full first-slice gates and restored challenge	2026-09-11T18:27:57.6908255Z lower 158 - dimension reason present VALUES
checkpoint	Full first-slice gates and restored challenge	2026-09-11T18:27:57.6908561Z lower 159 - no global strengthening DEPENDENCIES
checkpoint	Full first-slice gates and restored challenge	2026-09-11T18:27:57.6908886Z lower 160 - dimension reason present DEPENDENCIES
checkpoint	Full first-slice gates and restored challenge	2026-09-11T18:27:57.6909208Z lower 161 - zero DATA maps no storage declarations
checkpoint	Full first-slice gates and restored challenge	2026-09-11T18:27:57.6909518Z lower 162 - no unproved AIR profile claim
checkpoint	Full first-slice gates and restored challenge	2026-09-11T18:27:57.6909821Z lower 163 - complete real checker report preserved
checkpoint	Full first-slice gates and restored challenge	2026-09-11T18:27:57.6910122Z lower 164 - real checker GREEN
checkpoint	Full first-slice gates and restored challenge	2026-09-11T18:27:57.6910440Z lower 165 - same unit new policy revision changes PublicationId
checkpoint	Full first-slice gates and restored challenge	2026-09-11T18:27:57.6910837Z lower 166 - admitted input must produce SUCCESS: SUCCESS
checkpoint	Full first-slice gates and restored challenge	2026-09-11T18:27:57.6911174Z lower 167 - entire source evidence retained
checkpoint	Full first-slice gates and restored challenge	2026-09-11T18:27:57.6911443Z lower 168 - AIR 2 one unit
checkpoint	Full first-slice gates and restored challenge	2026-09-11T18:27:57.6911690Z lower 169 - available singular shape
checkpoint	Full first-slice gates and restored challenge	2026-09-11T18:27:57.6911983Z lower 170 - typed GOBACK must be Return, never Halt
checkpoint	Full first-slice gates and restored challenge	2026-09-11T18:27:57.6912275Z lower 171 - no return values
checkpoint	Full first-slice gates and restored challenge	2026-09-11T18:27:57.6912521Z lower 172 - closed known zero parameters
checkpoint	Full first-slice gates and restored challenge	2026-09-11T18:27:57.6912796Z lower 173 - closed known zero results
checkpoint	Full first-slice gates and restored challenge	2026-09-11T18:27:57.6913060Z lower 174 - total typed correlation
checkpoint	Full first-slice gates and restored challenge	2026-09-11T18:27:57.6913331Z lower 175 - entry identity correlation
checkpoint	Full first-slice gates and restored challenge	2026-09-11T18:27:57.6913637Z lower 176 - start correlation uses published reference
checkpoint	Full first-slice gates and restored challenge	2026-09-11T18:27:57.6913949Z lower 177 - start label join closes
checkpoint	Full first-slice gates and restored challenge	2026-09-11T18:27:57.6914228Z lower 178 - Return ID and provenance correlation
checkpoint	Full first-slice gates and restored challenge	2026-09-11T18:27:57.6914700Z lower 179 - alternative entry inventory stays PARTIAL
checkpoint	Full first-slice gates and restored challenge	2026-09-11T18:27:57.6915031Z lower 180 - alternate gap visible in AIR coverage
checkpoint	Full first-slice gates and restored challenge	2026-09-11T18:27:57.6915348Z lower 181 - entry and statement coverage retained
checkpoint	Full first-slice gates and restored challenge	2026-09-11T18:27:57.6915639Z lower 182 - local control exact
checkpoint	Full first-slice gates and restored challenge	2026-09-11T18:27:57.6915899Z lower 183 - no global strengthening STORAGE
checkpoint	Full first-slice gates and restored challenge	2026-09-11T18:27:57.6916210Z lower 184 - dimension reason present STORAGE
checkpoint	Full first-slice gates and restored challenge	2026-09-11T18:27:57.6916504Z lower 185 - no global strengthening EFFECTS
checkpoint	Full first-slice gates and restored challenge	2026-09-11T18:27:57.6916799Z lower 186 - dimension reason present EFFECTS
checkpoint	Full first-slice gates and restored challenge	2026-09-11T18:27:57.6917094Z lower 187 - no global strengthening VALUES
checkpoint	Full first-slice gates and restored challenge	2026-09-11T18:27:57.6917383Z lower 188 - dimension reason present VALUES
checkpoint	Full first-slice gates and restored challenge	2026-09-11T18:27:57.6917925Z lower 189 - no global strengthening DEPENDENCIES
checkpoint	Full first-slice gates and restored challenge	2026-09-11T18:27:57.6918349Z lower 190 - dimension reason present DEPENDENCIES
checkpoint	Full first-slice gates and restored challenge	2026-09-11T18:27:57.6918684Z lower 191 - zero DATA maps no storage declarations
checkpoint	Full first-slice gates and restored challenge	2026-09-11T18:27:57.6918995Z lower 192 - no unproved AIR profile claim
checkpoint	Full first-slice gates and restored challenge	2026-09-11T18:27:57.6919329Z lower 193 - complete real checker report preserved
checkpoint	Full first-slice gates and restored challenge	2026-09-11T18:27:57.6919633Z lower 194 - real checker GREEN
checkpoint	Full first-slice gates and restored challenge	2026-09-11T18:27:57.6919948Z lower 195 - same unit new structural fact changes PublicationId
checkpoint	Full first-slice gates and restored challenge	2026-09-11T18:27:57.6920340Z lower 196 - admitted input must produce SUCCESS: SUCCESS
checkpoint	Full first-slice gates and restored challenge	2026-09-11T18:27:57.6920682Z lower 197 - entire source evidence retained
checkpoint	Full first-slice gates and restored challenge	2026-09-11T18:27:57.6920960Z lower 198 - AIR 2 one unit
checkpoint	Full first-slice gates and restored challenge	2026-09-11T18:27:57.6921198Z lower 199 - available singular shape
checkpoint	Full first-slice gates and restored challenge	2026-09-11T18:27:57.6921492Z lower 200 - typed GOBACK must be Return, never Halt
checkpoint	Full first-slice gates and restored challenge	2026-09-11T18:27:57.6921792Z lower 201 - no return values
checkpoint	Full first-slice gates and restored challenge	2026-09-11T18:27:57.6922042Z lower 202 - closed known zero parameters
checkpoint	Full first-slice gates and restored challenge	2026-09-11T18:27:57.6922333Z lower 203 - closed known zero results
checkpoint	Full first-slice gates and restored challenge	2026-09-11T18:27:57.6922601Z lower 204 - total typed correlation
checkpoint	Full first-slice gates and restored challenge	2026-09-11T18:27:57.6922867Z lower 205 - entry identity correlation
checkpoint	Full first-slice gates and restored challenge	2026-09-11T18:27:57.6923177Z lower 206 - start correlation uses published reference
checkpoint	Full first-slice gates and restored challenge	2026-09-11T18:27:57.6923498Z lower 207 - start label join closes
checkpoint	Full first-slice gates and restored challenge	2026-09-11T18:27:57.6923781Z lower 208 - Return ID and provenance correlation
checkpoint	Full first-slice gates and restored challenge	2026-09-11T18:27:57.6924116Z lower 209 - alternative entry inventory stays PARTIAL
checkpoint	Full first-slice gates and restored challenge	2026-09-11T18:27:57.6924452Z lower 210 - alternate gap visible in AIR coverage
checkpoint	Full first-slice gates and restored challenge	2026-09-11T18:27:57.6924996Z lower 211 - entry and statement coverage retained
checkpoint	Full first-slice gates and restored challenge	2026-09-11T18:27:57.6925295Z lower 212 - local control exact
checkpoint	Full first-slice gates and restored challenge	2026-09-11T18:27:57.6925555Z lower 213 - no global strengthening STORAGE
checkpoint	Full first-slice gates and restored challenge	2026-09-11T18:27:57.6925850Z lower 214 - dimension reason present STORAGE
checkpoint	Full first-slice gates and restored challenge	2026-09-11T18:27:57.6926143Z lower 215 - no global strengthening EFFECTS
checkpoint	Full first-slice gates and restored challenge	2026-09-11T18:27:57.6926434Z lower 216 - dimension reason present EFFECTS
checkpoint	Full first-slice gates and restored challenge	2026-09-11T18:27:57.6926725Z lower 217 - no global strengthening VALUES
checkpoint	Full first-slice gates and restored challenge	2026-09-11T18:27:57.6927016Z lower 218 - dimension reason present VALUES
checkpoint	Full first-slice gates and restored challenge	2026-09-11T18:27:57.6927316Z lower 219 - no global strengthening DEPENDENCIES
checkpoint	Full first-slice gates and restored challenge	2026-09-11T18:27:57.6927637Z lower 220 - dimension reason present DEPENDENCIES
checkpoint	Full first-slice gates and restored challenge	2026-09-11T18:27:57.6928231Z lower 221 - zero DATA maps no storage declarations
checkpoint	Full first-slice gates and restored challenge	2026-09-11T18:27:57.6928546Z lower 222 - no unproved AIR profile claim
checkpoint	Full first-slice gates and restored challenge	2026-09-11T18:27:57.6928849Z lower 223 - complete real checker report preserved
checkpoint	Full first-slice gates and restored challenge	2026-09-11T18:27:57.6929148Z lower 224 - real checker GREEN
checkpoint	Full first-slice gates and restored challenge	2026-09-11T18:27:57.6929458Z lower 225 - readiness scope is revision evidence not dropped
checkpoint	Full first-slice gates and restored challenge	2026-09-11T18:27:57.6929842Z lower 226 - admitted input must produce SUCCESS: SUCCESS
checkpoint	Full first-slice gates and restored challenge	2026-09-11T18:27:57.6930176Z lower 227 - entire source evidence retained
checkpoint	Full first-slice gates and restored challenge	2026-09-11T18:27:57.6930454Z lower 228 - AIR 2 one unit
checkpoint	Full first-slice gates and restored challenge	2026-09-11T18:27:57.6930692Z lower 229 - available singular shape
checkpoint	Full first-slice gates and restored challenge	2026-09-11T18:27:57.6930992Z lower 230 - typed GOBACK must be Return, never Halt
checkpoint	Full first-slice gates and restored challenge	2026-09-11T18:27:57.6931295Z lower 231 - no return values
checkpoint	Full first-slice gates and restored challenge	2026-09-11T18:27:57.6931545Z lower 232 - closed known zero parameters
checkpoint	Full first-slice gates and restored challenge	2026-09-11T18:27:57.6931823Z lower 233 - closed known zero results
checkpoint	Full first-slice gates and restored challenge	2026-09-11T18:27:57.6932089Z lower 234 - total typed correlation
checkpoint	Full first-slice gates and restored challenge	2026-09-11T18:27:57.6932512Z lower 235 - entry identity correlation
checkpoint	Full first-slice gates and restored challenge	2026-09-11T18:27:57.6940925Z lower 236 - start correlation uses published reference
checkpoint	Full first-slice gates and restored challenge	2026-09-11T18:27:57.6941419Z lower 237 - start label join closes
checkpoint	Full first-slice gates and restored challenge	2026-09-11T18:27:57.6941742Z lower 238 - Return ID and provenance correlation
checkpoint	Full first-slice gates and restored challenge	2026-09-11T18:27:57.6942128Z lower 239 - alternative entry inventory stays PARTIAL
checkpoint	Full first-slice gates and restored challenge	2026-09-11T18:27:57.6942479Z lower 240 - alternate gap visible in AIR coverage
checkpoint	Full first-slice gates and restored challenge	2026-09-11T18:27:57.6942816Z lower 241 - entry and statement coverage retained
checkpoint	Full first-slice gates and restored challenge	2026-09-11T18:27:57.6943115Z lower 242 - local control exact
checkpoint	Full first-slice gates and restored challenge	2026-09-11T18:27:57.6943383Z lower 243 - no global strengthening STORAGE
checkpoint	Full first-slice gates and restored challenge	2026-09-11T18:27:57.6943691Z lower 244 - dimension reason present STORAGE
checkpoint	Full first-slice gates and restored challenge	2026-09-11T18:27:57.6944002Z lower 245 - no global strengthening EFFECTS
checkpoint	Full first-slice gates and restored challenge	2026-09-11T18:27:57.6944301Z lower 246 - dimension reason present EFFECTS
checkpoint	Full first-slice gates and restored challenge	2026-09-11T18:27:57.6944601Z lower 247 - no global strengthening VALUES
checkpoint	Full first-slice gates and restored challenge	2026-09-11T18:27:57.6944897Z lower 248 - dimension reason present VALUES
checkpoint	Full first-slice gates and restored challenge	2026-09-11T18:27:57.6945226Z lower 249 - no global strengthening DEPENDENCIES
checkpoint	Full first-slice gates and restored challenge	2026-09-11T18:27:57.6945563Z lower 250 - dimension reason present DEPENDENCIES
checkpoint	Full first-slice gates and restored challenge	2026-09-11T18:27:57.6945895Z lower 251 - zero DATA maps no storage declarations
checkpoint	Full first-slice gates and restored challenge	2026-09-11T18:27:57.6946213Z lower 252 - no unproved AIR profile claim
checkpoint	Full first-slice gates and restored challenge	2026-09-11T18:27:57.6946530Z lower 253 - complete real checker report preserved
checkpoint	Full first-slice gates and restored challenge	2026-09-11T18:27:57.6946834Z lower 254 - real checker GREEN
checkpoint	Full first-slice gates and restored challenge	2026-09-11T18:27:57.6947132Z lower 255 - source provenance participates in revision
checkpoint	Full first-slice gates and restored challenge	2026-09-11T18:27:57.6947487Z lower 256 - original and expanded roles both preserved
checkpoint	Full first-slice gates and restored challenge	2026-09-11T18:27:57.6948241Z lower 257 - unrepresentable coordinates do not fabricate span or exactness
checkpoint	Full first-slice gates and restored challenge	2026-09-11T18:27:57.6948735Z lower 258 - include chain order retained without invented site columns
checkpoint	Full first-slice gates and restored challenge	2026-09-11T18:27:57.6949205Z lower 259 - logical source artifact not transport or fabricated digest
checkpoint	Full first-slice gates and restored challenge	2026-09-11T18:27:57.6949629Z lower 260 - provenance limitations explicitly reported
checkpoint	Full first-slice gates and restored challenge	2026-09-11T18:27:57.6949994Z lower 261 - raw include lines and coordinates retained
checkpoint	Full first-slice gates and restored challenge	2026-09-11T18:27:57.6950358Z lower 262 - admitted input must produce SUCCESS: SUCCESS
checkpoint	Full first-slice gates and restored challenge	2026-09-11T18:27:57.6950694Z lower 263 - entire source evidence retained
checkpoint	Full first-slice gates and restored challenge	2026-09-11T18:27:57.6950981Z lower 264 - AIR 2 one unit
checkpoint	Full first-slice gates and restored challenge	2026-09-11T18:27:57.6951428Z lower 265 - available singular shape
checkpoint	Full first-slice gates and restored challenge	2026-09-11T18:27:57.6951733Z lower 266 - typed GOBACK must be Return, never Halt
checkpoint	Full first-slice gates and restored challenge	2026-09-11T18:27:57.6952048Z lower 267 - no return values
checkpoint	Full first-slice gates and restored challenge	2026-09-11T18:27:57.6952300Z lower 268 - closed known zero parameters
checkpoint	Full first-slice gates and restored challenge	2026-09-11T18:27:57.6952586Z lower 269 - closed known zero results
checkpoint	Full first-slice gates and restored challenge	2026-09-11T18:27:57.6952853Z lower 270 - total typed correlation
checkpoint	Full first-slice gates and restored challenge	2026-09-11T18:27:57.6953130Z lower 271 - entry identity correlation
checkpoint	Full first-slice gates and restored challenge	2026-09-11T18:27:57.6953441Z lower 272 - start correlation uses published reference
checkpoint	Full first-slice gates and restored challenge	2026-09-11T18:27:57.6953761Z lower 273 - start label join closes
checkpoint	Full first-slice gates and restored challenge	2026-09-11T18:27:57.6954047Z lower 274 - Return ID and provenance correlation
checkpoint	Full first-slice gates and restored challenge	2026-09-11T18:27:57.6954392Z lower 275 - alternative entry inventory stays PARTIAL
checkpoint	Full first-slice gates and restored challenge	2026-09-11T18:27:57.6954726Z lower 276 - alternate gap visible in AIR coverage
checkpoint	Full first-slice gates and restored challenge	2026-09-11T18:27:57.6955058Z lower 277 - entry and statement coverage retained
checkpoint	Full first-slice gates and restored challenge	2026-09-11T18:27:57.6955353Z lower 278 - local control exact
checkpoint	Full first-slice gates and restored challenge	2026-09-11T18:27:57.6955620Z lower 279 - no global strengthening STORAGE
checkpoint	Full first-slice gates and restored challenge	2026-09-11T18:27:57.6955937Z lower 280 - dimension reason present STORAGE
checkpoint	Full first-slice gates and restored challenge	2026-09-11T18:27:57.6956230Z lower 281 - no global strengthening EFFECTS
checkpoint	Full first-slice gates and restored challenge	2026-09-11T18:27:57.6956521Z lower 282 - dimension reason present EFFECTS
checkpoint	Full first-slice gates and restored challenge	2026-09-11T18:27:57.6956817Z lower 283 - no global strengthening VALUES
checkpoint	Full first-slice gates and restored challenge	2026-09-11T18:27:57.6957105Z lower 284 - dimension reason present VALUES
checkpoint	Full first-slice gates and restored challenge	2026-09-11T18:27:57.6957411Z lower 285 - no global strengthening DEPENDENCIES
checkpoint	Full first-slice gates and restored challenge	2026-09-11T18:27:57.6958013Z lower 286 - dimension reason present DEPENDENCIES
checkpoint	Full first-slice gates and restored challenge	2026-09-11T18:27:57.6958366Z lower 287 - zero DATA maps no storage declarations
checkpoint	Full first-slice gates and restored challenge	2026-09-11T18:27:57.6958680Z lower 288 - no unproved AIR profile claim
checkpoint	Full first-slice gates and restored challenge	2026-09-11T18:27:57.6959146Z lower 289 - complete real checker report preserved
checkpoint	Full first-slice gates and restored challenge	2026-09-11T18:27:57.6959449Z lower 290 - real checker GREEN
checkpoint	Full first-slice gates and restored challenge	2026-09-11T18:27:57.6959744Z lower 291 - source provenance participates in revision
checkpoint	Full first-slice gates and restored challenge	2026-09-11T18:27:57.6960101Z lower 292 - original and expanded roles both preserved
checkpoint	Full first-slice gates and restored challenge	2026-09-11T18:27:57.6960524Z lower 293 - unrepresentable coordinates do not fabricate span or exactness
checkpoint	Full first-slice gates and restored challenge	2026-09-11T18:27:57.6960998Z lower 294 - include chain order retained without invented site columns
checkpoint	Full first-slice gates and restored challenge	2026-09-11T18:27:57.6961461Z lower 295 - logical source artifact not transport or fabricated digest
checkpoint	Full first-slice gates and restored challenge	2026-09-11T18:27:57.6961867Z lower 296 - provenance limitations explicitly reported
checkpoint	Full first-slice gates and restored challenge	2026-09-11T18:27:57.6962214Z lower 297 - raw include lines and coordinates retained
checkpoint	Full first-slice gates and restored challenge	2026-09-11T18:27:57.6962589Z lower 298 - length framed identity resists delimiter collision
checkpoint	Full first-slice gates and restored challenge	2026-09-11T18:27:57.6962951Z lower 299 - dangling start rejected before AIR
checkpoint	Full first-slice gates and restored challenge	2026-09-11T18:27:57.6963317Z lower 300 - same semantic admission and diagnostics in lower port
checkpoint	Full first-slice gates and restored challenge	2026-09-11T18:27:57.6963721Z lower 301 - larger input never lowered as selected prefix
checkpoint	Full first-slice gates and restored challenge	2026-09-11T18:27:57.6964049Z lower 302 - correlation immutable
checkpoint	Full first-slice gates and restored challenge	2026-09-11T18:27:57.6964557Z PERFORMANCE_CORE n=1 visits=16 references=2 provenance=6 elapsed_ns=68297 java=21.0.12.1 os=Linux heap_used=136671192
checkpoint	Full first-slice gates and restored challenge	2026-09-11T18:27:57.6965350Z PERFORMANCE_CORE n=64 visits=457 references=65 provenance=195 elapsed_ns=618539 java=21.0.12.1 os=Linux heap_used=137719768
checkpoint	Full first-slice gates and restored challenge	2026-09-11T18:27:57.6966143Z PERFORMANCE_CORE n=128 visits=905 references=129 provenance=387 elapsed_ns=1174201 java=21.0.12.1 os=Linux heap_used=137719768
checkpoint	Full first-slice gates and restored challenge	2026-09-11T18:27:57.6966948Z PERFORMANCE_CORE n=1024 visits=7177 references=1025 provenance=3075 elapsed_ns=7896672 java=21.0.12.1 os=Linux heap_used=140865496
checkpoint	Full first-slice gates and restored challenge	2026-09-11T18:27:57.6967915Z PERFORMANCE_CORE n=2048 visits=14345 references=2049 provenance=6147 elapsed_ns=4635918 java=21.0.12.1 os=Linux heap_used=144011224
checkpoint	Full first-slice gates and restored challenge	2026-09-11T18:27:57.6968753Z SCALAR_SCALE data=1000 moves=1000 objects=1000 cells=1000 assigns=1000 visits=24016 references=7003 elapsed_nanos=284185571
checkpoint	Full first-slice gates and restored challenge	2026-09-11T18:27:57.6969541Z SCALAR_SCALE data=2000 moves=2000 objects=2000 cells=2000 assigns=2000 visits=48016 references=14003 elapsed_nanos=335282477
checkpoint	Full first-slice gates and restored challenge	2026-09-11T18:27:57.6970299Z SCALAR_SCALE data=1 moves=10000 objects=1 cells=1 assigns=10000 visits=190021 references=70003 elapsed_nanos=908573753
checkpoint	Full first-slice gates and restored challenge	2026-09-11T18:27:57.6970978Z CALL_SCALE n=500 visits=13533 references=3509
checkpoint	Full first-slice gates and restored challenge	2026-09-11T18:27:57.6971292Z CALL_SCALE n=1000 visits=27033 references=7009
checkpoint	Full first-slice gates and restored challenge	2026-09-11T18:27:57.6971576Z LOWER_TESTS=203500
checkpoint	Full first-slice gates and restored challenge	2026-09-11T18:27:57.6971796Z LOWER_PERFORMANCE_TESTS=56
checkpoint	Full first-slice gates and restored challenge	2026-09-11T18:27:57.6972024Z [INFO] 
checkpoint	Full first-slice gates and restored challenge	2026-09-11T18:27:57.6972283Z [INFO] --- jar:3.4.2:jar (default-jar) @ cobol-lower-core ---
checkpoint	Full first-slice gates and restored challenge	2026-09-11T18:27:57.6972607Z [INFO] 
checkpoint	Full first-slice gates and restored challenge	2026-09-11T18:27:57.6972913Z [INFO] --- jar:3.4.2:test-jar (independent-test-fixtures) @ cobol-lower-core ---
checkpoint	Full first-slice gates and restored challenge	2026-09-11T18:27:57.6973290Z [INFO] 
checkpoint	Full first-slice gates and restored challenge	2026-09-11T18:27:57.6973581Z [INFO] -------------< io.github.gustavo2358:cobol-lower-adapters >-------------
checkpoint	Full first-slice gates and restored challenge	2026-09-11T18:27:57.6974080Z [INFO] Building cobol-lower-adapters 0.1.0-SNAPSHOT                       [3/3]
checkpoint	Full first-slice gates and restored challenge	2026-09-11T18:27:57.6974477Z [INFO]   from adapters/pom.xml
checkpoint	Full first-slice gates and restored challenge	2026-09-11T18:27:57.6974795Z [INFO] --------------------------------[ jar ]---------------------------------
checkpoint	Full first-slice gates and restored challenge	2026-09-11T18:27:57.6975131Z [INFO] 
checkpoint	Full first-slice gates and restored challenge	2026-09-11T18:27:57.6975454Z [INFO] --- resources:3.4.0:resources (default-resources) @ cobol-lower-adapters ---
checkpoint	Full first-slice gates and restored challenge	2026-09-11T18:27:57.6976102Z [INFO] skip non existing resourceDirectory /home/runner/work/cobol-lower/cobol-lower/adapters/src/main/resources
checkpoint	Full first-slice gates and restored challenge	2026-09-11T18:27:57.6976595Z [INFO] 
checkpoint	Full first-slice gates and restored challenge	2026-09-11T18:27:57.6976893Z [INFO] --- compiler:3.13.0:compile (default-compile) @ cobol-lower-adapters ---
checkpoint	Full first-slice gates and restored challenge	2026-09-11T18:27:57.6977333Z [INFO] Nothing to compile - all classes are up to date.
checkpoint	Full first-slice gates and restored challenge	2026-09-11T18:27:57.6977634Z [INFO] 
checkpoint	Full first-slice gates and restored challenge	2026-09-11T18:27:57.6978136Z [INFO] --- resources:3.4.0:testResources (default-testResources) @ cobol-lower-adapters ---
checkpoint	Full first-slice gates and restored challenge	2026-09-11T18:27:57.6978676Z [INFO] Copying 56 resources from src/test/resources to target/test-classes
checkpoint	Full first-slice gates and restored challenge	2026-09-11T18:27:57.6979167Z [INFO] 
checkpoint	Full first-slice gates and restored challenge	2026-09-11T18:27:57.6979496Z [INFO] --- compiler:3.13.0:testCompile (default-testCompile) @ cobol-lower-adapters ---
checkpoint	Full first-slice gates and restored challenge	2026-09-11T18:27:57.6979959Z [INFO] Nothing to compile - all classes are up to date.
checkpoint	Full first-slice gates and restored challenge	2026-09-11T18:27:57.6980253Z [INFO] 
checkpoint	Full first-slice gates and restored challenge	2026-09-11T18:27:57.6980536Z [INFO] --- surefire:3.5.4:test (default-test) @ cobol-lower-adapters ---
checkpoint	Full first-slice gates and restored challenge	2026-09-11T18:27:57.6980900Z [INFO] 
checkpoint	Full first-slice gates and restored challenge	2026-09-11T18:27:57.6981195Z [INFO] --- exec:3.5.0:java (decoder-contract-suite) @ cobol-lower-adapters ---
checkpoint	Full first-slice gates and restored challenge	2026-09-11T18:27:57.6981629Z SCALAR_PHYSICAL lines=60012 sp_bytes=5339 air_bytes=32237
checkpoint	Full first-slice gates and restored challenge	2026-09-11T18:27:57.6982297Z SCALAR_AIR bytes=32138 sha256=dd3bb4819282e609a97937ea01b7e202786e2c2d9ba9c8a1821a8b982eeb8788 publication=77ae4cc3ed75332c64011efce81c431b
checkpoint	Full first-slice gates and restored challenge	2026-09-11T18:27:57.6983000Z CALL_PLACEMENT_CHALLENGE=I-04; byte-exact restoration; second GREEN
checkpoint	Full first-slice gates and restored challenge	2026-09-11T18:27:57.6983369Z LOWER_CALL_INTEGRATION_TESTS=153
checkpoint	Full first-slice gates and restored challenge	2026-09-11T18:27:57.6983872Z PERFORMANCE_DECODER n=1 bytes=2663 nodes=119 physical=117 elapsed_ns=10659482 java=21.0.12.1 os=Linux heap_used=232834656
checkpoint	Full first-slice gates and restored challenge	2026-09-11T18:27:57.6984653Z PERFORMANCE_DECODER n=64 bytes=50267 nodes=2450 physical=2322 elapsed_ns=22984638 java=21.0.12.1 os=Linux heap_used=241223264
checkpoint	Full first-slice gates and restored challenge	2026-09-11T18:27:57.6985447Z PERFORMANCE_DECODER n=128 bytes=98738 nodes=4818 physical=4562 elapsed_ns=39278081 java=21.0.12.1 os=Linux heap_used=256951904
checkpoint	Full first-slice gates and restored challenge	2026-09-11T18:27:57.6986262Z PERFORMANCE_DECODER n=1024 bytes=778877 nodes=37970 physical=35922 elapsed_ns=174978236 java=21.0.12.1 os=Linux heap_used=375440992
checkpoint	Full first-slice gates and restored challenge	2026-09-11T18:27:57.6987105Z PERFORMANCE_DECODER n=2048 bytes=1559165 nodes=75858 physical=71762 elapsed_ns=295285771 java=21.0.12.1 os=Linux heap_used=337009312
checkpoint	Full first-slice gates and restored challenge	2026-09-11T18:27:57.6987648Z LOWER_TESTS=471
checkpoint	Full first-slice gates and restored challenge	2026-09-11T18:27:57.6988132Z LOWER_PERFORMANCE_TESTS=40
checkpoint	Full first-slice gates and restored challenge	2026-09-11T18:27:57.6988365Z [INFO] 
checkpoint	Full first-slice gates and restored challenge	2026-09-11T18:27:57.6988653Z [INFO] --- exec:3.5.0:java (air-output-suite) @ cobol-lower-adapters ---
checkpoint	Full first-slice gates and restored challenge	2026-09-11T18:27:57.6989103Z LOCAL_ID_BIJECTION=20 id_occurrences=163 old_air_bytes=15720
checkpoint	Full first-slice gates and restored challenge	2026-09-11T18:27:57.6989450Z COMPACT_AIR_BYTES=13827
checkpoint	Full first-slice gates and restored challenge	2026-09-11T18:27:57.6989874Z SCALAR_AIR_SCALE data=250 moves=250 objects=250 cells=250 assigns=250 bytes=4766996 elapsed_nanos=569292498
checkpoint	Full first-slice gates and restored challenge	2026-09-11T18:27:57.6990534Z SCALAR_AIR_SCALE data=500 moves=500 objects=500 cells=500 assigns=500 bytes=9521746 elapsed_nanos=646316654
checkpoint	Full first-slice gates and restored challenge	2026-09-11T18:27:57.6991301Z SCALAR_AIR_SCALE data=1 moves=1000 objects=1 cells=1 assigns=1000 bytes=11212321
checkpoint	Full first-slice gates and restored challenge	2026-09-11T18:27:57.6991829Z PRODUCTION_SUCCESS_PROBE data=400 moves=400 sp_bytes=1071738 air_bytes=7616219 exit=0
checkpoint	Full first-slice gates and restored challenge	2026-09-11T18:27:57.6992408Z PRODUCTION_MEASUREMENT sp_bytes=18809400 nodes=1050154 physical_values=1030152 entities=190021
checkpoint	Full first-slice gates and restored challenge	2026-09-11T18:27:57.6993075Z PRODUCTION_CAPACITY_PROBE data=1 moves=10000 exit=0 air_bytes=112117041 prior_debt=RESOLVED_BY_UPSTREAM_BASELINE
checkpoint	Full first-slice gates and restored challenge	2026-09-11T18:27:57.6993914Z CAPACITY_SP moves=20000 bytes=38179536 nodes=2100154 container_depth=7 sha256=202ce49d1a632ab2997bd8d9beb0300c4c81bfd6935e0cdfa64a564a844f3a3e
checkpoint	Full first-slice gates and restored challenge	2026-09-11T18:27:57.6995076Z CAPACITY_AIR moves=20000 data=1 statements=20001 operands=40000 entities=380021 references=140003 origins=240013 publication=66cf27c9e8562a9a8d46624b2412d512 shared_validator=PASS relational_oracle=PASS
checkpoint	Full first-slice gates and restored challenge	2026-09-11T18:27:57.6996419Z CAPACITY_AIR moves=20000 data=1 statements=20001 operands=40000 entities=380021 references=140003 origins=240013 publication=66cf27c9e8562a9a8d46624b2412d512 shared_validator=PASS relational_oracle=PASS
checkpoint	Full first-slice gates and restored challenge	2026-09-11T18:27:57.6997361Z CAPACITY_DETERMINISM=PASS complete Publication equality; no AIR codec override
checkpoint	Full first-slice gates and restored challenge	2026-09-11T18:27:57.6997914Z LOWER_CAPACITY_TESTS=11
checkpoint	Full first-slice gates and restored challenge	2026-09-11T18:27:57.6998184Z CAPACITY_STRING bytes=33559606 chars=33554433 PASS
checkpoint	Full first-slice gates and restored challenge	2026-09-11T18:27:57.6998484Z LOWER_PRODUCTION_TESTS=24
checkpoint	Full first-slice gates and restored challenge	2026-09-11T18:27:57.6998720Z LOWER_AIR_OUTPUT_TESTS=190
checkpoint	Full first-slice gates and restored challenge	2026-09-11T18:27:57.6998939Z [INFO] 
checkpoint	Full first-slice gates and restored challenge	2026-09-11T18:27:57.6999209Z [INFO] --- jar:3.4.2:jar (default-jar) @ cobol-lower-adapters ---
checkpoint	Full first-slice gates and restored challenge	2026-09-11T18:27:57.6999634Z [INFO] ------------------------------------------------------------------------
checkpoint	Full first-slice gates and restored challenge	2026-09-11T18:27:57.7000173Z [INFO] Reactor Summary for cobol-lower 0.1.0-SNAPSHOT:
checkpoint	Full first-slice gates and restored challenge	2026-09-11T18:27:57.7000475Z [INFO] 
checkpoint	Full first-slice gates and restored challenge	2026-09-11T18:27:57.7000753Z [INFO] cobol-lower ........................................ SUCCESS [  0.002 s]
checkpoint	Full first-slice gates and restored challenge	2026-09-11T18:27:57.7001219Z [INFO] cobol-lower-core ................................... SUCCESS [  4.076 s]
checkpoint	Full first-slice gates and restored challenge	2026-09-11T18:27:57.7001699Z [INFO] cobol-lower-adapters ............................... SUCCESS [ 41.973 s]
checkpoint	Full first-slice gates and restored challenge	2026-09-11T18:27:57.7002148Z [INFO] ------------------------------------------------------------------------
checkpoint	Full first-slice gates and restored challenge	2026-09-11T18:27:57.7002483Z [INFO] BUILD SUCCESS
checkpoint	Full first-slice gates and restored challenge	2026-09-11T18:27:57.7002762Z [INFO] ------------------------------------------------------------------------
checkpoint	Full first-slice gates and restored challenge	2026-09-11T18:27:57.7003106Z [INFO] Total time:  46.169 s
checkpoint	Full first-slice gates and restored challenge	2026-09-11T18:27:57.7003358Z [INFO] Finished at: 2026-09-11T18:27:57Z
checkpoint	Full first-slice gates and restored challenge	2026-09-11T18:27:57.7003690Z [INFO] ------------------------------------------------------------------------
checkpoint	Full first-slice gates and restored challenge	2026-09-11T18:27:57.7004040Z SEMANTIC_TEST_COUNT=203971
checkpoint	Full first-slice gates and restored challenge	2026-09-11T18:27:57.7004283Z PERFORMANCE_TEST_COUNT=96
checkpoint	Full first-slice gates and restored challenge	2026-09-11T18:27:57.7004527Z FULL_COMPONENT_PASS=performance
checkpoint	Full first-slice gates and restored challenge	2026-09-11T18:27:59.9261743Z [INFO] Scanning for projects...
checkpoint	Full first-slice gates and restored challenge	2026-09-11T18:27:59.9262320Z [INFO] 
checkpoint	Full first-slice gates and restored challenge	2026-09-11T18:27:59.9262866Z [INFO] ---------------< io.github.gustavo2358:cobol-lower-core >---------------
checkpoint	Full first-slice gates and restored challenge	2026-09-11T18:27:59.9263723Z [INFO] Building cobol-lower-core 0.1.0-SNAPSHOT
checkpoint	Full first-slice gates and restored challenge	2026-09-11T18:27:59.9264283Z [INFO]   from pom.xml
checkpoint	Full first-slice gates and restored challenge	2026-09-11T18:27:59.9264835Z [INFO] --------------------------------[ jar ]---------------------------------
checkpoint	Full first-slice gates and restored challenge	2026-09-11T18:27:59.9265512Z [INFO] 
checkpoint	Full first-slice gates and restored challenge	2026-09-11T18:27:59.9266092Z [INFO] --- dependency:3.8.1:tree (default-cli) @ cobol-lower-core ---
checkpoint	Full first-slice gates and restored challenge	2026-09-11T18:27:59.9267295Z [INFO] Wrote dependency tree to: /home/runner/work/cobol-lower/cobol-lower/core/target/dependency-tree.json
checkpoint	Full first-slice gates and restored challenge	2026-09-11T18:27:59.9268914Z [INFO] ------------------------------------------------------------------------
checkpoint	Full first-slice gates and restored challenge	2026-09-11T18:27:59.9269666Z [INFO] BUILD SUCCESS
checkpoint	Full first-slice gates and restored challenge	2026-09-11T18:27:59.9270227Z [INFO] ------------------------------------------------------------------------
checkpoint	Full first-slice gates and restored challenge	2026-09-11T18:27:59.9270898Z [INFO] Total time:  0.944 s
checkpoint	Full first-slice gates and restored challenge	2026-09-11T18:27:59.9271378Z [INFO] Finished at: 2026-09-11T18:27:59Z
checkpoint	Full first-slice gates and restored challenge	2026-09-11T18:27:59.9272059Z [INFO] ------------------------------------------------------------------------
checkpoint	Full first-slice gates and restored challenge	2026-09-11T18:29:14.4237833Z FULL_COMPONENT_PASS=architecture
checkpoint	Full first-slice gates and restored challenge	2026-09-11T18:29:15.2300475Z {"autoMergeRequest": null, "baseRefName": "main", "headRefName": "feat/cp6-w1c-call-lowering", "headRefOid": "989637a7fd840f43aaf04abce299c839b82fcb55", "isDraft": true, "mergeCommit": null, "number": 11, "reviewDecision": "", "state": "OPEN", "url": "https://github.com/Gustavo2358/cobol-lower/pull/11"}
checkpoint	Full first-slice gates and restored challenge	2026-09-11T18:29:15.2302329Z FULL_COMPONENT_PASS=git
checkpoint	Full first-slice gates and restored challenge	2026-09-11T18:29:59.9781848Z test_call_suites_cannot_be_skipped (test_air_output_gate.AirOutputGate.test_call_suites_cannot_be_skipped) ... ok
checkpoint	Full first-slice gates and restored challenge	2026-09-11T18:29:59.9783253Z test_capacity_proof_is_mandatory_in_performance (test_air_output_gate.AirOutputGate.test_capacity_proof_is_mandatory_in_performance) ... ok
checkpoint	Full first-slice gates and restored challenge	2026-09-11T18:29:59.9784821Z test_core_codec_maven_is_forbidden (test_air_output_gate.AirOutputGate.test_core_codec_maven_is_forbidden) ... ok
checkpoint	Full first-slice gates and restored challenge	2026-09-11T18:29:59.9786244Z test_core_codec_source_is_forbidden (test_air_output_gate.AirOutputGate.test_core_codec_source_is_forbidden) ... ok
checkpoint	Full first-slice gates and restored challenge	2026-09-11T18:29:59.9788153Z test_missing_zero_or_duplicate_suite_rejected (test_air_output_gate.AirOutputGate.test_missing_zero_or_duplicate_suite_rejected) ... ok
checkpoint	Full first-slice gates and restored challenge	2026-09-11T18:29:59.9789550Z test_output_suite_present (test_air_output_gate.AirOutputGate.test_output_suite_present) ... ok
checkpoint	Full first-slice gates and restored challenge	2026-09-11T18:29:59.9791061Z test_production_limit_order_is_mandatory_in_performance (test_air_output_gate.AirOutputGate.test_production_limit_order_is_mandatory_in_performance) ... ok
checkpoint	Full first-slice gates and restored challenge	2026-09-11T18:29:59.9792753Z test_production_probe_is_mandatory (test_air_output_gate.AirOutputGate.test_production_probe_is_mandatory) ... ok
checkpoint	Full first-slice gates and restored challenge	2026-09-11T18:29:59.9794275Z test_w1b_tree_receipt_must_match_pin (test_air_output_gate.AirOutputGate.test_w1b_tree_receipt_must_match_pin) ... ok
checkpoint	Full first-slice gates and restored challenge	2026-09-11T18:29:59.9795438Z test_copied_codec_ownership (test_air_output_gate.OutputOwnership.test_copied_codec_ownership) ... ok
checkpoint	Full first-slice gates and restored challenge	2026-09-11T18:29:59.9796149Z test_shaded_and_bundled_codec (test_air_output_gate.OutputOwnership.test_shaded_and_bundled_codec) ... ok
checkpoint	Full first-slice gates and restored challenge	2026-09-11T18:29:59.9796918Z test_shared_codec_cannot_be_test_only (test_air_output_gate.OutputOwnership.test_shared_codec_cannot_be_test_only) ... ok
checkpoint	Full first-slice gates and restored challenge	2026-09-11T18:29:59.9797682Z test_class_retention_annotation (test_architecture.Architecture.test_class_retention_annotation) ... ok
checkpoint	Full first-slice gates and restored challenge	2026-09-11T18:29:59.9798718Z test_compiled_api_and_internal_use (test_architecture.Architecture.test_compiled_api_and_internal_use) ... ok
checkpoint	Full first-slice gates and restored challenge	2026-09-11T18:29:59.9799384Z test_dependency_tree (test_architecture.Architecture.test_dependency_tree) ... ok
checkpoint	Full first-slice gates and restored challenge	2026-09-11T18:29:59.9800024Z test_hash4j_dependency_is_pinned (test_architecture.Architecture.test_hash4j_dependency_is_pinned) ... ok
checkpoint	Full first-slice gates and restored challenge	2026-09-11T18:29:59.9800723Z test_identity_hash_vocabulary (test_architecture.Architecture.test_identity_hash_vocabulary) ... ok
checkpoint	Full first-slice gates and restored challenge	2026-09-11T18:29:59.9801356Z test_shared_vocabulary (test_architecture.Architecture.test_shared_vocabulary) ... ok
checkpoint	Full first-slice gates and restored challenge	2026-09-11T18:29:59.9801973Z test_source_counterexamples (test_architecture.Architecture.test_source_counterexamples) ... ok
checkpoint	Full first-slice gates and restored challenge	2026-09-11T18:29:59.9802594Z test_baseline_not_green (test_certificate.Certification.test_baseline_not_green) ... ok
checkpoint	Full first-slice gates and restored challenge	2026-09-11T18:29:59.9803235Z test_controlled_complete_record (test_certificate.Certification.test_controlled_complete_record) ... ok
checkpoint	Full first-slice gates and restored challenge	2026-09-11T18:29:59.9803943Z test_duplicate_review_identity (test_certificate.Certification.test_duplicate_review_identity) ... ok
checkpoint	Full first-slice gates and restored challenge	2026-09-11T18:29:59.9804621Z test_false_independent_review (test_certificate.Certification.test_false_independent_review) ... ok
checkpoint	Full first-slice gates and restored challenge	2026-09-11T18:29:59.9805246Z test_freeze_incomplete (test_certificate.Certification.test_freeze_incomplete) ... ok
checkpoint	Full first-slice gates and restored challenge	2026-09-11T18:29:59.9805953Z test_freeze_normative_reference_removed (test_certificate.Certification.test_freeze_normative_reference_removed) ... ok
checkpoint	Full first-slice gates and restored challenge	2026-09-11T18:29:59.9806608Z test_gate_absent (test_certificate.Certification.test_gate_absent) ... ok
checkpoint	Full first-slice gates and restored challenge	2026-09-11T18:29:59.9807168Z test_gate_set_cannot_shrink (test_certificate.Certification.test_gate_set_cannot_shrink) ... ok
checkpoint	Full first-slice gates and restored challenge	2026-09-11T18:29:59.9808238Z test_missing_log (test_certificate.Certification.test_missing_log) ... ok
checkpoint	Full first-slice gates and restored challenge	2026-09-11T18:29:59.9808770Z test_regression_absent (test_certificate.Certification.test_regression_absent) ... ok
checkpoint	Full first-slice gates and restored challenge	2026-09-11T18:29:59.9809412Z test_regression_missing_semantic (test_certificate.Certification.test_regression_missing_semantic) ... ok
checkpoint	Full first-slice gates and restored challenge	2026-09-11T18:29:59.9810115Z test_required_null_field_missing (test_certificate.Certification.test_required_null_field_missing) ... ok
checkpoint	Full first-slice gates and restored challenge	2026-09-11T18:29:59.9810818Z test_required_result_not_success (test_certificate.Certification.test_required_result_not_success) ... ok
checkpoint	Full first-slice gates and restored challenge	2026-09-11T18:29:59.9811464Z test_restoration_digest (test_certificate.Certification.test_restoration_digest) ... ok
checkpoint	Full first-slice gates and restored challenge	2026-09-11T18:29:59.9812061Z test_second_green_missing (test_certificate.Certification.test_second_green_missing) ... ok
checkpoint	Full first-slice gates and restored challenge	2026-09-11T18:29:59.9812712Z test_specified_gate_is_not_pass (test_certificate.Certification.test_specified_gate_is_not_pass) ... ok
checkpoint	Full first-slice gates and restored challenge	2026-09-11T18:29:59.9813323Z test_unrestored (test_certificate.Certification.test_unrestored) ... ok
checkpoint	Full first-slice gates and restored challenge	2026-09-11T18:29:59.9813884Z test_wrong_review_reference (test_certificate.Certification.test_wrong_review_reference) ... ok
checkpoint	Full first-slice gates and restored challenge	2026-09-11T18:29:59.9814449Z test_zero_tests (test_certificate.Certification.test_zero_tests) ... ok
checkpoint	Full first-slice gates and restored challenge	2026-09-11T18:29:59.9814927Z test_active_completed (test_checks.Documents.test_active_completed) ... ok
checkpoint	Full first-slice gates and restored challenge	2026-09-11T18:29:59.9815484Z test_advance_without_dependency (test_checks.Documents.test_advance_without_dependency) ... ok
checkpoint	Full first-slice gates and restored challenge	2026-09-11T18:29:59.9815997Z test_baseline (test_checks.Documents.test_baseline) ... ok
checkpoint	Full first-slice gates and restored challenge	2026-09-11T18:29:59.9816570Z test_broken_anchor (test_checks.Documents.test_broken_anchor) ... ok
checkpoint	Full first-slice gates and restored challenge	2026-09-11T18:29:59.9817003Z test_broken_link (test_checks.Documents.test_broken_link) ... ok
checkpoint	Full first-slice gates and restored challenge	2026-09-11T18:29:59.9817486Z test_current_not_authorized (test_checks.Documents.test_current_not_authorized) ... ok
checkpoint	Full first-slice gates and restored challenge	2026-09-11T18:29:59.9818297Z test_default_mode_multiple (test_checks.Documents.test_default_mode_multiple) ... ok
checkpoint	Full first-slice gates and restored challenge	2026-09-11T18:29:59.9818823Z test_duplicate_work (test_checks.Documents.test_duplicate_work) ... ok
checkpoint	Full first-slice gates and restored challenge	2026-09-11T18:29:59.9819338Z test_empty_authorization (test_checks.Documents.test_empty_authorization) ... ok
checkpoint	Full first-slice gates and restored challenge	2026-09-11T18:29:59.9819837Z test_external_scope (test_checks.Documents.test_external_scope) ... ok
checkpoint	Full first-slice gates and restored challenge	2026-09-11T18:29:59.9820319Z test_invariant_missing (test_checks.Documents.test_invariant_missing) ... ok
checkpoint	Full first-slice gates and restored challenge	2026-09-11T18:29:59.9820823Z test_missing_authority (test_checks.Documents.test_missing_authority) ... ok
checkpoint	Full first-slice gates and restored challenge	2026-09-11T18:29:59.9821361Z test_nonexistent_checkpoint (test_checks.Documents.test_nonexistent_checkpoint) ... ok
checkpoint	Full first-slice gates and restored challenge	2026-09-11T18:29:59.9821932Z test_required_read_missing (test_checks.Documents.test_required_read_missing) ... ok
checkpoint	Full first-slice gates and restored challenge	2026-09-11T18:29:59.9822480Z test_scope_without_planned (test_checks.Documents.test_scope_without_planned) ... ok
checkpoint	Full first-slice gates and restored challenge	2026-09-11T18:29:59.9822969Z test_source_hash (test_checks.Documents.test_source_hash) ... ok
checkpoint	Full first-slice gates and restored challenge	2026-09-11T18:29:59.9823420Z test_source_revision (test_checks.Documents.test_source_revision) ... ok
checkpoint	Full first-slice gates and restored challenge	2026-09-11T18:29:59.9823912Z test_correct_sha_success (test_checks.Remote.test_correct_sha_success) ... ok
checkpoint	Full first-slice gates and restored challenge	2026-09-11T18:29:59.9824345Z test_missing (test_checks.Remote.test_missing) ... ok
checkpoint	Full first-slice gates and restored challenge	2026-09-11T18:29:59.9824694Z test_no_push (test_checks.Remote.test_no_push) ... ok
checkpoint	Full first-slice gates and restored challenge	2026-09-11T18:29:59.9825108Z test_non_success_states (test_checks.Remote.test_non_success_states) ... ok
checkpoint	Full first-slice gates and restored challenge	2026-09-11T18:29:59.9825528Z test_old_sha (test_checks.Remote.test_old_sha) ... ok
checkpoint	Full first-slice gates and restored challenge	2026-09-11T18:29:59.9825911Z test_wrong_producer (test_checks.Remote.test_wrong_producer) ... ok
checkpoint	Full first-slice gates and restored challenge	2026-09-11T18:29:59.9826513Z test_altered_merge_evidence_rejected (test_ci_bootstrap.CiBootstrap.test_altered_merge_evidence_rejected) ... ok
checkpoint	Full first-slice gates and restored challenge	2026-09-11T18:29:59.9827248Z test_ambiguous_merged_pr_rejected (test_ci_bootstrap.CiBootstrap.test_ambiguous_merged_pr_rejected) ... ok
checkpoint	Full first-slice gates and restored challenge	2026-09-11T18:29:59.9828261Z test_branch_execution_keeps_exact_head (test_ci_bootstrap.CiBootstrap.test_branch_execution_keeps_exact_head) ... ok
checkpoint	Full first-slice gates and restored challenge	2026-09-11T18:29:59.9829170Z test_explicit_matching_pr_accepted (test_ci_bootstrap.CiBootstrap.test_explicit_matching_pr_accepted) ... ok
checkpoint	Full first-slice gates and restored challenge	2026-09-11T18:29:59.9829873Z test_explicit_wrong_pr_rejected (test_ci_bootstrap.CiBootstrap.test_explicit_wrong_pr_rejected) ... ok
checkpoint	Full first-slice gates and restored challenge	2026-09-11T18:29:59.9830616Z test_initial_cp0_selects_historical_head (test_ci_bootstrap.CiBootstrap.test_initial_cp0_selects_historical_head) ... ok
checkpoint	Full first-slice gates and restored challenge	2026-09-11T18:29:59.9831359Z test_invalid_event_ref_rejected (test_ci_bootstrap.CiBootstrap.test_invalid_event_ref_rejected) ... ok
checkpoint	Full first-slice gates and restored challenge	2026-09-11T18:29:59.9832095Z test_known_pr_later_checkpoint_accepted (test_ci_bootstrap.CiBootstrap.test_known_pr_later_checkpoint_accepted) ... ok
checkpoint	Full first-slice gates and restored challenge	2026-09-11T18:29:59.9832881Z test_merged_pr_still_rejects_execution (test_ci_bootstrap.CiBootstrap.test_merged_pr_still_rejects_execution) ... ok
checkpoint	Full first-slice gates and restored challenge	2026-09-11T18:29:59.9833598Z test_missing_merged_pr_rejected (test_ci_bootstrap.CiBootstrap.test_missing_merged_pr_rejected) ... ok
checkpoint	Full first-slice gates and restored challenge	2026-09-11T18:29:59.9834309Z test_null_later_checkpoint_rejected (test_ci_bootstrap.CiBootstrap.test_null_later_checkpoint_rejected) ... ok
checkpoint	Full first-slice gates and restored challenge	2026-09-11T18:29:59.9834974Z test_unmerged_pr_rejected (test_ci_bootstrap.CiBootstrap.test_unmerged_pr_rejected) ... ok
checkpoint	Full first-slice gates and restored challenge	2026-09-11T18:29:59.9835589Z test_unrelated_head_rejected (test_ci_bootstrap.CiBootstrap.test_unrelated_head_rejected) ... ok
checkpoint	Full first-slice gates and restored challenge	2026-09-11T18:29:59.9836252Z test_wrong_base_branch_rejected (test_ci_bootstrap.CiBootstrap.test_wrong_base_branch_rejected) ... ok
checkpoint	Full first-slice gates and restored challenge	2026-09-11T18:29:59.9836951Z test_wrong_base_repository_rejected (test_ci_bootstrap.CiBootstrap.test_wrong_base_repository_rejected) ... ok
checkpoint	Full first-slice gates and restored challenge	2026-09-11T18:29:59.9838028Z test_wrong_branch_rejected (test_ci_bootstrap.CiBootstrap.test_wrong_branch_rejected) ... ok
checkpoint	Full first-slice gates and restored challenge	2026-09-11T18:29:59.9838689Z test_wrong_event_sha_rejected (test_ci_bootstrap.CiBootstrap.test_wrong_event_sha_rejected) ... ok
checkpoint	Full first-slice gates and restored challenge	2026-09-11T18:29:59.9839337Z test_wrong_merge_sha_rejected (test_ci_bootstrap.CiBootstrap.test_wrong_merge_sha_rejected) ... ok
checkpoint	Full first-slice gates and restored challenge	2026-09-11T18:29:59.9840000Z test_wrong_repository_rejected (test_ci_bootstrap.CiBootstrap.test_wrong_repository_rejected) ... ok
checkpoint	Full first-slice gates and restored challenge	2026-09-11T18:29:59.9840719Z test_arbitrary_document_change_rejected (test_closeout.Closeout.test_arbitrary_document_change_rejected) ... ok
checkpoint	Full first-slice gates and restored challenge	2026-09-11T18:29:59.9841419Z test_certificate_change_rejected (test_closeout.Closeout.test_certificate_change_rejected) ... ok
checkpoint	Full first-slice gates and restored challenge	2026-09-11T18:29:59.9842250Z test_closeout_selects_certified_parent_for_historical_audit (test_closeout.Closeout.test_closeout_selects_certified_parent_for_historical_audit) ... ok
checkpoint	Full first-slice gates and restored challenge	2026-09-11T18:29:59.9843068Z test_contract_change_rejected (test_closeout.Closeout.test_contract_change_rejected) ... ok
checkpoint	Full first-slice gates and restored challenge	2026-09-11T18:29:59.9843827Z test_merged_closeout_still_audits_certified_parent (test_closeout.Closeout.test_merged_closeout_still_audits_certified_parent) ... ok
checkpoint	Full first-slice gates and restored challenge	2026-09-11T18:29:59.9844635Z test_normal_head_keeps_execution_mode (test_closeout.Closeout.test_normal_head_keeps_execution_mode) ... ok
checkpoint	Full first-slice gates and restored challenge	2026-09-11T18:29:59.9845299Z test_product_change_rejected (test_closeout.Closeout.test_product_change_rejected) ... ok
checkpoint	Full first-slice gates and restored challenge	2026-09-11T18:29:59.9845915Z test_source_lock_change_rejected (test_closeout.Closeout.test_source_lock_change_rejected) ... ok
checkpoint	Full first-slice gates and restored challenge	2026-09-11T18:29:59.9846604Z test_unrelated_registry_change_rejected (test_closeout.Closeout.test_unrelated_registry_change_rejected) ... ok
checkpoint	Full first-slice gates and restored challenge	2026-09-11T18:29:59.9847269Z test_unrelated_work_rejected (test_closeout.Closeout.test_unrelated_work_rejected) ... ok
checkpoint	Full first-slice gates and restored challenge	2026-09-11T18:29:59.9848193Z test_work_still_active_rejected (test_closeout.Closeout.test_work_still_active_rejected) ... ok
checkpoint	Full first-slice gates and restored challenge	2026-09-11T18:29:59.9848822Z test_wrong_remote_pr_rejected (test_closeout.Closeout.test_wrong_remote_pr_rejected) ... ok
checkpoint	Full first-slice gates and restored challenge	2026-09-11T18:29:59.9849493Z test_active_resolution_and_old_baseline (test_closure.Closure.test_active_resolution_and_old_baseline) ... ok
checkpoint	Full first-slice gates and restored challenge	2026-09-11T18:29:59.9850264Z test_arbitrary_history_does_not_authorize_code (test_closure.Closure.test_arbitrary_history_does_not_authorize_code) ... ok
checkpoint	Full first-slice gates and restored challenge	2026-09-11T18:29:59.9851083Z test_backlog_not_closed (test_closure.Closure.test_backlog_not_closed) ... ok
checkpoint	Full first-slice gates and restored challenge	2026-09-11T18:29:59.9851572Z test_closed_baseline (test_closure.Closure.test_closed_baseline) ... ok
checkpoint	Full first-slice gates and restored challenge	2026-09-11T18:29:59.9852055Z test_closed_resolution (test_closure.Closure.test_closed_resolution) ... ok
checkpoint	Full first-slice gates and restored challenge	2026-09-11T18:29:59.9852613Z test_dependency_receipt_missing (test_closure.Closure.test_dependency_receipt_missing) ... ok
checkpoint	Full first-slice gates and restored challenge	2026-09-11T18:29:59.9853206Z test_duplicate_registration (test_closure.Closure.test_duplicate_registration) ... ok
checkpoint	Full first-slice gates and restored challenge	2026-09-11T18:29:59.9853741Z test_external_manifest (test_closure.Closure.test_external_manifest) ... ok
checkpoint	Full first-slice gates and restored challenge	2026-09-11T18:29:59.9854387Z test_failed_certificate_is_not_certifiable (test_closure.Closure.test_failed_certificate_is_not_certifiable) ... ok
checkpoint	Full first-slice gates and restored challenge	2026-09-11T18:29:59.9855119Z test_final_checkpoint_not_authorized (test_closure.Closure.test_final_checkpoint_not_authorized) ... ok
checkpoint	Full first-slice gates and restored challenge	2026-09-11T18:29:59.9855685Z test_git_mismatch (test_closure.Closure.test_git_mismatch) ... ok
checkpoint	Full first-slice gates and restored challenge	2026-09-11T18:29:59.9856118Z test_index_missing (test_closure.Closure.test_index_missing) ... ok
checkpoint	Full first-slice gates and restored challenge	2026-09-11T18:29:59.9856584Z test_missing_authority (test_closure.Closure.test_missing_authority) ... ok
checkpoint	Full first-slice gates and restored challenge	2026-09-11T18:29:59.9857070Z test_missing_evidence (test_closure.Closure.test_missing_evidence) ... ok
checkpoint	Full first-slice gates and restored challenge	2026-09-11T18:29:59.9857659Z test_missing_registration_no_fallback (test_closure.Closure.test_missing_registration_no_fallback) ... ok
checkpoint	Full first-slice gates and restored challenge	2026-09-11T18:29:59.9858661Z test_unregistered_active_copy (test_closure.Closure.test_unregistered_active_copy) ... ok
checkpoint	Full first-slice gates and restored challenge	2026-09-11T18:29:59.9859470Z test_explicit_v2_unmerged_remediation_positive (test_execution_authority.ExecutionAuthority.test_explicit_v2_unmerged_remediation_positive) ... ok
checkpoint	Full first-slice gates and restored challenge	2026-09-11T18:29:59.9860738Z test_history_without_explicit_remediation_does_not_authorize (test_execution_authority.ExecutionAuthority.test_history_without_explicit_remediation_does_not_authorize) ... ok
checkpoint	Full first-slice gates and restored challenge	2026-09-11T18:29:59.9861884Z test_merged_v2_remediation_is_not_execution_authority (test_execution_authority.ExecutionAuthority.test_merged_v2_remediation_is_not_execution_authority) ... ok
checkpoint	Full first-slice gates and restored challenge	2026-09-11T18:29:59.9862871Z test_absent_zero_and_incomplete_performance_suites (test_full.Full.test_absent_zero_and_incomplete_performance_suites) ... ok
checkpoint	Full first-slice gates and restored challenge	2026-09-11T18:29:59.9863647Z test_all_required_components_once (test_full.Full.test_all_required_components_once) ... SEMANTIC_TEST_COUNT=2
checkpoint	Full first-slice gates and restored challenge	2026-09-11T18:29:59.9864139Z SEMANTIC_TEST_COUNT=2
checkpoint	Full first-slice gates and restored challenge	2026-09-11T18:29:59.9864365Z FULL_COMPONENT_PASS=docs
checkpoint	Full first-slice gates and restored challenge	2026-09-11T18:29:59.9864601Z FULL_COMPONENT_PASS=semantic
checkpoint	Full first-slice gates and restored challenge	2026-09-11T18:29:59.9864849Z FULL_COMPONENT_PASS=performance
checkpoint	Full first-slice gates and restored challenge	2026-09-11T18:29:59.9865108Z FULL_COMPONENT_PASS=architecture
checkpoint	Full first-slice gates and restored challenge	2026-09-11T18:29:59.9865357Z FULL_COMPONENT_PASS=git
checkpoint	Full first-slice gates and restored challenge	2026-09-11T18:29:59.9865599Z FULL_COMPONENT_PASS=harness-tests
checkpoint	Full first-slice gates and restored challenge	2026-09-11T18:29:59.9865860Z FULL_COMPONENT_PASS=challenge
checkpoint	Full first-slice gates and restored challenge	2026-09-11T18:29:59.9866084Z ok
checkpoint	Full first-slice gates and restored challenge	2026-09-11T18:29:59.9866485Z test_cannot_shrink_or_expand_required_set (test_full.Full.test_cannot_shrink_or_expand_required_set) ... ok
checkpoint	Full first-slice gates and restored challenge	2026-09-11T18:29:59.9867173Z test_failed_leaf_propagates (test_full.Full.test_failed_leaf_propagates) ... FULL_COMPONENT_PASS=docs
checkpoint	Full first-slice gates and restored challenge	2026-09-11T18:29:59.9867644Z FULL_COMPONENT_PASS=semantic
checkpoint	Full first-slice gates and restored challenge	2026-09-11T18:29:59.9868113Z ok
checkpoint	Full first-slice gates and restored challenge	2026-09-11T18:29:59.9868591Z test_full_wiring_does_not_substitute_a_leaf (test_full.Full.test_full_wiring_does_not_substitute_a_leaf) ... FULL_COMPONENT_PASS=docs
checkpoint	Full first-slice gates and restored challenge	2026-09-11T18:29:59.9869161Z FULL_COMPONENT_PASS=semantic
checkpoint	Full first-slice gates and restored challenge	2026-09-11T18:29:59.9869408Z FULL_COMPONENT_PASS=performance
checkpoint	Full first-slice gates and restored challenge	2026-09-11T18:29:59.9869660Z FULL_COMPONENT_PASS=architecture
checkpoint	Full first-slice gates and restored challenge	2026-09-11T18:29:59.9869903Z FULL_COMPONENT_PASS=git
checkpoint	Full first-slice gates and restored challenge	2026-09-11T18:29:59.9870139Z FULL_COMPONENT_PASS=harness-tests
checkpoint	Full first-slice gates and restored challenge	2026-09-11T18:29:59.9870402Z FULL_COMPONENT_PASS=challenge
checkpoint	Full first-slice gates and restored challenge	2026-09-11T18:29:59.9870623Z ok
checkpoint	Full first-slice gates and restored challenge	2026-09-11T18:29:59.9871003Z test_local_git_keeps_branch_preflight (test_full.Full.test_local_git_keeps_branch_preflight) ... ok
checkpoint	Full first-slice gates and restored challenge	2026-09-11T18:29:59.9871540Z test_missing_runner (test_full.Full.test_missing_runner) ... ok
checkpoint	Full first-slice gates and restored challenge	2026-09-11T18:29:59.9872256Z test_published_git_cannot_bypass_certificate (test_full.Full.test_published_git_cannot_bypass_certificate) ... ok
checkpoint	Full first-slice gates and restored challenge	2026-09-11T18:29:59.9873022Z test_published_git_rejects_uncertified_record (test_full.Full.test_published_git_rejects_uncertified_record) ... ok
checkpoint	Full first-slice gates and restored challenge	2026-09-11T18:29:59.9873791Z test_published_git_rejects_wrong_head_and_dirty (test_full.Full.test_published_git_rejects_wrong_head_and_dirty) ... ok
checkpoint	Full first-slice gates and restored challenge	2026-09-11T18:29:59.9874544Z test_published_git_requires_exact_clean_head (test_full.Full.test_published_git_requires_exact_clean_head) ... ok
checkpoint	Full first-slice gates and restored challenge	2026-09-11T18:29:59.9875233Z test_real_nonzero_performance_suites (test_full.Full.test_real_nonzero_performance_suites) ... ok
checkpoint	Full first-slice gates and restored challenge	2026-09-11T18:29:59.9876218Z test_commit_missing_evidence (test_git.GitIdentity.test_commit_missing_evidence) ... fatal: path 'docs/quality/WORK-LOWER-001/CP0.json' does not exist in 'b47a9a46ff940a42d6cacffcc9535aacc9be2995'
checkpoint	Full first-slice gates and restored challenge	2026-09-11T18:29:59.9876985Z ok
checkpoint	Full first-slice gates and restored challenge	2026-09-11T18:29:59.9877291Z test_complete_candidate (test_git.GitIdentity.test_complete_candidate) ... ok
checkpoint	Full first-slice gates and restored challenge	2026-09-11T18:29:59.9878207Z test_evidence_not_the_committed_record (test_git.GitIdentity.test_evidence_not_the_committed_record) ... ok
checkpoint	Full first-slice gates and restored challenge	2026-09-11T18:29:59.9878818Z test_extra_exclusion (test_git.GitIdentity.test_extra_exclusion) ... ok
checkpoint	Full first-slice gates and restored challenge	2026-09-11T18:29:59.9879272Z test_frozen_bytes (test_git.GitIdentity.test_frozen_bytes) ... ok
checkpoint	Full first-slice gates and restored challenge	2026-09-11T18:29:59.9880041Z test_missing_revision (test_git.GitIdentity.test_missing_revision) ... fatal: path 'contract.md' exists on disk, but not in 'ffffffffffffffffffffffffffffffffffffffff'
checkpoint	Full first-slice gates and restored challenge	2026-09-11T18:29:59.9880704Z ok
checkpoint	Full first-slice gates and restored challenge	2026-09-11T18:29:59.9880981Z test_missing_trailer (test_git.GitIdentity.test_missing_trailer) ... ok
checkpoint	Full first-slice gates and restored challenge	2026-09-11T18:29:59.9881685Z test_published_commit (test_git.GitIdentity.test_published_commit) ... ok
checkpoint	Full first-slice gates and restored challenge	2026-09-11T18:29:59.9882291Z test_select_current_checkpoint_trailer (test_git.GitIdentity.test_select_current_checkpoint_trailer) ... ok
checkpoint	Full first-slice gates and restored challenge	2026-09-11T18:29:59.9882975Z test_select_rejects_missing_trailer (test_git.GitIdentity.test_select_rejects_missing_trailer) ... ok
checkpoint	Full first-slice gates and restored challenge	2026-09-11T18:29:59.9883739Z test_select_rejects_unsafe_and_duplicate_trailers (test_git.GitIdentity.test_select_rejects_unsafe_and_duplicate_trailers) ... ok
checkpoint	Full first-slice gates and restored challenge	2026-09-11T18:29:59.9884365Z test_unstaged (test_git.GitIdentity.test_unstaged) ... ok
checkpoint	Full first-slice gates and restored challenge	2026-09-11T18:29:59.9884747Z test_untracked (test_git.GitIdentity.test_untracked) ... ok
checkpoint	Full first-slice gates and restored challenge	2026-09-11T18:29:59.9885151Z test_wrong_digest (test_git.GitIdentity.test_wrong_digest) ... ok
checkpoint	Full first-slice gates and restored challenge	2026-09-11T18:29:59.9885859Z test_immutable_oracle_candidate_and_committed_bytes (test_human_review.FreezeCandidate.test_immutable_oracle_candidate_and_committed_bytes) ... ok
checkpoint	Full first-slice gates and restored challenge	2026-09-11T18:29:59.9886710Z test_reference_only_may_change (test_human_review.FreezeCandidate.test_reference_only_may_change) ... ok
checkpoint	Full first-slice gates and restored challenge	2026-09-11T18:29:59.9887480Z test_usage_missing_or_unknown_rejected_v2 (test_human_review.FreezeCandidate.test_usage_missing_or_unknown_rejected_v2) ... ok
checkpoint	Full first-slice gates and restored challenge	2026-09-11T18:29:59.9888494Z test_execution_merged_rejected (test_human_review.RemoteLifecycle.test_execution_merged_rejected) ... ok
checkpoint	Full first-slice gates and restored challenge	2026-09-11T18:29:59.9889194Z test_execution_open_positive (test_human_review.RemoteLifecycle.test_execution_open_positive) ... ok
checkpoint	Full first-slice gates and restored challenge	2026-09-11T18:29:59.9890072Z test_historical_gate_is_read_only_and_requires_certificate (test_human_review.RemoteLifecycle.test_historical_gate_is_read_only_and_requires_certificate) ... ok
checkpoint	Full first-slice gates and restored challenge	2026-09-11T18:29:59.9890974Z test_historical_merged_positive (test_human_review.RemoteLifecycle.test_historical_merged_positive) ... ok
checkpoint	Full first-slice gates and restored challenge	2026-09-11T18:29:59.9891895Z test_reconciliation_pending_open_and_stale_open_after_merge (test_human_review.RemoteLifecycle.test_reconciliation_pending_open_and_stale_open_after_merge) ... ok
checkpoint	Full first-slice gates and restored challenge	2026-09-11T18:29:59.9892931Z test_reconciliation_reviewed_open_and_merged (test_human_review.RemoteLifecycle.test_reconciliation_reviewed_open_and_merged) ... ok
checkpoint	Full first-slice gates and restored challenge	2026-09-11T18:29:59.9893831Z test_review_of_other_sha_not_current_approval (test_human_review.RemoteLifecycle.test_review_of_other_sha_not_current_approval) ... ok
checkpoint	Full first-slice gates and restored challenge	2026-09-11T18:29:59.9894812Z test_wrong_sha_success_still_rejected (test_human_review.RemoteLifecycle.test_wrong_sha_success_still_rejected) ... ok
checkpoint	Full first-slice gates and restored challenge	2026-09-11T18:29:59.9895691Z test_active_rejects_self_consistent_wrong_receipt (test_human_review.ReviewDocuments.test_active_rejects_self_consistent_wrong_receipt) ... ok
checkpoint	Full first-slice gates and restored challenge	2026-09-11T18:29:59.9896599Z test_dependency_wrong_checkpoint_identity (test_human_review.ReviewDocuments.test_dependency_wrong_checkpoint_identity) ... ok
checkpoint	Full first-slice gates and restored challenge	2026-09-11T18:29:59.9897447Z test_history_never_authorizes_execution (test_human_review.ReviewDocuments.test_history_never_authorizes_execution) ... ok
checkpoint	Full first-slice gates and restored challenge	2026-09-11T18:29:59.9898585Z test_history_rejects_self_consistent_wrong_receipt (test_human_review.ReviewDocuments.test_history_rejects_self_consistent_wrong_receipt) ... ok
checkpoint	Full first-slice gates and restored challenge	2026-09-11T18:29:59.9899654Z test_legacy_schema_is_auditable_but_not_new_execution_authority (test_human_review.ReviewDocuments.test_legacy_schema_is_auditable_but_not_new_execution_authority) ... ok
checkpoint	Full first-slice gates and restored challenge	2026-09-11T18:29:59.9900735Z test_merged_history_cannot_authorize_even_remediation (test_human_review.ReviewDocuments.test_merged_history_cannot_authorize_even_remediation) ... ok
checkpoint	Full first-slice gates and restored challenge	2026-09-11T18:29:59.9901728Z test_no_git_or_invalid_candidate_is_not_success (test_human_review.ReviewDocuments.test_no_git_or_invalid_candidate_is_not_success) ... ok
checkpoint	Full first-slice gates and restored challenge	2026-09-11T18:29:59.9902700Z test_receipt_matching_certified_commit_positive (test_human_review.ReviewDocuments.test_receipt_matching_certified_commit_positive) ... ok
checkpoint	Full first-slice gates and restored challenge	2026-09-11T18:29:59.9903509Z test_receipt_wrong_pr_rejected (test_human_review.ReviewDocuments.test_receipt_wrong_pr_rejected) ... ok
checkpoint	Full first-slice gates and restored challenge	2026-09-11T18:29:59.9904280Z test_resolver_positive_and_wrong_identity (test_human_review.ReviewDocuments.test_resolver_positive_and_wrong_identity) ... ok
checkpoint	Full first-slice gates and restored challenge	2026-09-11T18:29:59.9905274Z test_reviewed_merged_history_valid_read_only (test_human_review.ReviewDocuments.test_reviewed_merged_history_valid_read_only) ... ok
checkpoint	Full first-slice gates and restored challenge	2026-09-11T18:29:59.9906081Z test_reviewed_open_history_valid (test_human_review.ReviewDocuments.test_reviewed_open_history_valid) ... ok
checkpoint	Full first-slice gates and restored challenge	2026-09-11T18:29:59.9906804Z test_ci_wrong_event_sha_rejected (test_human_review.WorkflowPolicy.test_ci_wrong_event_sha_rejected) ... ok
checkpoint	Full first-slice gates and restored challenge	2026-09-11T18:29:59.9907672Z test_main_missing_ambiguous_or_wrong_merge_sha_rejected (test_human_review.WorkflowPolicy.test_main_missing_ambiguous_or_wrong_merge_sha_rejected) ... ok
checkpoint	Full first-slice gates and restored challenge	2026-09-11T18:29:59.9908853Z test_main_uses_proven_pr_head_as_read_only (test_human_review.WorkflowPolicy.test_main_uses_proven_pr_head_as_read_only) ... ok
checkpoint	Full first-slice gates and restored challenge	2026-09-11T18:29:59.9909843Z test_new_work_branch_uses_own_evidence_without_first_branch_name (test_human_review.WorkflowPolicy.test_new_work_branch_uses_own_evidence_without_first_branch_name) ... ok
checkpoint	Full first-slice gates and restored challenge	2026-09-11T18:29:59.9910879Z test_push_policy_covers_new_work_branch_and_main (test_human_review.WorkflowPolicy.test_push_policy_covers_new_work_branch_and_main) ... ok
checkpoint	Full first-slice gates and restored challenge	2026-09-11T18:29:59.9911795Z test_required_check_identity_remains_explicit (test_human_review.WorkflowPolicy.test_required_check_identity_remains_explicit) ... ok
checkpoint	Full first-slice gates and restored challenge	2026-09-11T18:29:59.9912900Z test_missing_current_link_resolves_only_unchanged_historical_evidence (test_output_lifecycle.HistoricalLinks.test_missing_current_link_resolves_only_unchanged_historical_evidence) ... ok
checkpoint	Full first-slice gates and restored challenge	2026-09-11T18:29:59.9914054Z test_absent_review_needs_complete_honest_observation (test_output_lifecycle.OutputLifecycle.test_absent_review_needs_complete_honest_observation) ... ok
checkpoint	Full first-slice gates and restored challenge	2026-09-11T18:29:59.9915010Z test_actual_merge_without_recorded_review (test_output_lifecycle.OutputLifecycle.test_actual_merge_without_recorded_review) ... ok
checkpoint	Full first-slice gates and restored challenge	2026-09-11T18:29:59.9916010Z test_remote_observation_is_checked_against_actual_metadata (test_output_lifecycle.OutputLifecycle.test_remote_observation_is_checked_against_actual_metadata) ... ok
checkpoint	Full first-slice gates and restored challenge	2026-09-11T18:29:59.9917046Z test_complete_controlled_remediation (test_remediation_certificate.RemediationCertificate.test_complete_controlled_remediation) ... ok
checkpoint	Full first-slice gates and restored challenge	2026-09-11T18:29:59.9918510Z test_normative_contract_and_grant_cannot_disappear (test_remediation_certificate.RemediationCertificate.test_normative_contract_and_grant_cannot_disappear) ... ok
checkpoint	Full first-slice gates and restored challenge	2026-09-11T18:29:59.9919511Z test_not_cp6_and_no_gate_shrink (test_remediation_certificate.RemediationCertificate.test_not_cp6_and_no_gate_shrink) ... ok
checkpoint	Full first-slice gates and restored challenge	2026-09-11T18:29:59.9920494Z test_recovery_sha_and_path_cannot_come_from_receipt (test_remediation_certificate.RemediationCertificate.test_recovery_sha_and_path_cannot_come_from_receipt) ... ok
checkpoint	Full first-slice gates and restored challenge	2026-09-11T18:29:59.9921552Z test_source_lock_cannot_be_reference_only (test_remediation_certificate.RemediationCertificate.test_source_lock_cannot_be_reference_only) ... ok
checkpoint	Full first-slice gates and restored challenge	2026-09-11T18:29:59.9922110Z 
checkpoint	Full first-slice gates and restored challenge	2026-09-11T18:29:59.9922261Z ----------------------------------------------------------------------
checkpoint	Full first-slice gates and restored challenge	2026-09-11T18:29:59.9922606Z Ran 175 tests in 44.346s
checkpoint	Full first-slice gates and restored challenge	2026-09-11T18:29:59.9922756Z 
checkpoint	Full first-slice gates and restored challenge	2026-09-11T18:29:59.9922835Z OK
checkpoint	Full first-slice gates and restored challenge	2026-09-11T18:29:59.9923931Z {"number": 2, "url": "https://github.com/Gustavo2358/cobol-lower/pull/2", "state": "OPEN", "headRefOid": "5a00a152d3c05793dad825c16226867c493ee31b", "headRefName": "feat/first-entry-goback-slice", "baseRefName": "main", "isDraft": false, "autoMergeRequest": null, "reviewDecision": "APPROVED", "mergeCommit": null}
checkpoint	Full first-slice gates and restored challenge	2026-09-11T18:29:59.9926294Z {"number": 2, "url": "https://github.com/Gustavo2358/cobol-lower/pull/2", "state": "MERGED", "headRefOid": "5a00a152d3c05793dad825c16226867c493ee31b", "headRefName": "feat/first-entry-goback-slice", "baseRefName": "main", "isDraft": false, "autoMergeRequest": null, "reviewDecision": "APPROVED", "mergeCommit": {"oid": "bbbbbbbbbbbbbbbbbbbbbbbbbbbbbbbbbbbbbbbb"}}
checkpoint	Full first-slice gates and restored challenge	2026-09-11T18:29:59.9927646Z FULL_COMPONENT_PASS=harness-tests
checkpoint	Full first-slice gates and restored challenge	2026-09-11T18:30:20.3615069Z {"id": "DOC-LINK", "baseline_exit_code": 0, "observed_exit_code": 1, "failure_reason": ["LINK README.md: missing.md"], "baseline_digest": "ab9fad5643c89020ff7630101077411ead5d080fd48fe0ee86c9dfc110748b3e"}
checkpoint	Full first-slice gates and restored challenge	2026-09-11T18:30:20.3618396Z {"id": "DOC-LINK", "restoration_status": "RESTORED", "restored_digest": "ab9fad5643c89020ff7630101077411ead5d080fd48fe0ee86c9dfc110748b3e", "green_exit_code": 0}
checkpoint	Full first-slice gates and restored challenge	2026-09-11T18:30:20.3629562Z {"id": "DOC-INVARIANT", "baseline_exit_code": 0, "observed_exit_code": 1, "failure_reason": ["INVARIANT EVAL-LWR-001: INV-LWR-999"], "baseline_digest": "ff3012b592345a07db18845b79490765b6ad6864eeed7315767120de22422aa2"}
checkpoint	Full first-slice gates and restored challenge	2026-09-11T18:30:20.3631174Z {"id": "DOC-INVARIANT", "restoration_status": "RESTORED", "restored_digest": "ff3012b592345a07db18845b79490765b6ad6864eeed7315767120de22422aa2", "green_exit_code": 0}
checkpoint	Full first-slice gates and restored challenge	2026-09-11T18:30:20.3632966Z {"id": "DOC-HISTORY-AUTH", "baseline_exit_code": 0, "observed_exit_code": 1, "failure_reason": ["HISTORY DEPENDENCY/REGISTRATION WORK-LOWER-001: final checkpoint authorization"], "baseline_digest": "a073dab203b93715bfc8f2c09a2aaebe0001d30b9bbab9ff0641ea89345741ed"}
checkpoint	Full first-slice gates and restored challenge	2026-09-11T18:30:20.3634857Z {"id": "DOC-HISTORY-AUTH", "restoration_status": "RESTORED", "restored_digest": "a073dab203b93715bfc8f2c09a2aaebe0001d30b9bbab9ff0641ea89345741ed", "green_exit_code": 0}
checkpoint	Full first-slice gates and restored challenge	2026-09-11T18:30:20.3636711Z {"id": "DOC-HISTORY-GIT", "baseline_exit_code": 0, "observed_exit_code": 1, "failure_reason": ["HISTORY DEPENDENCY/REGISTRATION WORK-LOWER-001: historical remote observation incoherent"], "baseline_digest": "a073dab203b93715bfc8f2c09a2aaebe0001d30b9bbab9ff0641ea89345741ed"}
checkpoint	Full first-slice gates and restored challenge	2026-09-11T18:30:20.3638722Z {"id": "DOC-HISTORY-GIT", "restoration_status": "RESTORED", "restored_digest": "a073dab203b93715bfc8f2c09a2aaebe0001d30b9bbab9ff0641ea89345741ed", "green_exit_code": 0}
checkpoint	Full first-slice gates and restored challenge	2026-09-11T18:30:20.3640597Z {"id": "DOC-HISTORY-TRUST", "baseline_exit_code": 0, "observed_exit_code": 1, "failure_reason": ["LINK docs/quality/WORK-LOWER-002/CP0-review.md: ../../work/active/WORK-LOWER-002/spec.md", "HISTORY DEPENDENCY/REGISTRATION WORK-LOWER-999: 'review_status'", "UNAUTHORIZED_IMPLEMENTATION docs-only"], "baseline_digest": "88be6009ead85638da02fe62bc6db8b2502e57eb63b6f553247ff2203555f1f8"}
checkpoint	Full first-slice gates and restored challenge	2026-09-11T18:30:20.3642496Z {"id": "DOC-HISTORY-TRUST", "restoration_status": "RESTORED", "restored_digest": "88be6009ead85638da02fe62bc6db8b2502e57eb63b6f553247ff2203555f1f8", "green_exit_code": 0}
checkpoint	Full first-slice gates and restored challenge	2026-09-11T18:30:20.3644936Z {"id": "DOC-ACTIVE-COMPLETED", "baseline_exit_code": 0, "observed_exit_code": 1, "failure_reason": ["LIFECYCLE active WORK-LOWER-001: completed", "REGISTRY WORK-LOWER-001"], "baseline_digest": "2daa5c634aede07bea6adeda9a787486bfa9309804f5cf2c10318b7e0aa32017"}
checkpoint	Full first-slice gates and restored challenge	2026-09-11T18:30:20.3646815Z {"id": "DOC-ACTIVE-COMPLETED", "restoration_status": "RESTORED", "restored_digest": "2daa5c634aede07bea6adeda9a787486bfa9309804f5cf2c10318b7e0aa32017", "green_exit_code": 0}
checkpoint	Full first-slice gates and restored challenge	2026-09-11T18:30:20.3648711Z {"id": "DOC-MUST-READ", "baseline_exit_code": 0, "observed_exit_code": 1, "failure_reason": ["MUST_READ WORK-LOWER-001: docs/missing.md"], "baseline_digest": "2daa5c634aede07bea6adeda9a787486bfa9309804f5cf2c10318b7e0aa32017"}
checkpoint	Full first-slice gates and restored challenge	2026-09-11T18:30:20.3650486Z {"id": "DOC-MUST-READ", "restoration_status": "RESTORED", "restored_digest": "2daa5c634aede07bea6adeda9a787486bfa9309804f5cf2c10318b7e0aa32017", "green_exit_code": 0}
checkpoint	Full first-slice gates and restored challenge	2026-09-11T18:30:20.3652322Z {"id": "ARCH-PATH-API-BYTECODE", "baseline_exit_code": 0, "observed_exit_code": 1, "failure_reason": ["ARCH_BYTECODE forbidden type/member/annotation", "ARCH_API forbidden signature"], "baseline_digest": "1dd4a771b9cbfd3a52efe05969e1ca018ba7601f916f0d03163285369d1093b1"}
checkpoint	Full first-slice gates and restored challenge	2026-09-11T18:30:20.3654147Z {"id": "ARCH-PATH-API-BYTECODE", "restoration_status": "RESTORED", "restored_digest": "1dd4a771b9cbfd3a52efe05969e1ca018ba7601f916f0d03163285369d1093b1", "green_exit_code": 0}
checkpoint	Full first-slice gates and restored challenge	2026-09-11T18:30:20.3655866Z {"id": "ARCH-PATH-INTERNAL", "baseline_exit_code": 0, "observed_exit_code": 1, "failure_reason": ["ARCH_BYTECODE forbidden type/member/annotation"], "baseline_digest": "1dd4a771b9cbfd3a52efe05969e1ca018ba7601f916f0d03163285369d1093b1"}
checkpoint	Full first-slice gates and restored challenge	2026-09-11T18:30:20.3658341Z {"id": "ARCH-PATH-INTERNAL", "restoration_status": "RESTORED", "restored_digest": "1dd4a771b9cbfd3a52efe05969e1ca018ba7601f916f0d03163285369d1093b1", "green_exit_code": 0}
checkpoint	Full first-slice gates and restored challenge	2026-09-11T18:30:20.3660699Z {"id": "ARCH-PATH-SOURCE", "baseline_exit_code": 0, "observed_exit_code": 1, "failure_reason": ["ARCH_SOURCE forbidden dependency"], "baseline_digest": "1dd4a771b9cbfd3a52efe05969e1ca018ba7601f916f0d03163285369d1093b1"}
checkpoint	Full first-slice gates and restored challenge	2026-09-11T18:30:20.3662574Z {"id": "ARCH-PATH-SOURCE", "restoration_status": "RESTORED", "restored_digest": "1dd4a771b9cbfd3a52efe05969e1ca018ba7601f916f0d03163285369d1093b1", "green_exit_code": 0}
checkpoint	Full first-slice gates and restored challenge	2026-09-11T18:30:20.3663395Z PASS CHALLENGE: 10 restored falsifications and second GREEN
checkpoint	Full first-slice gates and restored challenge	2026-09-11T18:35:47.0004895Z {"id": "RETURN-HALT", "mutation": "new Operations.Return(header, List.of()) -> new Operations.Halt(header, Operations.HaltKind.NORMAL)", "expected_oracle": "typed GOBACK must be Return, never Halt", "baseline_exit_code": 0, "observed_exit_code": 1, "failure_reason": "java.lang.AssertionError: CP3 typed GOBACK must be Return, never Halt", "baseline_digest": "a0f47b78d428ba66eed85f74606a8eecdad22e3388e744ca85811f430a6ebff2", "restored_digest": "a0f47b78d428ba66eed85f74606a8eecdad22e3388e744ca85811f430a6ebff2", "digest_scope": "core/src/main/java/io/github/gustavo2358/lower/application/EntryGobackLowerer.java", "restoration_status": "RESTORED", "green_command": "python3 scripts/harness/run.py performance (isolated copy)", "green_exit_code": 0, "baseline_output_sha256": "199f555f907ac8e27b6ccc75b87576ae6dec35c9e814bc7c1d6d87b9d129e19a", "red_output_sha256": "7743f8234cca6a0bff4814f902f265d04f351ec01901de0fb6037a277b7bf398", "restored_output_sha256": "556d1bc84fc3ab274bf6184096031255e79edaf6d1e4f0d0dbac4c80a91f22cf", "baseline_counts": ["SEMANTIC_TEST_COUNT=203971", "PERFORMANCE_TEST_COUNT=96"], "restored_counts": ["SEMANTIC_TEST_COUNT=203971", "PERFORMANCE_TEST_COUNT=96"]}
checkpoint	Full first-slice gates and restored challenge	2026-09-11T18:35:47.0015718Z {"id": "OPEN-COMPLETE", "mutation": "Evidence.InventoryStatus.PARTIAL -> Evidence.InventoryStatus.COMPLETE", "expected_oracle": "alternative entry inventory stays PARTIAL", "baseline_exit_code": 0, "observed_exit_code": 1, "failure_reason": "java.lang.AssertionError: CP3 alternative entry inventory stays PARTIAL", "baseline_digest": "a0f47b78d428ba66eed85f74606a8eecdad22e3388e744ca85811f430a6ebff2", "restored_digest": "a0f47b78d428ba66eed85f74606a8eecdad22e3388e744ca85811f430a6ebff2", "digest_scope": "core/src/main/java/io/github/gustavo2358/lower/application/EntryGobackLowerer.java", "restoration_status": "RESTORED", "green_command": "python3 scripts/harness/run.py performance (isolated copy)", "green_exit_code": 0, "baseline_output_sha256": "4471cc20f94ce5857908124be5fedac922e2f3e39d6d466be11e6604edd0e3b5", "red_output_sha256": "7500e3d6fb676c7b4a3652c6697712bffc3cf0181434ffb54f0e33035be4b75b", "restored_output_sha256": "41bac138cef4db3e145a5b634fc738c5e3f2717e6e8a9c57685b9bdf0f8906d4", "baseline_counts": ["SEMANTIC_TEST_COUNT=203971", "PERFORMANCE_TEST_COUNT=96"], "restored_counts": ["SEMANTIC_TEST_COUNT=203971", "PERFORMANCE_TEST_COUNT=96"]}
checkpoint	Full first-slice gates and restored challenge	2026-09-11T18:35:47.0025023Z {"id": "INDEX-SCAN", "mutation": "StatementFact lookup(StatementId id) { references++; return statements.get(id); } -> StatementFact lookup(StatementId id) { for (var candidate : statements.entrySet()) { references++; if (candidate.getKey().equals(id)) return candidate.getValue(); } return null; }", "expected_oracle": "reference ledger N+1, no repeated scan", "baseline_exit_code": 0, "observed_exit_code": 1, "failure_reason": "java.lang.AssertionError: CP4 performance reference ledger N+1, no repeated scan", "baseline_digest": "819e5481e99b0363a48b534d5c8099503206b7f1dad6cbde399c29fc8c096c82", "restored_digest": "819e5481e99b0363a48b534d5c8099503206b7f1dad6cbde399c29fc8c096c82", "digest_scope": "core/src/main/java/io/github/gustavo2358/lower/application/EntryGobackAdmission.java", "restoration_status": "RESTORED", "green_command": "python3 scripts/harness/run.py performance (isolated copy)", "green_exit_code": 0, "baseline_output_sha256": "d8c12cafae6efbde6cdb867456bec7d72cd535ddc0f23a5ddd0098da0fa7437a", "red_output_sha256": "d20e5b32d6210276a207868dd92d40cb96ca69bb88ffda23520db33eef8d31f6", "restored_output_sha256": "1e429424725f9e7017b4a678c9127e1bd4e7f43f476d5359e6b779ac5a455b0b", "baseline_counts": ["SEMANTIC_TEST_COUNT=203971", "PERFORMANCE_TEST_COUNT=96"], "restored_counts": ["SEMANTIC_TEST_COUNT=203971", "PERFORMANCE_TEST_COUNT=96"]}
checkpoint	Full first-slice gates and restored challenge	2026-09-11T18:35:47.0030300Z PASS SEMANTIC CHALLENGE: 3 restored falsifications and second GREEN
checkpoint	Full first-slice gates and restored challenge	2026-09-11T18:35:54.6817968Z {"id": "R1-A-RECEIPT", "mutation": "remote_errors(certificate[\"frozen_contract\"][\"required_remote_checks\"], expected, receipt) -> remote_errors(certificate[\"frozen_contract\"][\"required_remote_checks\"], receipt[\"pushed_sha\"], receipt)", "expected_oracle": "ReviewDocuments.test_history_rejects_self_consistent_wrong_receipt", "baseline_exit_code": 0, "observed_exit_code": 1, "failure_reason": "AssertionError: ReviewDocuments.test_history_rejects_self_consistent_wrong_receipt", "baseline_digest": "82bd3699843ed0ecf1542cd144606dfd1bceb5c1f159c838e7db72a35a30650f", "restored_digest": "82bd3699843ed0ecf1542cd144606dfd1bceb5c1f159c838e7db72a35a30650f", "digest_scope": "scripts/harness/checks.py", "restoration_status": "RESTORED", "green_exit_code": 0, "green_command": "python3 -B scripts/harness/tests/test_human_review.py ReviewDocuments.test_history_rejects_self_consistent_wrong_receipt -v (isolated copy)", "baseline_output_sha256": "147e28b60e09862b8c230adb3369e07ecbef6c9f17cf745d033610a6120bc250", "red_output_sha256": "e381281c3629f20f6f9bccf67d85a0ce6727337f6ae2973d1fe3cef27b29d4ca", "restored_output_sha256": "497436bad2c2bcb9a387554b7f9356f950d8428c66d065dd4ef607343d1efcfc"}
checkpoint	Full first-slice gates and restored challenge	2026-09-11T18:35:54.6832214Z {"id": "R1-B-ORACLE", "mutation": "if usage == \"candidate_immutable\": -> if False and usage == \"candidate_immutable\":", "expected_oracle": "FreezeCandidate.test_immutable_oracle_candidate_and_committed_bytes", "baseline_exit_code": 0, "observed_exit_code": 1, "failure_reason": "AssertionError: FreezeCandidate.test_immutable_oracle_candidate_and_committed_bytes", "baseline_digest": "9016e4668322016423778aeb7ad69a1456eb4ffe6491a963af492ba8725a2be1", "restored_digest": "9016e4668322016423778aeb7ad69a1456eb4ffe6491a963af492ba8725a2be1", "digest_scope": "scripts/harness/git_checks.py", "restoration_status": "RESTORED", "green_exit_code": 0, "green_command": "python3 -B scripts/harness/tests/test_human_review.py FreezeCandidate.test_immutable_oracle_candidate_and_committed_bytes -v (isolated copy)", "baseline_output_sha256": "27463545b2ce5d5abb1632a0df793b229c8984ff0493e358df4d5da9a8f89489", "red_output_sha256": "e91e1137693bd2c8d0e9b591abdab6ea18d6988ed388a75e95a7ce15c7bd7f35", "restored_output_sha256": "4c95bd1bd092f1b2e4b1b1c1473f80102e2626e1c68da0823853061217b1064e"}
checkpoint	Full first-slice gates and restored challenge	2026-09-11T18:35:54.6840157Z {"id": "R1-C-AUTHORITY", "mutation": "if for_execution: -> if False and for_execution:", "expected_oracle": "ReviewDocuments.test_history_never_authorizes_execution", "baseline_exit_code": 0, "observed_exit_code": 1, "failure_reason": "AssertionError: ReviewDocuments.test_history_never_authorizes_execution", "baseline_digest": "82bd3699843ed0ecf1542cd144606dfd1bceb5c1f159c838e7db72a35a30650f", "restored_digest": "82bd3699843ed0ecf1542cd144606dfd1bceb5c1f159c838e7db72a35a30650f", "digest_scope": "scripts/harness/checks.py", "restoration_status": "RESTORED", "green_exit_code": 0, "green_command": "python3 -B scripts/harness/tests/test_human_review.py ReviewDocuments.test_history_never_authorizes_execution -v (isolated copy)", "baseline_output_sha256": "8a7faecc0683dbb40b79ca3b6373a286972253479bf8571cc10cd1c42b39a2f8", "red_output_sha256": "074f952867b5b960844ba37a41fed1461ae79df768d5f9a3cba8c64b6da4a340", "restored_output_sha256": "8ee2e7b388123368f127be0a5345fbb303452805a4ef5a720e95ea62b58c62a0"}
checkpoint	Full first-slice gates and restored challenge	2026-09-11T18:35:54.6847040Z {"id": "R1-D-WORKFLOW", "mutation": "branches: ['**'] -> branches: ['feat/first-entry-goback-slice']", "expected_oracle": "WorkflowPolicy.test_push_policy_covers_new_work_branch_and_main", "baseline_exit_code": 0, "observed_exit_code": 1, "failure_reason": "AssertionError: WorkflowPolicy.test_push_policy_covers_new_work_branch_and_main", "baseline_digest": "06992bc0e4783b6d93d648f925bb0b395cf410478abd86f68479467333b4a8a0", "restored_digest": "06992bc0e4783b6d93d648f925bb0b395cf410478abd86f68479467333b4a8a0", "digest_scope": ".github/workflows/checkpoint.yml", "restoration_status": "RESTORED", "green_exit_code": 0, "green_command": "python3 -B scripts/harness/tests/test_human_review.py WorkflowPolicy.test_push_policy_covers_new_work_branch_and_main -v (isolated copy)", "baseline_output_sha256": "e6c6d898d049c0fb5410df7ecf344790ccf5631ab288d07a61806d9058f8469f", "red_output_sha256": "0b884d6f4a6b2058805ea9bb98eb26739eba941d386b59bd8440f573cc7a2c56", "restored_output_sha256": "e6c6d898d049c0fb5410df7ecf344790ccf5631ab288d07a61806d9058f8469f"}
checkpoint	Full first-slice gates and restored challenge	2026-09-11T18:35:54.6854473Z {"id": "R1-E-SHA", "mutation": "and c.get(\"head_sha\") == sha -> and True", "expected_oracle": "RemoteLifecycle.test_wrong_sha_success_still_rejected", "baseline_exit_code": 0, "observed_exit_code": 1, "failure_reason": "AssertionError: RemoteLifecycle.test_wrong_sha_success_still_rejected", "baseline_digest": "82bd3699843ed0ecf1542cd144606dfd1bceb5c1f159c838e7db72a35a30650f", "restored_digest": "82bd3699843ed0ecf1542cd144606dfd1bceb5c1f159c838e7db72a35a30650f", "digest_scope": "scripts/harness/checks.py", "restoration_status": "RESTORED", "green_exit_code": 0, "green_command": "python3 -B scripts/harness/tests/test_human_review.py RemoteLifecycle.test_wrong_sha_success_still_rejected -v (isolated copy)", "baseline_output_sha256": "56a52249fcb5480b0fc3614d23b807ab8b9c450efc2dccd8c06af0808e941812", "red_output_sha256": "7ddfb102686feedfa0c907f0e0e59130b1d5f061c00f204917f5e998b0667346", "restored_output_sha256": "56a52249fcb5480b0fc3614d23b807ab8b9c450efc2dccd8c06af0808e941812"}
checkpoint	Full first-slice gates and restored challenge	2026-09-11T18:35:54.6858262Z PASS REVIEW CHALLENGE: 5 restored falsifications and second GREEN
checkpoint	Full first-slice gates and restored challenge	2026-09-11T18:44:08.4137174Z {"id": "AIR-JACKSON", "mutation": "codec.encode(publication) -> new com.fasterxml.jackson.databind.ObjectMapper().writeValueAsBytes(publication)", "expected_oracle": "ARCH_AIR_OUTPUT JSON library", "observed_exit_code": 1, "failure_reason": "ARCH_AIR_OUTPUT JSON library outside SP input: /tmp/lower-output-challenge-flmtewo2/adapters/src/main/java/io/github/gustavo2358/lower/adapters/air/AirFileOutput.java", "baseline_exit_code": 0, "baseline_digest": "f2abf9d185c5e19624334955397538a97f25e0e381704a52bd4e5fcea12f477d", "restored_digest": "f2abf9d185c5e19624334955397538a97f25e0e381704a52bd4e5fcea12f477d", "restoration_status": "RESTORED", "green_command": "python3 scripts/harness/run.py semantic; focal boundary (isolated copy)", "green_exit_code": 0, "baseline_output_sha256": "33ea33beb0b04c2e8f14423346b6a57d5e6d256691d3b08ed3f055be0e359442", "red_output_sha256": "ed47512f61f68d821d8861b48f61d491b8829dd1edd186a048094e4cbd4c61df", "restored_output_sha256": "73d582410b63f2b6920592ebe03b20ad42cd68e82ba36612bd422b4b9b35d1bc"}
checkpoint	Full first-slice gates and restored challenge	2026-09-11T18:44:08.4147090Z {"id": "AIR-NEWLINE", "mutation": "files.write(temporary, bytes); -> files.write(temporary, (new String(bytes, java.nio.charset.StandardCharsets.UTF_8) + \"\\n\").getBytes(java.nio.charset.StandardCharsets.UTF_8));", "expected_oracle": "exact shared codec bytes", "observed_exit_code": 1, "failure_reason": "java.lang.AssertionError: AIR_OUTPUT exact shared codec bytes", "baseline_exit_code": 0, "baseline_digest": "f2abf9d185c5e19624334955397538a97f25e0e381704a52bd4e5fcea12f477d", "restored_digest": "f2abf9d185c5e19624334955397538a97f25e0e381704a52bd4e5fcea12f477d", "restoration_status": "RESTORED", "green_command": "python3 scripts/harness/run.py semantic; focal semantic (isolated copy)", "green_exit_code": 0, "baseline_output_sha256": "fc61bab562178d6b38f629a86006320198cd1dd1be63f353f9a969feb6f4ae3c", "red_output_sha256": "98de393aab3e32f60280c8be4a2a8522bc35ff3476ae478dda98a8c8621e2033", "restored_output_sha256": "1f93cf6cd53f34deb1d52e147912deac1337275e9b509d546134d345248723c7"}
checkpoint	Full first-slice gates and restored challenge	2026-09-11T18:44:08.4154833Z {"id": "NON-SUCCESS-WRITES", "mutation": "err.println(\"Lowering \" + result.status()); -> try { output.write(new CobolLowerer().lower(result.admission().input().orElseThrow(), options).publication().orElseThrow(), destination); }\n            catch (IOException ex) { throw new IllegalStateException(ex); }\n            err.println(\"Lowering \" + result.status());", "expected_oracle": "non-SUCCESS never invokes physical output", "observed_exit_code": 1, "failure_reason": "Exception in thread \"main\" java.lang.AssertionError: AIR_OUTPUT non-SUCCESS never invokes physical output", "baseline_exit_code": 0, "baseline_digest": "cd076a74f28972878fb5d3f95f722ef506e92a338fdf2585dbf32ca2c6b2520a", "restored_digest": "cd076a74f28972878fb5d3f95f722ef506e92a338fdf2585dbf32ca2c6b2520a", "restoration_status": "RESTORED", "green_command": "python3 scripts/harness/run.py semantic; focal output (isolated copy)", "green_exit_code": 0, "baseline_output_sha256": "8fa382755b4951d3ad63c18328a00d0788a20e6188f18246ee6cd3dae68b5ac8", "red_output_sha256": "8d01dd70b0293c08850287030a9324d7c19a4355943fd19e3437d3670b11aab8", "restored_output_sha256": "8546b15f699dc1e5037c48e43011d4d083b6d89b54cccbbcf569158a31a4c7da"}
checkpoint	Full first-slice gates and restored challenge	2026-09-11T18:44:08.4162249Z {"id": "LOWERING-EXIT-ZERO", "mutation": "return LOWERING; -> return SUCCESS;", "expected_oracle": "expected exit 4", "observed_exit_code": 1, "failure_reason": "Exception in thread \"main\" java.lang.AssertionError: AIR_OUTPUT expected exit 4, got Execution[code=0, diagnostic=Lowering INVALID_INPUT", "baseline_exit_code": 0, "baseline_digest": "cd076a74f28972878fb5d3f95f722ef506e92a338fdf2585dbf32ca2c6b2520a", "restored_digest": "cd076a74f28972878fb5d3f95f722ef506e92a338fdf2585dbf32ca2c6b2520a", "restoration_status": "RESTORED", "green_command": "python3 scripts/harness/run.py semantic; focal output (isolated copy)", "green_exit_code": 0, "baseline_output_sha256": "31af30d7529a034ef55f8f97af3db6bf1fadf089478152d52c4a28a73e134aed", "red_output_sha256": "7554053ef6414928653e38654b3a28cb9ea5b10372c63a00124301e369282d57", "restored_output_sha256": "abbd2e832dc43f7ed1f2bc54c14a728068a8857036ac4cc537234d2c2d5a9e4c"}
checkpoint	Full first-slice gates and restored challenge	2026-09-11T18:44:08.4168571Z {"id": "CODEC-EXIT-ZERO", "mutation": "return CODEC; -> return SUCCESS;", "expected_oracle": "expected exit 5", "observed_exit_code": 1, "failure_reason": "java.lang.AssertionError: AIR_OUTPUT expected exit 5, got Execution[code=0, diagnostic=AIR codec RESOURCE_LIMIT $: Output byte limit exceeded", "baseline_exit_code": 0, "baseline_digest": "cd076a74f28972878fb5d3f95f722ef506e92a338fdf2585dbf32ca2c6b2520a", "restored_digest": "cd076a74f28972878fb5d3f95f722ef506e92a338fdf2585dbf32ca2c6b2520a", "restoration_status": "RESTORED", "green_command": "python3 scripts/harness/run.py semantic; focal semantic (isolated copy)", "green_exit_code": 0, "baseline_output_sha256": "8f7d4abf99bc8441fb621d266b1bb035dc57db2660711876f84fa87d386b768c", "red_output_sha256": "09b7936a6148d792240402236dc7eb4ce200f0ef00d814a9f941bb275565bc83", "restored_output_sha256": "1c025d5302b3f9d4e67107c50690988f87cd17a9e0e5eb59acea8231c4969d27"}
checkpoint	Full first-slice gates and restored challenge	2026-09-11T18:44:08.4175018Z {"id": "CORE-CODEC", "mutation": "</dependencies> -> <dependency><groupId>io.github.gustavo2358</groupId><artifactId>air-json</artifactId></dependency></dependencies>", "expected_oracle": "ARCH_DEPENDENCY", "observed_exit_code": 1, "failure_reason": "FAIL ARCH_DEPENDENCY ('io.github.gustavo2358', 'air-json', '0.1.0-SNAPSHOT')", "baseline_exit_code": 0, "baseline_digest": "f458f5bfdc296cff14799178890267fa974684936568e7b0be48034b56efbf6b", "restored_digest": "f458f5bfdc296cff14799178890267fa974684936568e7b0be48034b56efbf6b", "restoration_status": "RESTORED", "green_command": "python3 scripts/harness/run.py semantic; focal architecture (isolated copy)", "green_exit_code": 0, "baseline_output_sha256": "35014642b0bea63701bc3b706ce9dbd7223aba98742add88212219e9ca540e3a", "red_output_sha256": "cdca9da56520ece229bf8d59f1fa990aa64ae531fc99fcd629827f16ecc4c90f", "restored_output_sha256": "27f7fa970b88055e57617dce9db5819a7c0cd1b2f604c91895805eae233c0a8e"}
checkpoint	Full first-slice gates and restored challenge	2026-09-11T18:44:08.4181515Z {"id": "SUITE-REMOVED", "mutation": "<execution><id>air-output-suite</id> -> remove execution", "expected_oracle": "AIR output tests absent/zero/duplicate", "observed_exit_code": 1, "failure_reason": "FAIL AIR output tests absent/zero/duplicate", "baseline_exit_code": 0, "baseline_digest": "15f07ac8c8f091863027a013d63c1796b656d4862bafb46383642c8c7893f7b8", "restored_digest": "15f07ac8c8f091863027a013d63c1796b656d4862bafb46383642c8c7893f7b8", "restoration_status": "RESTORED", "green_command": "python3 scripts/harness/run.py semantic; focal semantic (isolated copy)", "green_exit_code": 0, "baseline_output_sha256": "6dced88604ec83fe786fed1ad84630295b9919c0c0a4599d739d73825b49da89", "red_output_sha256": "6b8edfa3f776d29dd05a4a10670ab066018294a98bf5382d11147e76156ea020", "restored_output_sha256": "0b8081f4c9b831878544124b9b2809f0d6a63c15ccd70a3e850da6d070080639"}
checkpoint	Full first-slice gates and restored challenge	2026-09-11T18:44:08.4187922Z {"id": "SUITE-SKIPPED", "mutation": "<mainClass>io.github.gustavo2358.lower.adapters.air.AirOutputSuite</mainClass> -> <skip>true</skip><mainClass>io.github.gustavo2358.lower.adapters.air.AirOutputSuite</mainClass>", "expected_oracle": "AIR output tests absent/zero/duplicate", "observed_exit_code": 1, "failure_reason": "FAIL AIR output tests absent/zero/duplicate", "baseline_exit_code": 0, "baseline_digest": "15f07ac8c8f091863027a013d63c1796b656d4862bafb46383642c8c7893f7b8", "restored_digest": "15f07ac8c8f091863027a013d63c1796b656d4862bafb46383642c8c7893f7b8", "restoration_status": "RESTORED", "green_command": "python3 scripts/harness/run.py semantic; focal semantic (isolated copy)", "green_exit_code": 0, "baseline_output_sha256": "100ae2edd5150935a2cdc7390339f826aa94934c61a6cad25f5bd9b8fa4af230", "red_output_sha256": "b0bb89683ac2e84bb93196c8b74afbf967ab7ac4ece32167795fd7c04d5b90f4", "restored_output_sha256": "d52a3d522629f4908d7d93c452e7715b56251ea1419ab6b8b7a853f14bec66ca"}
checkpoint	Full first-slice gates and restored challenge	2026-09-11T18:44:08.4195234Z {"id": "OUTPUT-BEFORE-ENCODE", "mutation": "byte[] bytes = codec.encode(publication);\n        Path target = destination.toAbsolutePath();\n        Path temporary = files.temporary(target.getParent()); -> Path target = destination.toAbsolutePath();\n        Path temporary = files.temporary(target.getParent());\n        byte[] bytes = codec.encode(publication);", "expected_oracle": "encode completes before any physical publication", "observed_exit_code": 1, "failure_reason": "java.lang.AssertionError: AIR_OUTPUT encode completes before any physical publication", "baseline_exit_code": 0, "baseline_digest": "f2abf9d185c5e19624334955397538a97f25e0e381704a52bd4e5fcea12f477d", "restored_digest": "f2abf9d185c5e19624334955397538a97f25e0e381704a52bd4e5fcea12f477d", "restoration_status": "RESTORED", "green_command": "python3 scripts/harness/run.py semantic; focal semantic (isolated copy)", "green_exit_code": 0, "baseline_output_sha256": "53cbd0c5ea650130f0aac3f78c9d70686327a21f8bfbe5c689eb04780d07d5d6", "red_output_sha256": "6bbf79a15b30b899498322ef1961c0131dfbc5f5c91d8e09baaafe73be33f510", "restored_output_sha256": "264ca88a2f9d003752905104592bf2c69c18ffb874e328930ab0cbf602bac11e"}
checkpoint	Full first-slice gates and restored challenge	2026-09-11T18:44:08.4199954Z PASS AIR OUTPUT CHALLENGE: 9 restored falsifications and second GREEN
checkpoint	Full first-slice gates and restored challenge	2026-09-11T18:47:33.7715157Z {"id": "program-point-successor", "mutation": [["core/src/main/java/io/github/gustavo2358/lower/application/ScalarMoveAdmission.java", "current = move.normalContinuation().statement().orElseThrow();", "current = input.statements().stream().filter(s -> s.header().programPoint() > move.header().programPoint()).min(java.util.Comparator.comparingInt(s -> s.header().programPoint())).map(s -> s.header().id()).orElse(move.header().id());"]], "expected_oracle": "SCALAR reject unavailable dangling cyclic continuation", "baseline_exit_code": 0, "observed_exit_code": 1, "failure_reason": "java.lang.AssertionError: SCALAR reject unavailable dangling cyclic continuation", "baseline_digest": "6d0f74cda355f12f6e50f955d53d4680cfd4f16ca5a648c50087376db705f0e7", "restored_digest": "6d0f74cda355f12f6e50f955d53d4680cfd4f16ca5a648c50087376db705f0e7", "restoration_status": "RESTORED", "green_command": "mvn -pl core test-compile exec:java -Dexec.mainClass=io.github.gustavo2358.lower.testing.ScalarSuite -Dexec.classpathScope=test (isolated; pinned m2)", "green_exit_code": 0, "red_log_sha256": "008155d12383c0eb3582fd20ee7511822f3b36400439874b627f58a15410a3dc", "second_green_log_sha256": "dcaadee57a773dbe600993670f47957bd16c5b04db4d1afea7a6dbafa69d81fa"}
checkpoint	Full first-slice gates and restored challenge	2026-09-11T18:47:33.7723656Z {"id": "ignore-full-identity", "mutation": [["core/src/main/java/io/github/gustavo2358/lower/application/ScalarMoveAdmission.java", "m.copySemantics() == CopySemantics.FULL_IDENTITY", "true"]], "expected_oracle": "SCALAR reject FULL_IDENTITY absent", "baseline_exit_code": 0, "observed_exit_code": 1, "failure_reason": "java.lang.AssertionError: SCALAR reject FULL_IDENTITY absent", "baseline_digest": "6d0f74cda355f12f6e50f955d53d4680cfd4f16ca5a648c50087376db705f0e7", "restored_digest": "6d0f74cda355f12f6e50f955d53d4680cfd4f16ca5a648c50087376db705f0e7", "restoration_status": "RESTORED", "green_command": "mvn -pl core test-compile exec:java -Dexec.mainClass=io.github.gustavo2358.lower.testing.ScalarSuite -Dexec.classpathScope=test (isolated; pinned m2)", "green_exit_code": 0, "red_log_sha256": "a9eb816e8d9df73259eb0ebb15ad819ed236796288c93dbcad7681a749fa5200", "second_green_log_sha256": "079178be6405eac108d75fc1f57abfb66dfd3fb5e8cbfbb1231785ba57aacf98"}
checkpoint	Full first-slice gates and restored challenge	2026-09-11T18:47:33.7731231Z {"id": "invent-whole-access", "mutation": [["core/src/main/java/io/github/gustavo2358/lower/domain/SpInput.java", "Objects.requireNonNull(wholeItemAccess); Objects.requireNonNull(provenance);", "Objects.requireNonNull(wholeItemAccess); wholeItemAccess = wholeItemAccess.or(() -> binding.selected().map(WholeItemAccess::new)); Objects.requireNonNull(provenance);"]], "expected_oracle": "SCALAR reject wholeItemAccess absent", "baseline_exit_code": 0, "observed_exit_code": 1, "failure_reason": "java.lang.AssertionError: SCALAR reject wholeItemAccess absent", "baseline_digest": "97a2eb1bf61ed28df140e9d54224073c6fe78a7bcb191902fb013d851a700e03", "restored_digest": "97a2eb1bf61ed28df140e9d54224073c6fe78a7bcb191902fb013d851a700e03", "restoration_status": "RESTORED", "green_command": "mvn -pl core test-compile exec:java -Dexec.mainClass=io.github.gustavo2358.lower.testing.ScalarSuite -Dexec.classpathScope=test (isolated; pinned m2)", "green_exit_code": 0, "red_log_sha256": "88649d3c63c55fa0cda13fd4d63a9dc75805c9a7ccca362af0954433babe1867", "second_green_log_sha256": "eb047e3f83136276e55171bf947281b675a4996490aa8eca47efdd8f680be15c"}
checkpoint	Full first-slice gates and restored challenge	2026-09-11T18:47:33.7739058Z {"id": "ignore-selected-mismatch", "mutation": [["core/src/main/java/io/github/gustavo2358/lower/application/ScalarMoveAdmission.java", "b.selected().equals(Optional.of(data.id()))", "true"]], "expected_oracle": "SCALAR reject selected wholeItem mismatch", "baseline_exit_code": 0, "observed_exit_code": 1, "failure_reason": "java.lang.AssertionError: SCALAR reject selected wholeItem mismatch", "baseline_digest": "6d0f74cda355f12f6e50f955d53d4680cfd4f16ca5a648c50087376db705f0e7", "restored_digest": "6d0f74cda355f12f6e50f955d53d4680cfd4f16ca5a648c50087376db705f0e7", "restoration_status": "RESTORED", "green_command": "mvn -pl core test-compile exec:java -Dexec.mainClass=io.github.gustavo2358.lower.testing.ScalarSuite -Dexec.classpathScope=test (isolated; pinned m2)", "green_exit_code": 0, "red_log_sha256": "2cc810e2f2ff35fbc8a84761e19a385635a246cf4f6cd3420e592c704818c65a", "second_green_log_sha256": "ea6d47c3ef511dd2b89ae8f4d56dbc05209c31da32bfeeb7d67ad8ce77fd7cd6"}
checkpoint	Full first-slice gates and restored challenge	2026-09-11T18:47:33.7746233Z {"id": "object-per-reference", "mutation": [["core/src/main/java/io/github/gustavo2358/lower/application/ScalarMoveLowerer.java", "ScalarDataTranslator.translate(plan.data(),", "ScalarDataTranslator.translate(plan.moves().stream().map(m -> plan.data().stream().filter(d -> d.id().equals(m.target().binding().selected().orElseThrow())).findFirst().orElseThrow()).toList(),"]], "expected_oracle": "SCALAR one Object per declaration", "baseline_exit_code": 0, "observed_exit_code": 1, "failure_reason": "java.lang.AssertionError: SCALAR one Object per declaration", "baseline_digest": "bdaaf91fb66f38eb9e865b089c5b1ef60c8ac9e2b37aaf6871f5d2fddf8b9537", "restored_digest": "bdaaf91fb66f38eb9e865b089c5b1ef60c8ac9e2b37aaf6871f5d2fddf8b9537", "restoration_status": "RESTORED", "green_command": "mvn -pl core test-compile exec:java -Dexec.mainClass=io.github.gustavo2358.lower.testing.ScalarSuite -Dexec.classpathScope=test (isolated; pinned m2)", "green_exit_code": 0, "red_log_sha256": "a4d6002c3f981ac913b4d7596b653315ecc4f8b5e8ce8a690813b677f4a598d5", "second_green_log_sha256": "ba19486cf3ca97f8db19ef0ee40d708b07f871e8c687be6f5871fb50a4eefc6e"}
checkpoint	Full first-slice gates and restored challenge	2026-09-11T18:47:33.7754176Z {"id": "cell-per-move", "mutation": [["core/src/main/java/io/github/gustavo2358/lower/application/ScalarMoveLowerer.java", "List.of(body), data.storage(),", "List.of(body), java.util.Collections.nCopies(plan.moves().size(), data.storage().getFirst()),"]], "expected_oracle": "SCALAR precise input must lower", "baseline_exit_code": 0, "observed_exit_code": 1, "failure_reason": "java.lang.AssertionError: SCALAR precise input must lower: OUTPUT_INVALID []", "baseline_digest": "bdaaf91fb66f38eb9e865b089c5b1ef60c8ac9e2b37aaf6871f5d2fddf8b9537", "restored_digest": "bdaaf91fb66f38eb9e865b089c5b1ef60c8ac9e2b37aaf6871f5d2fddf8b9537", "restoration_status": "RESTORED", "green_command": "mvn -pl core test-compile exec:java -Dexec.mainClass=io.github.gustavo2358.lower.testing.ScalarSuite -Dexec.classpathScope=test (isolated; pinned m2)", "green_exit_code": 0, "red_log_sha256": "05f73dc02b861df4950802194e204716369d2b03ed6115af14435d881a74a83e", "second_green_log_sha256": "879d97bfb7f2ed849b75e4369163a448b4f520b955b09ee2909cbbc863c6ead2"}
checkpoint	Full first-slice gates and restored challenge	2026-09-11T18:47:33.7762136Z {"id": "name-join", "mutation": [["core/src/main/java/io/github/gustavo2358/lower/application/ScalarSequenceAssembler.java", "var target = data.index().get(move.target().wholeItemAccess().orElseThrow().data());", "var target = data.index().values().stream().filter(link -> data.objects().stream().anyMatch(o -> o.id().equals(link.object()) && o.displayName().equals(data.objects().getFirst().displayName()))).findFirst().orElseThrow();"]], "expected_oracle": "SCALAR destination by DataId, never name", "baseline_exit_code": 0, "observed_exit_code": 1, "failure_reason": "java.lang.AssertionError: SCALAR destination by DataId, never name", "baseline_digest": "ee606cffcb2cb522f03325cf73ce67fbd9903eb1d6d28f90303e495ba1cce356", "restored_digest": "ee606cffcb2cb522f03325cf73ce67fbd9903eb1d6d28f90303e495ba1cce356", "restoration_status": "RESTORED", "green_command": "mvn -pl core test-compile exec:java -Dexec.mainClass=io.github.gustavo2358.lower.testing.ScalarSuite -Dexec.classpathScope=test (isolated; pinned m2)", "green_exit_code": 0, "red_log_sha256": "408272e679a8bced0183ea6257b3a64db50b4732a039f342bde8af356a76fdf2", "second_green_log_sha256": "45d09cbfb60c7145a3b8636ffb2497f3b9e42a6c5d19bcc1d1eddc7dd4a5bd9c"}
checkpoint	Full first-slice gates and restored challenge	2026-09-11T18:47:33.7769975Z {"id": "write-as-read", "mutation": [["core/src/main/java/io/github/gustavo2358/lower/application/MoveHandler.java", "Operand.Role.VALUE_WRITE", "Operand.Role.VALUE_READ"]], "expected_oracle": "SCALAR precise input must lower: OUTPUT_INVALID", "baseline_exit_code": 0, "observed_exit_code": 1, "failure_reason": "java.lang.AssertionError: SCALAR precise input must lower: OUTPUT_INVALID []", "baseline_digest": "2cd5b1452aedf60b243b7207687e448b0834b8373898a35e7632e5a46ec267a8", "restored_digest": "2cd5b1452aedf60b243b7207687e448b0834b8373898a35e7632e5a46ec267a8", "restoration_status": "RESTORED", "green_command": "mvn -pl core test-compile exec:java -Dexec.mainClass=io.github.gustavo2358.lower.testing.ScalarSuite -Dexec.classpathScope=test (isolated; pinned m2)", "green_exit_code": 0, "red_log_sha256": "47c7e2c24fbe91ddf6c31a841f15365ec5490c3017eb5750c3d1fd71ddaff602", "second_green_log_sha256": "c898beeb80d93dada6d5e9b17f3b48f906c99f20ae8fa0f312b9652e30ffc3a1"}
checkpoint	Full first-slice gates and restored challenge	2026-09-11T18:47:33.7778372Z {"id": "literal-as-unknown", "mutation": [["core/src/main/java/io/github/gustavo2358/lower/application/MoveHandler.java", "new Expressions.Literal(new Operand.Header(source, Operand.Role.VALUE_READ, sourceOrigin),\n            new Values.TextValue(move.textAdjustment().map(a -> a.result().value()).orElseGet(() -> move.source().logicalValue().orElseThrow().value())))", "new Expressions.Unknown(new Operand.Header(source, Operand.Role.VALUE_READ, sourceOrigin), Types.known(Types.Builtin.TEXT), List.of(), Scopes.NoMemory.INSTANCE, new UncertaintyId(unit.publication(), ids.id(\"uncertainty\", \"scalar-entry-inventory\", unit.localId(), \"0\")))"]], "expected_oracle": "SCALAR literal exact logical text, never UNKNOWN", "baseline_exit_code": 0, "observed_exit_code": 1, "failure_reason": "java.lang.AssertionError: SCALAR literal exact logical text, never UNKNOWN", "baseline_digest": "2cd5b1452aedf60b243b7207687e448b0834b8373898a35e7632e5a46ec267a8", "restored_digest": "2cd5b1452aedf60b243b7207687e448b0834b8373898a35e7632e5a46ec267a8", "restoration_status": "RESTORED", "green_command": "mvn -pl core test-compile exec:java -Dexec.mainClass=io.github.gustavo2358.lower.testing.ScalarSuite -Dexec.classpathScope=test (isolated; pinned m2)", "green_exit_code": 0, "red_log_sha256": "1a2edda8055296d86a90c7725a9f4debe8ded3e485d0673d3c5baed376fb70b6", "second_green_log_sha256": "825c28850cf4d8e376de7c8e5c2e2398c2848c6ff8a45cf1d3c179a57b3ae129"}
checkpoint	Full first-slice gates and restored challenge	2026-09-11T18:47:33.7786610Z {"id": "drop-data-link", "mutation": [["core/src/main/java/io/github/gustavo2358/lower/application/ScalarMoveLowerer.java", "List.copyOf(data.index().values()), operands", "List.of(), operands"]], "expected_oracle": "SCALAR DATA correlation complete", "baseline_exit_code": 0, "observed_exit_code": 1, "failure_reason": "java.lang.AssertionError: SCALAR DATA correlation complete", "baseline_digest": "bdaaf91fb66f38eb9e865b089c5b1ef60c8ac9e2b37aaf6871f5d2fddf8b9537", "restored_digest": "bdaaf91fb66f38eb9e865b089c5b1ef60c8ac9e2b37aaf6871f5d2fddf8b9537", "restoration_status": "RESTORED", "green_command": "mvn -pl core test-compile exec:java -Dexec.mainClass=io.github.gustavo2358.lower.testing.ScalarSuite -Dexec.classpathScope=test (isolated; pinned m2)", "green_exit_code": 0, "red_log_sha256": "613bd4d0b52f1862e8eeee658b914e6d1543e5a09fa1bd8af00ea1a2b3040fcb", "second_green_log_sha256": "6c3e45ab386ffa00acb836e50b2442789582a660071abeee5a5adae61e344cf3"}
checkpoint	Full first-slice gates and restored challenge	2026-09-11T18:47:33.7793812Z {"id": "lose-literal-provenance", "mutation": [["core/src/main/java/io/github/gustavo2358/lower/application/MoveHandler.java", "move.source().id().handle(), move.source().provenance()", "move.source().id().handle(), move.header().provenance()"]], "expected_oracle": "SCALAR literal provenance preserved", "baseline_exit_code": 0, "observed_exit_code": 1, "failure_reason": "java.lang.AssertionError: SCALAR literal provenance preserved", "baseline_digest": "2cd5b1452aedf60b243b7207687e448b0834b8373898a35e7632e5a46ec267a8", "restored_digest": "2cd5b1452aedf60b243b7207687e448b0834b8373898a35e7632e5a46ec267a8", "restoration_status": "RESTORED", "green_command": "mvn -pl core test-compile exec:java -Dexec.mainClass=io.github.gustavo2358.lower.testing.ScalarSuite -Dexec.classpathScope=test (isolated; pinned m2)", "green_exit_code": 0, "red_log_sha256": "81cba9f5c91850b99b4b73d7d67f10022dcac78d7cdaf27b21a5ac507eda1fa5", "second_green_log_sha256": "316e80ceac6f46ce167b2962c6908a17ba78d19c047572244382977bb89a4071"}
checkpoint	Full first-slice gates and restored challenge	2026-09-11T18:47:33.7800797Z {"id": "lose-target-provenance", "mutation": [["core/src/main/java/io/github/gustavo2358/lower/application/MoveHandler.java", "move.target().id().handle(), move.target().provenance()", "move.target().id().handle(), move.header().provenance()"]], "expected_oracle": "SCALAR target provenance preserved", "baseline_exit_code": 0, "observed_exit_code": 1, "failure_reason": "java.lang.AssertionError: SCALAR target provenance preserved", "baseline_digest": "2cd5b1452aedf60b243b7207687e448b0834b8373898a35e7632e5a46ec267a8", "restored_digest": "2cd5b1452aedf60b243b7207687e448b0834b8373898a35e7632e5a46ec267a8", "restoration_status": "RESTORED", "green_command": "mvn -pl core test-compile exec:java -Dexec.mainClass=io.github.gustavo2358.lower.testing.ScalarSuite -Dexec.classpathScope=test (isolated; pinned m2)", "green_exit_code": 0, "red_log_sha256": "0f954f36c6ad57f3c9b21413fb5812568ba93360adf40cc5305127bc03252786", "second_green_log_sha256": "8ae29000e07a24238a63154f8866d6915542457afce528a35921c693cb7e7f46"}
checkpoint	Full first-slice gates and restored challenge	2026-09-11T18:47:33.7808206Z {"id": "goback-halt", "mutation": [["core/src/main/java/io/github/gustavo2358/lower/application/GobackHandler.java", "static Operations.Return translate", "static Terminator translate"], ["core/src/main/java/io/github/gustavo2358/lower/application/GobackHandler.java", "new Operations.Return(header, List.of())", "new Operations.Halt(header, Operations.HaltKind.NORMAL)"]], "expected_oracle": "SCALAR GOBACK Return never Halt", "baseline_exit_code": 0, "observed_exit_code": 1, "failure_reason": "java.lang.AssertionError: SCALAR GOBACK Return never Halt", "baseline_digest": "2e617f06043b712a664924659b482f24af2b7203e0325cf244a478f54cd770af", "restored_digest": "2e617f06043b712a664924659b482f24af2b7203e0325cf244a478f54cd770af", "restoration_status": "RESTORED", "green_command": "mvn -pl core test-compile exec:java -Dexec.mainClass=io.github.gustavo2358.lower.testing.ScalarSuite -Dexec.classpathScope=test (isolated; pinned m2)", "green_exit_code": 0, "red_log_sha256": "699552347ea12765333d68b8c0b6b9c872dc9dd34f89e54a700bcb64269cf715", "second_green_log_sha256": "397e359b856372bfa7469515bfa5f9b54025ce0c1b491496199578d185ca833a"}
checkpoint	Full first-slice gates and restored challenge	2026-09-11T18:47:33.7816584Z {"id": "two-sequences", "mutation": [["core/src/main/java/io/github/gustavo2358/lower/application/ScalarMoveLowerer.java", "List.of(entry), List.of(sequence),", "List.of(entry), List.of(sequence, new Sequence(new LabelId(unit, \"extra-label\"), List.of(), new Operations.Return(new Operations.Header(new OperationId(unit, \"extra-return\"), sequence.terminator().header().origin(), sequence.terminator().header().coverage(), sequence.terminator().header().precision(), sequence.terminator().header().uncertainties()), List.of()), sequence.origin())),"]], "expected_oracle": "SCALAR one Sequence for linear chain", "baseline_exit_code": 0, "observed_exit_code": 1, "failure_reason": "java.lang.AssertionError: SCALAR one Sequence for linear chain", "baseline_digest": "bdaaf91fb66f38eb9e865b089c5b1ef60c8ac9e2b37aaf6871f5d2fddf8b9537", "restored_digest": "bdaaf91fb66f38eb9e865b089c5b1ef60c8ac9e2b37aaf6871f5d2fddf8b9537", "restoration_status": "RESTORED", "green_command": "mvn -pl core test-compile exec:java -Dexec.mainClass=io.github.gustavo2358.lower.testing.ScalarSuite -Dexec.classpathScope=test (isolated; pinned m2)", "green_exit_code": 0, "red_log_sha256": "ef05be27d8cf74c7ca63fa6a64aa7c93b0757eaea19e36e8151b006304ab7a79", "second_green_log_sha256": "a2d0396370246628fed421443c5ff2c9cce8ce98aa4002cd426675be4171df2c"}
checkpoint	Full first-slice gates and restored challenge	2026-09-11T18:47:33.7824611Z {"id": "revision-missing-value", "mutation": [["core/src/main/java/io/github/gustavo2358/lower/application/CanonicalRevision.java", "e.word(value.value());", "e.word(\"ignored\");"]], "expected_oracle": "SCALAR new logical value in PublicationId", "baseline_exit_code": 0, "observed_exit_code": 1, "failure_reason": "java.lang.AssertionError: SCALAR new logical value in PublicationId", "baseline_digest": "b626cd9c7855a0868930c38c6f30bf4bb671c923d794987042bddf1033cd452b", "restored_digest": "b626cd9c7855a0868930c38c6f30bf4bb671c923d794987042bddf1033cd452b", "restoration_status": "RESTORED", "green_command": "mvn -pl core test-compile exec:java -Dexec.mainClass=io.github.gustavo2358.lower.testing.ScalarSuite -Dexec.classpathScope=test (isolated; pinned m2)", "green_exit_code": 0, "red_log_sha256": "581d4142bbed91c91db901254af31d20b4c550a08d721ad8ba2c8f190af46c5f", "second_green_log_sha256": "13d5481dfc643ab790f5a4a61aacfad565f070ada52ea946401ceda1042ab42b"}
checkpoint	Full first-slice gates and restored challenge	2026-09-11T18:47:33.7831356Z {"id": "expanded-local-id", "mutation": [["core/src/main/java/io/github/gustavo2358/lower/application/LocalIds.java", "return digest;", "return CanonicalRevision.token(namespace + \"/\" + role + \"/\" + owner + \"/\" + key);"]], "expected_oracle": "SCALAR compact ObjectId", "baseline_exit_code": 0, "observed_exit_code": 1, "failure_reason": "java.lang.AssertionError: SCALAR compact ObjectId", "baseline_digest": "b94e310854f480ac23f713c22b9dafca19b19cd0f27bd89d8e5debbee328c65f", "restored_digest": "b94e310854f480ac23f713c22b9dafca19b19cd0f27bd89d8e5debbee328c65f", "restoration_status": "RESTORED", "green_command": "mvn -pl core test-compile exec:java -Dexec.mainClass=io.github.gustavo2358.lower.testing.ScalarSuite -Dexec.classpathScope=test (isolated; pinned m2)", "green_exit_code": 0, "red_log_sha256": "98d4cc1f4d2161f2f3a6739b3076276aba9f39b91fd02175c390a22047685afd", "second_green_log_sha256": "c188506b1bb6bca5d8bef9e9b02a95b64c81e055a33c151ec0a80351588f2546"}
checkpoint	Full first-slice gates and restored challenge	2026-09-11T18:47:33.7838766Z {"id": "scalar-index-scan", "mutation": [["core/src/main/java/io/github/gustavo2358/lower/application/EntryGobackAdmission.java", "StatementFact lookup(StatementId id) { references++; return statements.get(id); }", "StatementFact lookup(StatementId id) { for (var item : statements.entrySet()) { references++; if (item.getKey().equals(id)) return item.getValue(); } return null; }"]], "expected_oracle": "SCALAR scalar reference ledger 7N+3 no scans", "baseline_exit_code": 0, "observed_exit_code": 1, "failure_reason": "java.lang.AssertionError: SCALAR scalar reference ledger 7N+3 no scans", "baseline_digest": "819e5481e99b0363a48b534d5c8099503206b7f1dad6cbde399c29fc8c096c82", "restored_digest": "819e5481e99b0363a48b534d5c8099503206b7f1dad6cbde399c29fc8c096c82", "restoration_status": "RESTORED", "green_command": "mvn -pl core test-compile exec:java -Dexec.mainClass=io.github.gustavo2358.lower.testing.ScalarSuite -Dexec.classpathScope=test (isolated; pinned m2)", "green_exit_code": 0, "red_log_sha256": "d512c66c9cba397148d6f0224730212b51a851aae51ae3a84b46bc3888277d2b", "second_green_log_sha256": "03c54a01617cb3c031cbdaea7e984a05b409765c8a0a06bd5fe020772ec37211"}
checkpoint	Full first-slice gates and restored challenge	2026-09-11T18:47:33.7843089Z PASS SCALAR CHALLENGE: 17 compiled semantic RED, exact restore and second GREEN
checkpoint	Full first-slice gates and restored challenge	2026-09-11T18:50:57.7945923Z PRODUCTION_CHALLENGE_PREPARED_CORE=current isolated source and tests
checkpoint	Full first-slice gates and restored challenge	2026-09-11T18:50:57.7951878Z {"id": "literal-value-coherence", "mutation": [["adapters/src/main/java/io/github/gustavo2358/lower/adapters/sp/SpJsonDecoder.java", "if (!source.value().equals(logical.value()))", "if (false && !source.value().equals(logical.value()))"]], "expected_oracle": "literal normalized value mismatch", "baseline_exit_code": 0, "observed_exit_code": 1, "failure_reason": "java.lang.AssertionError: SCALAR_WIRE strict physical rejection literal normalized value mismatch", "baseline_digest": "4caf440c702b26f2205202b4754e573312efd6b390ca4ab0706bef3c877fb355", "restored_digest": "4caf440c702b26f2205202b4754e573312efd6b390ca4ab0706bef3c877fb355", "restoration_status": "RESTORED", "green_exit_code": 0, "green_command": "compiled isolated coherence production challenge; pinned m2", "baseline_log_sha256": "ac50b01fceb2466341a78ca0a53641bf30aaba949eeaab81ca012d4549b6a838", "red_log_sha256": "b2d466a25ef9a6602e2876ce76e3ca026150a20eedd8997349cc1ebf3ac7ad8a", "second_green_log_sha256": "b181f7c3a520eaf547a5f41e0671029ddff91f5a202058f79dba7b6269f59e74", "kind": "compiled semantic/gate"}
checkpoint	Full first-slice gates and restored challenge	2026-09-11T18:50:57.7961315Z {"id": "literal-codepoints", "mutation": [["adapters/src/main/java/io/github/gustavo2358/lower/adapters/sp/SpJsonDecoder.java", "logical.logicalExtent() != logical.value().codePointCount(0, logical.value().length())", "false"]], "expected_oracle": "literal code point extent mismatch", "baseline_exit_code": 0, "observed_exit_code": 1, "failure_reason": "java.lang.AssertionError: SCALAR_WIRE strict physical rejection literal code point extent mismatch", "baseline_digest": "4caf440c702b26f2205202b4754e573312efd6b390ca4ab0706bef3c877fb355", "restored_digest": "4caf440c702b26f2205202b4754e573312efd6b390ca4ab0706bef3c877fb355", "restoration_status": "RESTORED", "green_exit_code": 0, "green_command": "compiled isolated coherence production challenge; pinned m2", "baseline_log_sha256": "d060c7deda535f41538b4cebf4d87676d7a4fbe435d6511454749252f992a48e", "red_log_sha256": "44f80ec7a9d7e02005bdd2b93b53a5df8227467a816807609c3fe080b32203a6", "second_green_log_sha256": "5991d4ac69d62c9bb5fabc514504f17ccb0fc21887cf6907095c95e89e28e3ce", "kind": "compiled semantic/gate"}
checkpoint	Full first-slice gates and restored challenge	2026-09-11T18:50:57.7969974Z {"id": "old-production-bytes", "mutation": [["adapters/src/main/java/io/github/gustavo2358/lower/adapters/sp/SpFileInput.java", "byte[] bytes = input.readAllBytes();", "byte[] bytes = input.readAllBytes(); if (bytes.length > 100_000) return new SpJsonDecoder.Rejected(new SpJsonDecoder.Diagnostic(SpJsonDecoder.Code.IMPLEMENTATION_LIMIT, \"physical\", \"$ file byte limit\"));"]], "expected_oracle": "large SP success exit0", "baseline_exit_code": 0, "observed_exit_code": 1, "failure_reason": "java.lang.AssertionError: PRODUCTION large SP success exit0: SP IMPLEMENTATION_LIMIT physical $ file byte limit", "baseline_digest": "3c4d482b65cb461fdcb3913013d20527cbcae5ba2b0817113bdd1a3124b95e62", "restored_digest": "3c4d482b65cb461fdcb3913013d20527cbcae5ba2b0817113bdd1a3124b95e62", "restoration_status": "RESTORED", "green_exit_code": 0, "green_command": "compiled isolated success production challenge; pinned m2", "baseline_log_sha256": "4c1c51a51c8d3611447687864a10626630796ac3c28f93672879005967f2fbb3", "red_log_sha256": "02522f92ea7964160f0925f7e04fb64c90b4a2b87b699e12f7b389cc5b2a37e5", "second_green_log_sha256": "80614a1dcdef3190c77afb9677b37c982ce6ac7d1acd1837d3d8fece55468e2c", "kind": "compiled semantic/gate"}
checkpoint	Full first-slice gates and restored challenge	2026-09-11T18:50:57.7978001Z {"id": "old-production-nodes", "mutation": [["adapters/src/main/java/io/github/gustavo2358/lower/adapters/sp/SpJsonDecoder.java", "meter.nodes++;", "if (++meter.nodes > 50_000) return reject(Code.IMPLEMENTATION_LIMIT, \"$\");"]], "expected_oracle": "large SP success exit0", "baseline_exit_code": 0, "observed_exit_code": 1, "failure_reason": "java.lang.AssertionError: PRODUCTION large SP success exit0: SP IMPLEMENTATION_LIMIT physical $", "baseline_digest": "4caf440c702b26f2205202b4754e573312efd6b390ca4ab0706bef3c877fb355", "restored_digest": "4caf440c702b26f2205202b4754e573312efd6b390ca4ab0706bef3c877fb355", "restoration_status": "RESTORED", "green_exit_code": 0, "green_command": "compiled isolated success production challenge; pinned m2", "baseline_log_sha256": "a19e06521237b22a44a77f7e57f397af11efb2a7440beee6dc1c4b950d944fff", "red_log_sha256": "d17e3f29d85d9c1e06a76656a87bcb986a5ad98bb07e311ec44427e2d6459df5", "second_green_log_sha256": "110c00d6e36266fb1c3d52eebcf9112473b2743b3ec3e4400fbccece4e4b228a", "kind": "compiled semantic/gate"}
checkpoint	Full first-slice gates and restored challenge	2026-09-11T18:50:57.7985494Z {"id": "old-production-entities", "mutation": [["core/src/main/java/io/github/gustavo2358/lower/application/EntryGobackAdmission.java", "entities++;", "if (++entities > 100_000) throw new LimitReached();"]], "expected_oracle": "10k lowering passes production admission", "baseline_exit_code": 0, "observed_exit_code": 1, "failure_reason": "java.lang.AssertionError: PRODUCTION 10k lowering passes production admission: IMPLEMENTATION_LIMIT", "baseline_digest": "1088e1a0350a6086a5eb3c8cc8068f1769539bc18712515d80eaeb2a730733a6", "restored_digest": "1088e1a0350a6086a5eb3c8cc8068f1769539bc18712515d80eaeb2a730733a6", "restoration_status": "RESTORED", "green_exit_code": 0, "green_command": "compiled isolated large production challenge; pinned m2", "baseline_log_sha256": "e4758a8cec1a48554e9db9c103cb35b75c638d3fa2386eedc2c5a84b5be0304d", "red_log_sha256": "5684453d18780308736d670a9da889e5eea15fa5aa3fe0c94a6743bb10a46852", "second_green_log_sha256": "f9e4d8f81db908382d41aaef7619a00d0835738b58ba18ed203ba646519623fb", "kind": "compiled semantic/gate"}
checkpoint	Full first-slice gates and restored challenge	2026-09-11T18:50:57.7992702Z {"id": "remove-production-probe", "mutation": [["adapters/src/test/java/io/github/gustavo2358/lower/adapters/air/AirOutputSuite.java", "int production = ProductionPathSuite.run();", "int production = 1;"]], "expected_oracle": "production path probe absent/zero", "baseline_exit_code": 0, "observed_exit_code": 1, "failure_reason": "FAIL production path probe absent/zero", "baseline_digest": "9714272c89017481d5ca8e69054676ccfda35a3843965e726cec6151ed7c9588", "restored_digest": "9714272c89017481d5ca8e69054676ccfda35a3843965e726cec6151ed7c9588", "restoration_status": "RESTORED", "green_exit_code": 0, "green_command": "compiled isolated semantic production challenge; pinned m2", "baseline_log_sha256": "350574fe29ccf3c23a78140637fbeb7a6e042dec81cb489de68eafba1b6a045d", "red_log_sha256": "6e847f48e58bdb77e03b783210801124a1bbee0e7b2844135672f47549e48a21", "second_green_log_sha256": "7cbd5053a969075c3afd40bc53f5a04c631e2bfd3201a90bd030b30b7d111160", "kind": "compiled semantic/gate"}
checkpoint	Full first-slice gates and restored challenge	2026-09-11T18:50:57.8000856Z {"id": "input-failure-as-expected", "mutation": [["adapters/src/main/java/io/github/gustavo2358/lower/adapters/sp/SpFileInput.java", "byte[] bytes = input.readAllBytes();", "byte[] bytes = input.readAllBytes(); if (bytes.length > 100_000) return new SpJsonDecoder.Rejected(new SpJsonDecoder.Diagnostic(SpJsonDecoder.Code.IMPLEMENTATION_LIMIT, \"physical\", \"$ file byte limit\"));"], ["adapters/src/test/java/io/github/gustavo2358/lower/adapters/air/ProductionPathSuite.java", "check(code == CobolLower.SUCCESS,", "check(code == CobolLower.INPUT,"]], "expected_oracle": "successful production output exists", "baseline_exit_code": 0, "observed_exit_code": 1, "failure_reason": "java.lang.AssertionError: PRODUCTION successful production output exists", "baseline_digest": "7d78a43b9b0ae6152fe1ed98e6aa5f7e21c3b5f48f2eb4fcbe6997290f3ee7ee", "restored_digest": "7d78a43b9b0ae6152fe1ed98e6aa5f7e21c3b5f48f2eb4fcbe6997290f3ee7ee", "restoration_status": "RESTORED", "green_exit_code": 0, "green_command": "compiled isolated success production challenge; pinned m2", "baseline_log_sha256": "a9040415f6b49fd70ab57be75758c52ef20c6ce5090d7a293ad40c06965f08ab", "red_log_sha256": "bc493198d6ba7681d9edc126ffbd3f7f2c7746a8b5a9375d663b858fc11b58dc", "second_green_log_sha256": "e4522f485ec0655851ef23417fce3f16576e933956e0ed290449b696a96a6f49", "kind": "compiled semantic/gate"}
checkpoint	Full first-slice gates and restored challenge	2026-09-11T18:50:57.8009923Z {"id": "raise-air-limit", "mutation": [["adapters/src/main/java/io/github/gustavo2358/lower/adapters/air/AirFileOutput.java", "this(new AirJson(), new FileOperations());", "this(new AirJson(new AirJson.Limits(512 * 1024 * 1024, 128), io.github.gustavo2358.air.validation.ValidationOptions.defaults()), new FileOperations());"]], "expected_oracle": "PRODUCTION_SCOPE immutable transport/core", "baseline_exit_code": 0, "observed_exit_code": 1, "failure_reason": "PRODUCTION_SCOPE immutable transport/core adapters/src/main/java/io/github/gustavo2358/lower/adapters/air/AirFileOutput.java", "baseline_digest": "9148d624336a0d3658007341d0c12885e23c48f90780067c13eb7fb91baf78ba", "restored_digest": "9148d624336a0d3658007341d0c12885e23c48f90780067c13eb7fb91baf78ba", "restoration_status": "RESTORED", "green_exit_code": 0, "green_command": "compiled isolated scope production challenge; pinned m2", "baseline_log_sha256": "2d2667c8a231f32895140b2c77a63123212d4e9406bba8b6e6e850e2c1decf7f", "red_log_sha256": "2dd9af4201df4ec967559b8feefe7a88f3c9066d81cb1cae44afd035d2139077", "second_green_log_sha256": "192fadccb02c0a8e7a10518a8a2f949b3415a46297ca795d472a7070803b4093", "kind": "scope/diff guard after compilation"}
checkpoint	Full first-slice gates and restored challenge	2026-09-11T18:50:57.8018117Z {"id": "new-streaming-codec", "mutation": [["adapters/src/main/java/io/github/gustavo2358/lower/adapters/sp/StreamingSpReader.java", null, "package io.github.gustavo2358.lower.adapters.sp; final class StreamingSpReader {}\n"]], "expected_oracle": "PRODUCTION_SCOPE unexpected source", "baseline_exit_code": 0, "observed_exit_code": 1, "failure_reason": "PRODUCTION_SCOPE unexpected source adapters/src/main/java/io/github/gustavo2358/lower/adapters/sp/StreamingSpReader.java", "baseline_digest": "20ad4f0a5fb49d9aaf1697fe0b8e85416bb628ae3e23157828ce0c572f91b554", "restored_digest": "20ad4f0a5fb49d9aaf1697fe0b8e85416bb628ae3e23157828ce0c572f91b554", "restoration_status": "RESTORED", "green_exit_code": 0, "green_command": "compiled isolated scope production challenge; pinned m2", "baseline_log_sha256": "9fba1e8fee5dd60760ea815c4b886a8d73cc9d5f2af28c15d2bdebeb0878e734", "red_log_sha256": "e942e81a9ef138fc256fd8b75d1045fc6c953e1e5ffbffe13e23a5cdf7be0658", "second_green_log_sha256": "9805fd84a2a3e06495ffdce302f9bf53a609087e9f3031c6f7264b672ac6b3db", "kind": "scope/diff guard after compilation"}
checkpoint	Full first-slice gates and restored challenge	2026-09-11T18:50:57.8022404Z PASS PRODUCTION CHALLENGE: 9 compiled RED, exact restore and second GREEN
checkpoint	Full first-slice gates and restored challenge	2026-09-11T18:55:26.2409435Z PRODUCTION_CHALLENGE_PREPARED_CORE=current isolated source and tests
checkpoint	Full first-slice gates and restored challenge	2026-09-11T18:55:26.2415448Z {"id": "file-32mib", "mutation": [["adapters/src/main/java/io/github/gustavo2358/lower/adapters/sp/SpFileInput.java", "byte[] bytes = input.readAllBytes();", "byte[] bytes = input.readAllBytes(); if (bytes.length > 32 * 1024 * 1024) return new SpJsonDecoder.Rejected(new SpJsonDecoder.Diagnostic(SpJsonDecoder.Code.IMPLEMENTATION_LIMIT, \"physical\", \"$ file byte limit\"));"]], "expected_oracle": "CAPACITY supported SP decodes", "baseline_exit_code": 0, "observed_exit_code": 1, "failure_reason": "java.lang.AssertionError: CAPACITY supported SP decodes: Rejected[diagnostic=Diagnostic[code=IMPLEMENTATION_LIMIT, phase=physical, location=$ file byte limit]]", "baseline_digest": "3c4d482b65cb461fdcb3913013d20527cbcae5ba2b0817113bdd1a3124b95e62", "restored_digest": "3c4d482b65cb461fdcb3913013d20527cbcae5ba2b0817113bdd1a3124b95e62", "restoration_status": "RESTORED", "green_exit_code": 0, "green_command": "compiled isolated capacity production challenge; pinned m2", "baseline_log_sha256": "a5f397c22c734bae9b121cf4342edc973a70b9409fa195e8afb1ec3e5c122591", "red_log_sha256": "372684b699804c4c50c5ad9e5e3094c161e15a46cd09b0810b8e9e17c656f985", "second_green_log_sha256": "5c32d6846ec7c78e783e11152fb4c85c2f5b51e444b8c96deb35512b745c4006", "kind": "compiled semantic/gate"}
checkpoint	Full first-slice gates and restored challenge	2026-09-11T18:55:26.2424333Z {"id": "decoder-32mib", "mutation": [["adapters/src/main/java/io/github/gustavo2358/lower/adapters/sp/SpJsonDecoder.java", "meter.bytes = bytes.length;", "if (bytes.length > 32 * 1024 * 1024) return reject(Code.IMPLEMENTATION_LIMIT, \"$ byte limit\"); meter.bytes = bytes.length;"]], "expected_oracle": "CAPACITY supported SP decodes", "baseline_exit_code": 0, "observed_exit_code": 1, "failure_reason": "java.lang.AssertionError: CAPACITY supported SP decodes: Rejected[diagnostic=Diagnostic[code=IMPLEMENTATION_LIMIT, phase=physical, location=$ byte limit]]", "baseline_digest": "4caf440c702b26f2205202b4754e573312efd6b390ca4ab0706bef3c877fb355", "restored_digest": "4caf440c702b26f2205202b4754e573312efd6b390ca4ab0706bef3c877fb355", "restoration_status": "RESTORED", "green_exit_code": 0, "green_command": "compiled isolated capacity production challenge; pinned m2", "baseline_log_sha256": "9611faeb51ceba69846bf737c69dcac4fb655e31259e553f1cb8b6b35a9a419b", "red_log_sha256": "f34b7833c393872e013200c5860b2a63e7e27dacbc512716be865559fbd9681e", "second_green_log_sha256": "8658614efa5e4647ef3af7b4211bf3b88f141056b4b048c65c2f808f5adc6d8f", "kind": "compiled semantic/gate"}
checkpoint	Full first-slice gates and restored challenge	2026-09-11T18:55:26.2432771Z {"id": "nodes-1500000", "mutation": [["adapters/src/main/java/io/github/gustavo2358/lower/adapters/sp/SpJsonDecoder.java", "meter.nodes++;", "if (++meter.nodes > 1_500_000) return reject(Code.IMPLEMENTATION_LIMIT, \"$ node limit\");"]], "expected_oracle": "CAPACITY supported SP decodes", "baseline_exit_code": 0, "observed_exit_code": 1, "failure_reason": "java.lang.AssertionError: CAPACITY supported SP decodes: Rejected[diagnostic=Diagnostic[code=IMPLEMENTATION_LIMIT, phase=physical, location=$ node limit]]", "baseline_digest": "4caf440c702b26f2205202b4754e573312efd6b390ca4ab0706bef3c877fb355", "restored_digest": "4caf440c702b26f2205202b4754e573312efd6b390ca4ab0706bef3c877fb355", "restoration_status": "RESTORED", "green_exit_code": 0, "green_command": "compiled isolated capacity production challenge; pinned m2", "baseline_log_sha256": "6113321188983ce6649322a8f06e08dac9b055208e54c2baac291f09acf9cb0c", "red_log_sha256": "9277f5c8d0229a196fe321042a92df17e7c28c4e8bd0e93de6b5ae21021c4fa3", "second_green_log_sha256": "99280b2832594e3ce34966f0b0c78605f3a62fa728194382700c6e7853f1a19c", "kind": "compiled semantic/gate"}
checkpoint	Full first-slice gates and restored challenge	2026-09-11T18:55:26.2441984Z {"id": "visits-250000", "mutation": [["core/src/main/java/io/github/gustavo2358/lower/application/EntryGobackAdmission.java", "entities++;", "if (++entities > 250_000) throw new LimitReached();"]], "expected_oracle": "CAPACITY supported SP lowers", "baseline_exit_code": 0, "observed_exit_code": 1, "failure_reason": "java.lang.AssertionError: CAPACITY supported SP lowers: IMPLEMENTATION_LIMIT []", "baseline_digest": "1088e1a0350a6086a5eb3c8cc8068f1769539bc18712515d80eaeb2a730733a6", "restored_digest": "1088e1a0350a6086a5eb3c8cc8068f1769539bc18712515d80eaeb2a730733a6", "restoration_status": "RESTORED", "green_exit_code": 0, "green_command": "compiled isolated capacity production challenge; pinned m2", "baseline_log_sha256": "aa66f205c1f5971dd5d0e788d67ec59849a0d3b558e64f996e921436fea23e40", "red_log_sha256": "d635148a2a4ea0b087882c4d283fb38ce91ba3ffa181fef6425c6d5b13563d9b", "second_green_log_sha256": "f99c1d4342d485404509ded2677fe42a24f654cc44be2052060d9d94ad66ad35", "kind": "compiled semantic/gate"}
checkpoint	Full first-slice gates and restored challenge	2026-09-11T18:55:26.2445772Z PASS PRODUCTION CHALLENGE: 4 compiled RED, exact restore and second GREEN
checkpoint	Full first-slice gates and restored challenge	2026-09-11T18:55:31.1104776Z {"id": "old-null-comparison", "mutation": "initial_pr = record[\"checkpoint\"] == \"CP0\" and record[\"pull_request\"] is None -> initial_pr = False", "expected_oracle": "CI_BOOTSTRAP initial CP0 selects historical head", "baseline_exit_code": 0, "observed_exit_code": 1, "failure_reason": "AssertionError: CI_BOOTSTRAP initial CP0 selects historical head", "baseline_digest": "fe69a9966f7bc39f62d1898ed0b4df19a6b4bb74dd3bd2e3685c45817089bbca", "restored_digest": "fe69a9966f7bc39f62d1898ed0b4df19a6b4bb74dd3bd2e3685c45817089bbca", "digest_scope": "scripts/harness/run.py", "restoration_status": "RESTORED", "green_exit_code": 0, "green_command": "python3 -B scripts/harness/tests/test_ci_bootstrap.py CiBootstrap.test_initial_cp0_selects_historical_head -v (isolated)", "baseline_log_sha256": "b6a7973412ba694ca6711be6c28c1e24ca64f7b00ef6517cd4fc036248c45046", "red_log_sha256": "bfb1a6f539baa07d1dc472f6c13d58374f9e8d6e9cf13df45fedb7a68049d13f", "second_green_log_sha256": "b6a7973412ba694ca6711be6c28c1e24ca64f7b00ef6517cd4fc036248c45046"}
checkpoint	Full first-slice gates and restored challenge	2026-09-11T18:55:31.1112831Z {"id": "null-beyond-cp0", "mutation": "initial_pr = record[\"checkpoint\"] == \"CP0\" and record[\"pull_request\"] is None -> initial_pr = record[\"pull_request\"] is None", "expected_oracle": "CI_BOOTSTRAP null later checkpoint rejected", "baseline_exit_code": 0, "observed_exit_code": 1, "failure_reason": "AssertionError: CI_BOOTSTRAP null later checkpoint rejected", "baseline_digest": "fe69a9966f7bc39f62d1898ed0b4df19a6b4bb74dd3bd2e3685c45817089bbca", "restored_digest": "fe69a9966f7bc39f62d1898ed0b4df19a6b4bb74dd3bd2e3685c45817089bbca", "digest_scope": "scripts/harness/run.py", "restoration_status": "RESTORED", "green_exit_code": 0, "green_command": "python3 -B scripts/harness/tests/test_ci_bootstrap.py CiBootstrap.test_null_later_checkpoint_rejected -v (isolated)", "baseline_log_sha256": "bda00a5634c444ca6aaf99b25c3b250b59a68acd583e7814ebe1bf8436a8b68a", "red_log_sha256": "ea050f1e0a6878070895f595f91e31f375c4a6be5910cbd3a0046344757bbf67", "second_green_log_sha256": "0ccb461e947d15300e1701479652783c5281dd1d611d197c229f99c3780b7bbb"}
checkpoint	Full first-slice gates and restored challenge	2026-09-11T18:55:31.1119976Z {"id": "wrong-explicit-pr", "mutation": "(not initial_pr and record[\"pull_request\"] != pr[\"number\"]) -> False", "expected_oracle": "CI_BOOTSTRAP explicit wrong PR rejected", "baseline_exit_code": 0, "observed_exit_code": 1, "failure_reason": "AssertionError: CI_BOOTSTRAP explicit wrong PR rejected", "baseline_digest": "fe69a9966f7bc39f62d1898ed0b4df19a6b4bb74dd3bd2e3685c45817089bbca", "restored_digest": "fe69a9966f7bc39f62d1898ed0b4df19a6b4bb74dd3bd2e3685c45817089bbca", "digest_scope": "scripts/harness/run.py", "restoration_status": "RESTORED", "green_exit_code": 0, "green_command": "python3 -B scripts/harness/tests/test_ci_bootstrap.py CiBootstrap.test_explicit_wrong_pr_rejected -v (isolated)", "baseline_log_sha256": "9821653448e314b0580b543ad289551be74b8d3c8701415d5638e07fc1eb6341", "red_log_sha256": "6a715fa3e83dc22acc02b90252b81ba416067c21f05f43fdc86a7d96fe081c19", "second_green_log_sha256": "16d3e90a4bf2b52deaa09dd466b9ad4fedee1e191361f587d7dea62b6125208e"}
checkpoint	Full first-slice gates and restored challenge	2026-09-11T18:55:31.1126483Z {"id": "wrong-branch", "mutation": "record[\"branch\"] != pr[\"head\"][\"ref\"] -> False", "expected_oracle": "CI_BOOTSTRAP wrong branch rejected", "baseline_exit_code": 0, "observed_exit_code": 1, "failure_reason": "AssertionError: CI_BOOTSTRAP wrong branch rejected", "baseline_digest": "fe69a9966f7bc39f62d1898ed0b4df19a6b4bb74dd3bd2e3685c45817089bbca", "restored_digest": "fe69a9966f7bc39f62d1898ed0b4df19a6b4bb74dd3bd2e3685c45817089bbca", "digest_scope": "scripts/harness/run.py", "restoration_status": "RESTORED", "green_exit_code": 0, "green_command": "python3 -B scripts/harness/tests/test_ci_bootstrap.py CiBootstrap.test_wrong_branch_rejected -v (isolated)", "baseline_log_sha256": "dca5b4577832312499a3abcca6c36a902ba5bc9b8b39f15f84ce87099ef839b2", "red_log_sha256": "41cdf470598c1a2b8f3e99a91b8e837a52785db886a50ea093553bef65579fd5", "second_green_log_sha256": "a0d8dc1814e210668a0d9531e40f403ee3fdbd7a1b193c0f63807ff69bd93093"}
checkpoint	Full first-slice gates and restored challenge	2026-09-11T18:55:31.1133158Z {"id": "altered-evidence", "mutation": "json.loads(git(ROOT, \"show\", sha + \":\" + path)) != record -> False", "expected_oracle": "CI_BOOTSTRAP altered merge evidence rejected", "baseline_exit_code": 0, "observed_exit_code": 1, "failure_reason": "AssertionError: CI_BOOTSTRAP altered merge evidence rejected", "baseline_digest": "fe69a9966f7bc39f62d1898ed0b4df19a6b4bb74dd3bd2e3685c45817089bbca", "restored_digest": "fe69a9966f7bc39f62d1898ed0b4df19a6b4bb74dd3bd2e3685c45817089bbca", "digest_scope": "scripts/harness/run.py", "restoration_status": "RESTORED", "green_exit_code": 0, "green_command": "python3 -B scripts/harness/tests/test_ci_bootstrap.py CiBootstrap.test_altered_merge_evidence_rejected -v (isolated)", "baseline_log_sha256": "7e7f3e40166cbd6002719677cf4c26268239e646e6119bb3f0fc97937f2f052e", "red_log_sha256": "e5182c284f9e259bfffe9d293624f516f05860bcb2a33f44cc07c6647aad94c8", "second_green_log_sha256": "8bfa8d1f2d37ae1cc5a6a0dabf2493d9cb0d6b6dc16b6ff0276172a60537a567"}
checkpoint	Full first-slice gates and restored challenge	2026-09-11T18:55:31.1140140Z {"id": "missing-ancestry", "mutation": "git(ROOT, \"merge-base\", \"--is-ancestor\", certified, sha) -> None # skipped ancestry", "expected_oracle": "CI_BOOTSTRAP unrelated head rejected", "baseline_exit_code": 0, "observed_exit_code": 1, "failure_reason": "AssertionError: CI_BOOTSTRAP unrelated head rejected", "baseline_digest": "fe69a9966f7bc39f62d1898ed0b4df19a6b4bb74dd3bd2e3685c45817089bbca", "restored_digest": "fe69a9966f7bc39f62d1898ed0b4df19a6b4bb74dd3bd2e3685c45817089bbca", "digest_scope": "scripts/harness/run.py", "restoration_status": "RESTORED", "green_exit_code": 0, "green_command": "python3 -B scripts/harness/tests/test_ci_bootstrap.py CiBootstrap.test_unrelated_head_rejected -v (isolated)", "baseline_log_sha256": "bd1967429f48c39cb150ce83e6f2702e94e74046a77106238d5bfac370923938", "red_log_sha256": "36e76fe75f727069fd9c6b9f57eba3c50540f9912b11e0e3ee5b64bc8a1cdcb2", "second_green_log_sha256": "bbf47ebc7629f030e10066be891089c54b664ce48ae0a86b01b67de634011f25"}
checkpoint	Full first-slice gates and restored challenge	2026-09-11T18:55:31.1143631Z PASS CI BOOTSTRAP CHALLENGE: 6 restored falsifications and second GREEN
checkpoint	Full first-slice gates and restored challenge	2026-09-11T18:56:27.7477649Z ##[error]The operation was canceled.
checkpoint	Post Run actions/setup-java@v4	﻿2026-09-11T18:56:27.7681469Z Node 20 is being deprecated. This workflow is running with Node 24 by default. If you need to temporarily use Node 20, you can set the ACTIONS_ALLOW_USE_UNSECURE_NODE_VERSION=true environment variable. For more information see: https://github.blog/changelog/2025-09-19-deprecation-of-node-20-on-github-actions-runners/
checkpoint	Post Run actions/setup-java@v4	2026-09-11T18:56:27.7683652Z Post job cleanup.
checkpoint	Post Run actions/setup-java@v4	2026-09-11T18:56:28.0522974Z (node:46613) [DEP0040] DeprecationWarning: The `punycode` module is deprecated. Please use a userland alternative instead.
checkpoint	Post Run actions/setup-java@v4	2026-09-11T18:56:28.0548732Z (Use `node --trace-deprecation ...` to show where the warning was created)
checkpoint	Post Run actions/checkout@v4	﻿2026-09-11T18:56:28.0910421Z Node 20 is being deprecated. This workflow is running with Node 24 by default. If you need to temporarily use Node 20, you can set the ACTIONS_ALLOW_USE_UNSECURE_NODE_VERSION=true environment variable. For more information see: https://github.blog/changelog/2025-09-19-deprecation-of-node-20-on-github-actions-runners/
checkpoint	Post Run actions/checkout@v4	2026-09-11T18:56:28.0912726Z Post job cleanup.
checkpoint	Post Run actions/checkout@v4	2026-09-11T18:56:28.2272291Z [command]/usr/bin/git version
checkpoint	Post Run actions/checkout@v4	2026-09-11T18:56:28.2319722Z git version 2.55.0
checkpoint	Post Run actions/checkout@v4	2026-09-11T18:56:28.2381353Z Temporarily overriding HOME='/home/runner/work/_temp/b1fa12fb-9054-45e0-85e1-520bfa928732' before making global git config changes
checkpoint	Post Run actions/checkout@v4	2026-09-11T18:56:28.2390501Z Adding repository directory to the temporary git global config as a safe directory
checkpoint	Post Run actions/checkout@v4	2026-09-11T18:56:28.2393701Z [command]/usr/bin/git config --global --add safe.directory /home/runner/work/cobol-lower/cobol-lower
checkpoint	Post Run actions/checkout@v4	2026-09-11T18:56:28.2466582Z [command]/usr/bin/git config --local --name-only --get-regexp core\.sshCommand
checkpoint	Post Run actions/checkout@v4	2026-09-11T18:56:28.2520011Z [command]/usr/bin/git submodule foreach --recursive sh -c "git config --local --name-only --get-regexp 'core\.sshCommand' && git config --local --unset-all 'core.sshCommand' || :"
checkpoint	Post Run actions/checkout@v4	2026-09-11T18:56:28.3047045Z [command]/usr/bin/git config --local --name-only --get-regexp http\.https\:\/\/github\.com\/\.extraheader
checkpoint	Post Run actions/checkout@v4	2026-09-11T18:56:28.3170020Z http.https://github.com/.extraheader
checkpoint	Post Run actions/checkout@v4	2026-09-11T18:56:28.3343451Z [command]/usr/bin/git config --local --unset-all http.https://github.com/.extraheader
checkpoint	Post Run actions/checkout@v4	2026-09-11T18:56:28.3631246Z [command]/usr/bin/git submodule foreach --recursive sh -c "git config --local --name-only --get-regexp 'http\.https\:\/\/github\.com\/\.extraheader' && git config --local --unset-all 'http.https://github.com/.extraheader' || :"
checkpoint	Post Run actions/checkout@v4	2026-09-11T18:56:28.4339852Z [command]/usr/bin/git config --local --name-only --get-regexp ^includeIf\.gitdir:
checkpoint	Post Run actions/checkout@v4	2026-09-11T18:56:28.4343523Z [command]/usr/bin/git submodule foreach --recursive git config --local --show-origin --name-only --get-regexp remote.origin.url
checkpoint	Complete job	﻿2026-09-11T18:56:28.5314109Z Cleaning up orphan processes
checkpoint	Complete job	2026-09-11T18:56:28.5611282Z Terminate orphan process: pid (2549) (python3)
checkpoint	Complete job	2026-09-11T18:56:28.5733584Z Terminate orphan process: pid (45853) (python3)
checkpoint	Complete job	2026-09-11T18:56:28.5775129Z Terminate orphan process: pid (46621) (java)
checkpoint	Complete job	2026-09-11T18:56:28.5785717Z ##[warning]Node.js 20 is deprecated. The following actions target Node.js 20 but are being forced to run on Node.js 24: actions/checkout@v4, actions/setup-java@v4, actions/setup-python@v5. For more information see: https://github.blog/changelog/2025-09-19-deprecation-of-node-20-on-github-actions-runners/
