FULL_COMPONENT_PASS=docs
[INFO] Scanning for projects...
[INFO] ------------------------------------------------------------------------
[INFO] Reactor Build Order:
[INFO] 
[INFO] cobol-lower                                                        [pom]
[INFO] cobol-lower-core                                                   [jar]
[INFO] cobol-lower-adapters                                               [jar]
[INFO] 
[INFO] -----------------< io.github.gustavo2358:cobol-lower >------------------
[INFO] Building cobol-lower 0.1.0-SNAPSHOT                                [1/3]
[INFO]   from pom.xml
[INFO] --------------------------------[ pom ]---------------------------------
[INFO] 
[INFO] ---------------< io.github.gustavo2358:cobol-lower-core >---------------
[INFO] Building cobol-lower-core 0.1.0-SNAPSHOT                           [2/3]
[INFO]   from core/pom.xml
[INFO] --------------------------------[ jar ]---------------------------------
[INFO] 
[INFO] --- resources:3.4.0:resources (default-resources) @ cobol-lower-core ---
[INFO] skip non existing resourceDirectory /home/gustavo/workspace/teste-e2e/cobol-lower/core/src/main/resources
[INFO] 
[INFO] --- compiler:3.13.0:compile (default-compile) @ cobol-lower-core ---
[INFO] Nothing to compile - all classes are up to date.
[INFO] 
[INFO] --- resources:3.4.0:testResources (default-testResources) @ cobol-lower-core ---
[INFO] skip non existing resourceDirectory /home/gustavo/workspace/teste-e2e/cobol-lower/core/src/test/resources
[INFO] 
[INFO] --- compiler:3.13.0:testCompile (default-testCompile) @ cobol-lower-core ---
[INFO] Nothing to compile - all classes are up to date.
[INFO] 
[INFO] --- surefire:3.5.4:test (default-test) @ cobol-lower-core ---
[INFO] 
[INFO] --- exec:3.5.0:java (boundary-contract-suite) @ cobol-lower-core ---
ok 1 - manual AIR accepted by real validator
ok 2 - AIR 2.0.0
ok 3 - one unit
ok 4 - available body
ok 5 - one entry and sequence
ok 6 - entry label closes
ok 7 - closed zero parameters
ok 8 - closed zero results
ok 9 - no common instructions
ok 10 - expected Return, never Halt
ok 11 - empty Return
ok 12 - real validator rejects dangling label
ok 13 - boundary must preserve INVALID_IR for dangling label
ok 14 - boundary preserves complete result and issues
ok 15 - profile fixture contains a real semantic obligation
ok 16 - semantic obligations remain visible
ok 17 - Halt can be valid AIR but is not the frozen Return shape
ok 18 - publication immutable
ok 19 - independent construction deterministic
ok 20 - nonzero executed assertions
LOWER_CALL_TESTS=623
LOCAL_ID_CARDINALITY=100000 elapsed_ms=383
LOCAL_ID_LONG_UTF16=1000000 streamed_bytes=4000169 max_buffer=256 elapsed_ms=38
LOCAL_ID_PUBLIC_PORT_HANDLE=statement:2147483647 unit_key=100000 filename=100000 status=SUCCESS
LOCAL_ID_TESTS=200362
COMPACT_ID_TESTS=1678
lower 1 - admitted input must produce SUCCESS: SUCCESS
lower 2 - entire source evidence retained
lower 3 - AIR 2 one unit
lower 4 - available singular shape
lower 5 - typed GOBACK must be Return, never Halt
lower 6 - no return values
lower 7 - closed known zero parameters
lower 8 - closed known zero results
lower 9 - total typed correlation
lower 10 - entry identity correlation
lower 11 - start correlation uses published reference
lower 12 - start label join closes
lower 13 - Return ID and provenance correlation
lower 14 - alternative entry inventory stays PARTIAL
lower 15 - alternate gap visible in AIR coverage
lower 16 - entry and statement coverage retained
lower 17 - local control exact
lower 18 - no global strengthening STORAGE
lower 19 - dimension reason present STORAGE
lower 20 - no global strengthening EFFECTS
lower 21 - dimension reason present EFFECTS
lower 22 - no global strengthening VALUES
lower 23 - dimension reason present VALUES
lower 24 - no global strengthening DEPENDENCIES
lower 25 - dimension reason present DEPENDENCIES
lower 26 - zero DATA maps no storage declarations
lower 27 - no unproved AIR profile claim
lower 28 - complete real checker report preserved
lower 29 - real checker GREEN
lower 30 - independent construction deterministic
lower 31 - operational metadata excluded from identity
lower 32 - admitted input must produce SUCCESS: SUCCESS
lower 33 - entire source evidence retained
lower 34 - AIR 2 one unit
lower 35 - available singular shape
lower 36 - typed GOBACK must be Return, never Halt
lower 37 - no return values
lower 38 - closed known zero parameters
lower 39 - closed known zero results
lower 40 - total typed correlation
lower 41 - entry identity correlation
lower 42 - start correlation uses published reference
lower 43 - start label join closes
lower 44 - Return ID and provenance correlation
lower 45 - alternative entry inventory stays PARTIAL
lower 46 - alternate gap visible in AIR coverage
lower 47 - entry and statement coverage retained
lower 48 - local control exact
lower 49 - no global strengthening STORAGE
lower 50 - dimension reason present STORAGE
lower 51 - no global strengthening EFFECTS
lower 52 - dimension reason present EFFECTS
lower 53 - no global strengthening VALUES
lower 54 - dimension reason present VALUES
lower 55 - no global strengthening DEPENDENCIES
lower 56 - dimension reason present DEPENDENCIES
lower 57 - zero DATA maps no storage declarations
lower 58 - no unproved AIR profile claim
lower 59 - complete real checker report preserved
lower 60 - real checker GREEN
lower 61 - revision namespace distinguishes unit and handles
lower 62 - admitted input must produce SUCCESS: SUCCESS
lower 63 - entire source evidence retained
lower 64 - AIR 2 one unit
lower 65 - available singular shape
lower 66 - typed GOBACK must be Return, never Halt
lower 67 - no return values
lower 68 - closed known zero parameters
lower 69 - closed known zero results
lower 70 - total typed correlation
lower 71 - entry identity correlation
lower 72 - start correlation uses published reference
lower 73 - start label join closes
lower 74 - Return ID and provenance correlation
lower 75 - alternative entry inventory stays PARTIAL
lower 76 - alternate gap visible in AIR coverage
lower 77 - entry and statement coverage retained
lower 78 - local control exact
lower 79 - no global strengthening STORAGE
lower 80 - dimension reason present STORAGE
lower 81 - no global strengthening EFFECTS
lower 82 - dimension reason present EFFECTS
lower 83 - no global strengthening VALUES
lower 84 - dimension reason present VALUES
lower 85 - no global strengthening DEPENDENCIES
lower 86 - dimension reason present DEPENDENCIES
lower 87 - zero DATA maps no storage declarations
lower 88 - no unproved AIR profile claim
lower 89 - complete real checker report preserved
lower 90 - real checker GREEN
lower 91 - revision namespace distinguishes unit and handles
lower 92 - admitted input must produce SUCCESS: SUCCESS
lower 93 - entire source evidence retained
lower 94 - AIR 2 one unit
lower 95 - available singular shape
lower 96 - typed GOBACK must be Return, never Halt
lower 97 - no return values
lower 98 - closed known zero parameters
lower 99 - closed known zero results
lower 100 - total typed correlation
lower 101 - entry identity correlation
lower 102 - start correlation uses published reference
lower 103 - start label join closes
lower 104 - Return ID and provenance correlation
lower 105 - alternative entry inventory stays PARTIAL
lower 106 - alternate gap visible in AIR coverage
lower 107 - entry and statement coverage retained
lower 108 - local control exact
lower 109 - no global strengthening STORAGE
lower 110 - dimension reason present STORAGE
lower 111 - no global strengthening EFFECTS
lower 112 - dimension reason present EFFECTS
lower 113 - no global strengthening VALUES
lower 114 - dimension reason present VALUES
lower 115 - no global strengthening DEPENDENCIES
lower 116 - dimension reason present DEPENDENCIES
lower 117 - zero DATA maps no storage declarations
lower 118 - no unproved AIR profile claim
lower 119 - complete real checker report preserved
lower 120 - real checker GREEN
lower 121 - revision namespace distinguishes unit and handles
lower 122 - exact published GOBACK original coordinates
lower 123 - explicit SP coordinate conventions
lower 124 - golden exact without include
lower 125 - auxiliary sequence origin derived
lower 126 - entry and GOBACK distinct origins
lower 127 - identity limit never publishes prefix
lower 128 - exact identity bound succeeds
lower 129 - invalid AIR never success
lower 130 - invalid issues preserved
lower 131 - semantic obligation preserved not proved
lower 132 - real validation limit never success
lower 133 - real operational resource issue preserved
lower 134 - in-memory input always validated
lower 135 - identity includes rule and semantic versions (independent XXH3-128 vector)
lower 136 - admitted input must produce SUCCESS: SUCCESS
lower 137 - entire source evidence retained
lower 138 - AIR 2 one unit
lower 139 - available singular shape
lower 140 - typed GOBACK must be Return, never Halt
lower 141 - no return values
lower 142 - closed known zero parameters
lower 143 - closed known zero results
lower 144 - total typed correlation
lower 145 - entry identity correlation
lower 146 - start correlation uses published reference
lower 147 - start label join closes
lower 148 - Return ID and provenance correlation
lower 149 - alternative entry inventory stays PARTIAL
lower 150 - alternate gap visible in AIR coverage
lower 151 - entry and statement coverage retained
lower 152 - local control exact
lower 153 - no global strengthening STORAGE
lower 154 - dimension reason present STORAGE
lower 155 - no global strengthening EFFECTS
lower 156 - dimension reason present EFFECTS
lower 157 - no global strengthening VALUES
lower 158 - dimension reason present VALUES
lower 159 - no global strengthening DEPENDENCIES
lower 160 - dimension reason present DEPENDENCIES
lower 161 - zero DATA maps no storage declarations
lower 162 - no unproved AIR profile claim
lower 163 - complete real checker report preserved
lower 164 - real checker GREEN
lower 165 - same unit new policy revision changes PublicationId
lower 166 - admitted input must produce SUCCESS: SUCCESS
lower 167 - entire source evidence retained
lower 168 - AIR 2 one unit
lower 169 - available singular shape
lower 170 - typed GOBACK must be Return, never Halt
lower 171 - no return values
lower 172 - closed known zero parameters
lower 173 - closed known zero results
lower 174 - total typed correlation
lower 175 - entry identity correlation
lower 176 - start correlation uses published reference
lower 177 - start label join closes
lower 178 - Return ID and provenance correlation
lower 179 - alternative entry inventory stays PARTIAL
lower 180 - alternate gap visible in AIR coverage
lower 181 - entry and statement coverage retained
lower 182 - local control exact
lower 183 - no global strengthening STORAGE
lower 184 - dimension reason present STORAGE
lower 185 - no global strengthening EFFECTS
lower 186 - dimension reason present EFFECTS
lower 187 - no global strengthening VALUES
lower 188 - dimension reason present VALUES
lower 189 - no global strengthening DEPENDENCIES
lower 190 - dimension reason present DEPENDENCIES
lower 191 - zero DATA maps no storage declarations
lower 192 - no unproved AIR profile claim
lower 193 - complete real checker report preserved
lower 194 - real checker GREEN
lower 195 - same unit new structural fact changes PublicationId
lower 196 - admitted input must produce SUCCESS: SUCCESS
lower 197 - entire source evidence retained
lower 198 - AIR 2 one unit
lower 199 - available singular shape
lower 200 - typed GOBACK must be Return, never Halt
lower 201 - no return values
lower 202 - closed known zero parameters
lower 203 - closed known zero results
lower 204 - total typed correlation
lower 205 - entry identity correlation
lower 206 - start correlation uses published reference
lower 207 - start label join closes
lower 208 - Return ID and provenance correlation
lower 209 - alternative entry inventory stays PARTIAL
lower 210 - alternate gap visible in AIR coverage
lower 211 - entry and statement coverage retained
lower 212 - local control exact
lower 213 - no global strengthening STORAGE
lower 214 - dimension reason present STORAGE
lower 215 - no global strengthening EFFECTS
lower 216 - dimension reason present EFFECTS
lower 217 - no global strengthening VALUES
lower 218 - dimension reason present VALUES
lower 219 - no global strengthening DEPENDENCIES
lower 220 - dimension reason present DEPENDENCIES
lower 221 - zero DATA maps no storage declarations
lower 222 - no unproved AIR profile claim
lower 223 - complete real checker report preserved
lower 224 - real checker GREEN
lower 225 - readiness scope is revision evidence not dropped
lower 226 - admitted input must produce SUCCESS: SUCCESS
lower 227 - entire source evidence retained
lower 228 - AIR 2 one unit
lower 229 - available singular shape
lower 230 - typed GOBACK must be Return, never Halt
lower 231 - no return values
lower 232 - closed known zero parameters
lower 233 - closed known zero results
lower 234 - total typed correlation
lower 235 - entry identity correlation
lower 236 - start correlation uses published reference
lower 237 - start label join closes
lower 238 - Return ID and provenance correlation
lower 239 - alternative entry inventory stays PARTIAL
lower 240 - alternate gap visible in AIR coverage
lower 241 - entry and statement coverage retained
lower 242 - local control exact
lower 243 - no global strengthening STORAGE
lower 244 - dimension reason present STORAGE
lower 245 - no global strengthening EFFECTS
lower 246 - dimension reason present EFFECTS
lower 247 - no global strengthening VALUES
lower 248 - dimension reason present VALUES
lower 249 - no global strengthening DEPENDENCIES
lower 250 - dimension reason present DEPENDENCIES
lower 251 - zero DATA maps no storage declarations
lower 252 - no unproved AIR profile claim
lower 253 - complete real checker report preserved
lower 254 - real checker GREEN
lower 255 - source provenance participates in revision
lower 256 - original and expanded roles both preserved
lower 257 - unrepresentable coordinates do not fabricate span or exactness
lower 258 - include chain order retained without invented site columns
lower 259 - logical source artifact not transport or fabricated digest
lower 260 - provenance limitations explicitly reported
lower 261 - raw include lines and coordinates retained
lower 262 - admitted input must produce SUCCESS: SUCCESS
lower 263 - entire source evidence retained
lower 264 - AIR 2 one unit
lower 265 - available singular shape
lower 266 - typed GOBACK must be Return, never Halt
lower 267 - no return values
lower 268 - closed known zero parameters
lower 269 - closed known zero results
lower 270 - total typed correlation
lower 271 - entry identity correlation
lower 272 - start correlation uses published reference
lower 273 - start label join closes
lower 274 - Return ID and provenance correlation
lower 275 - alternative entry inventory stays PARTIAL
lower 276 - alternate gap visible in AIR coverage
lower 277 - entry and statement coverage retained
lower 278 - local control exact
lower 279 - no global strengthening STORAGE
lower 280 - dimension reason present STORAGE
lower 281 - no global strengthening EFFECTS
lower 282 - dimension reason present EFFECTS
lower 283 - no global strengthening VALUES
lower 284 - dimension reason present VALUES
lower 285 - no global strengthening DEPENDENCIES
lower 286 - dimension reason present DEPENDENCIES
lower 287 - zero DATA maps no storage declarations
lower 288 - no unproved AIR profile claim
lower 289 - complete real checker report preserved
lower 290 - real checker GREEN
lower 291 - source provenance participates in revision
lower 292 - original and expanded roles both preserved
lower 293 - unrepresentable coordinates do not fabricate span or exactness
lower 294 - include chain order retained without invented site columns
lower 295 - logical source artifact not transport or fabricated digest
lower 296 - provenance limitations explicitly reported
lower 297 - raw include lines and coordinates retained
lower 298 - length framed identity resists delimiter collision
lower 299 - dangling start rejected before AIR
lower 300 - same semantic admission and diagnostics in lower port
lower 301 - larger input never lowered as selected prefix
lower 302 - correlation immutable
LOWER_TESTS=203444
[INFO] 
[INFO] --- jar:3.4.2:jar (default-jar) @ cobol-lower-core ---
[INFO] 
[INFO] --- jar:3.4.2:test-jar (independent-test-fixtures) @ cobol-lower-core ---
[INFO] 
[INFO] -------------< io.github.gustavo2358:cobol-lower-adapters >-------------
[INFO] Building cobol-lower-adapters 0.1.0-SNAPSHOT                       [3/3]
[INFO]   from adapters/pom.xml
[INFO] --------------------------------[ jar ]---------------------------------
[INFO] 
[INFO] --- resources:3.4.0:resources (default-resources) @ cobol-lower-adapters ---
[INFO] skip non existing resourceDirectory /home/gustavo/workspace/teste-e2e/cobol-lower/adapters/src/main/resources
[INFO] 
[INFO] --- compiler:3.13.0:compile (default-compile) @ cobol-lower-adapters ---
[INFO] Nothing to compile - all classes are up to date.
[INFO] 
[INFO] --- resources:3.4.0:testResources (default-testResources) @ cobol-lower-adapters ---
[INFO] Copying 56 resources from src/test/resources to target/test-classes
[INFO] 
[INFO] --- compiler:3.13.0:testCompile (default-testCompile) @ cobol-lower-adapters ---
[INFO] Nothing to compile - all classes are up to date.
[INFO] 
[INFO] --- surefire:3.5.4:test (default-test) @ cobol-lower-adapters ---
[INFO] 
[INFO] --- exec:3.5.0:java (decoder-contract-suite) @ cobol-lower-adapters ---
SCALAR_PHYSICAL lines=60012 sp_bytes=5339 air_bytes=32237
SCALAR_AIR bytes=32138 sha256=dd3bb4819282e609a97937ea01b7e202786e2c2d9ba9c8a1821a8b982eeb8788 publication=77ae4cc3ed75332c64011efce81c431b
CALL_PLACEMENT_CHALLENGE=I-04; byte-exact restoration; second GREEN
LOWER_CALL_INTEGRATION_TESTS=153
LOWER_TESTS=431
[INFO] 
[INFO] --- exec:3.5.0:java (air-output-suite) @ cobol-lower-adapters ---
LOCAL_ID_BIJECTION=20 id_occurrences=163 old_air_bytes=15720
COMPACT_AIR_BYTES=13827
PRODUCTION_SUCCESS_PROBE data=400 moves=400 sp_bytes=1071738 air_bytes=7616219 exit=0
LOWER_PRODUCTION_TESTS=11
LOWER_AIR_OUTPUT_TESTS=173
[INFO] 
[INFO] --- jar:3.4.2:jar (default-jar) @ cobol-lower-adapters ---
[INFO] ------------------------------------------------------------------------
[INFO] Reactor Summary for cobol-lower 0.1.0-SNAPSHOT:
[INFO] 
[INFO] cobol-lower ........................................ SUCCESS [  0.001 s]
[INFO] cobol-lower-core ................................... SUCCESS [  1.364 s]
[INFO] cobol-lower-adapters ............................... SUCCESS [  3.376 s]
[INFO] ------------------------------------------------------------------------
[INFO] BUILD SUCCESS
[INFO] ------------------------------------------------------------------------
[INFO] Total time:  4.818 s
[INFO] Finished at: 2026-09-11T16:00:29-03:00
[INFO] ------------------------------------------------------------------------
SEMANTIC_TEST_COUNT=203875
FULL_COMPONENT_PASS=semantic
[INFO] Scanning for projects...
[INFO] ------------------------------------------------------------------------
[INFO] Reactor Build Order:
[INFO] 
[INFO] cobol-lower                                                        [pom]
[INFO] cobol-lower-core                                                   [jar]
[INFO] cobol-lower-adapters                                               [jar]
[INFO] 
[INFO] -----------------< io.github.gustavo2358:cobol-lower >------------------
[INFO] Building cobol-lower 0.1.0-SNAPSHOT                                [1/3]
[INFO]   from pom.xml
[INFO] --------------------------------[ pom ]---------------------------------
[INFO] 
[INFO] ---------------< io.github.gustavo2358:cobol-lower-core >---------------
[INFO] Building cobol-lower-core 0.1.0-SNAPSHOT                           [2/3]
[INFO]   from core/pom.xml
[INFO] --------------------------------[ jar ]---------------------------------
[INFO] 
[INFO] --- resources:3.4.0:resources (default-resources) @ cobol-lower-core ---
[INFO] skip non existing resourceDirectory /home/gustavo/workspace/teste-e2e/cobol-lower/core/src/main/resources
[INFO] 
[INFO] --- compiler:3.13.0:compile (default-compile) @ cobol-lower-core ---
[INFO] Nothing to compile - all classes are up to date.
[INFO] 
[INFO] --- resources:3.4.0:testResources (default-testResources) @ cobol-lower-core ---
[INFO] skip non existing resourceDirectory /home/gustavo/workspace/teste-e2e/cobol-lower/core/src/test/resources
[INFO] 
[INFO] --- compiler:3.13.0:testCompile (default-testCompile) @ cobol-lower-core ---
[INFO] Nothing to compile - all classes are up to date.
[INFO] 
[INFO] --- surefire:3.5.4:test (default-test) @ cobol-lower-core ---
[INFO] 
[INFO] --- exec:3.5.0:java (boundary-contract-suite) @ cobol-lower-core ---
ok 1 - manual AIR accepted by real validator
ok 2 - AIR 2.0.0
ok 3 - one unit
ok 4 - available body
ok 5 - one entry and sequence
ok 6 - entry label closes
ok 7 - closed zero parameters
ok 8 - closed zero results
ok 9 - no common instructions
ok 10 - expected Return, never Halt
ok 11 - empty Return
ok 12 - real validator rejects dangling label
ok 13 - boundary must preserve INVALID_IR for dangling label
ok 14 - boundary preserves complete result and issues
ok 15 - profile fixture contains a real semantic obligation
ok 16 - semantic obligations remain visible
ok 17 - Halt can be valid AIR but is not the frozen Return shape
ok 18 - publication immutable
ok 19 - independent construction deterministic
ok 20 - nonzero executed assertions
LOWER_CALL_TESTS=623
LOCAL_ID_CARDINALITY=100000 elapsed_ms=386
LOCAL_ID_LONG_UTF16=1000000 streamed_bytes=4000169 max_buffer=256 elapsed_ms=37
LOCAL_ID_PUBLIC_PORT_HANDLE=statement:2147483647 unit_key=100000 filename=100000 status=SUCCESS
LOCAL_ID_TESTS=200362
COMPACT_ID_TESTS=1678
lower 1 - admitted input must produce SUCCESS: SUCCESS
lower 2 - entire source evidence retained
lower 3 - AIR 2 one unit
lower 4 - available singular shape
lower 5 - typed GOBACK must be Return, never Halt
lower 6 - no return values
lower 7 - closed known zero parameters
lower 8 - closed known zero results
lower 9 - total typed correlation
lower 10 - entry identity correlation
lower 11 - start correlation uses published reference
lower 12 - start label join closes
lower 13 - Return ID and provenance correlation
lower 14 - alternative entry inventory stays PARTIAL
lower 15 - alternate gap visible in AIR coverage
lower 16 - entry and statement coverage retained
lower 17 - local control exact
lower 18 - no global strengthening STORAGE
lower 19 - dimension reason present STORAGE
lower 20 - no global strengthening EFFECTS
lower 21 - dimension reason present EFFECTS
lower 22 - no global strengthening VALUES
lower 23 - dimension reason present VALUES
lower 24 - no global strengthening DEPENDENCIES
lower 25 - dimension reason present DEPENDENCIES
lower 26 - zero DATA maps no storage declarations
lower 27 - no unproved AIR profile claim
lower 28 - complete real checker report preserved
lower 29 - real checker GREEN
lower 30 - independent construction deterministic
lower 31 - operational metadata excluded from identity
lower 32 - admitted input must produce SUCCESS: SUCCESS
lower 33 - entire source evidence retained
lower 34 - AIR 2 one unit
lower 35 - available singular shape
lower 36 - typed GOBACK must be Return, never Halt
lower 37 - no return values
lower 38 - closed known zero parameters
lower 39 - closed known zero results
lower 40 - total typed correlation
lower 41 - entry identity correlation
lower 42 - start correlation uses published reference
lower 43 - start label join closes
lower 44 - Return ID and provenance correlation
lower 45 - alternative entry inventory stays PARTIAL
lower 46 - alternate gap visible in AIR coverage
lower 47 - entry and statement coverage retained
lower 48 - local control exact
lower 49 - no global strengthening STORAGE
lower 50 - dimension reason present STORAGE
lower 51 - no global strengthening EFFECTS
lower 52 - dimension reason present EFFECTS
lower 53 - no global strengthening VALUES
lower 54 - dimension reason present VALUES
lower 55 - no global strengthening DEPENDENCIES
lower 56 - dimension reason present DEPENDENCIES
lower 57 - zero DATA maps no storage declarations
lower 58 - no unproved AIR profile claim
lower 59 - complete real checker report preserved
lower 60 - real checker GREEN
lower 61 - revision namespace distinguishes unit and handles
lower 62 - admitted input must produce SUCCESS: SUCCESS
lower 63 - entire source evidence retained
lower 64 - AIR 2 one unit
lower 65 - available singular shape
lower 66 - typed GOBACK must be Return, never Halt
lower 67 - no return values
lower 68 - closed known zero parameters
lower 69 - closed known zero results
lower 70 - total typed correlation
lower 71 - entry identity correlation
lower 72 - start correlation uses published reference
lower 73 - start label join closes
lower 74 - Return ID and provenance correlation
lower 75 - alternative entry inventory stays PARTIAL
lower 76 - alternate gap visible in AIR coverage
lower 77 - entry and statement coverage retained
lower 78 - local control exact
lower 79 - no global strengthening STORAGE
lower 80 - dimension reason present STORAGE
lower 81 - no global strengthening EFFECTS
lower 82 - dimension reason present EFFECTS
lower 83 - no global strengthening VALUES
lower 84 - dimension reason present VALUES
lower 85 - no global strengthening DEPENDENCIES
lower 86 - dimension reason present DEPENDENCIES
lower 87 - zero DATA maps no storage declarations
lower 88 - no unproved AIR profile claim
lower 89 - complete real checker report preserved
lower 90 - real checker GREEN
lower 91 - revision namespace distinguishes unit and handles
lower 92 - admitted input must produce SUCCESS: SUCCESS
lower 93 - entire source evidence retained
lower 94 - AIR 2 one unit
lower 95 - available singular shape
lower 96 - typed GOBACK must be Return, never Halt
lower 97 - no return values
lower 98 - closed known zero parameters
lower 99 - closed known zero results
lower 100 - total typed correlation
lower 101 - entry identity correlation
lower 102 - start correlation uses published reference
lower 103 - start label join closes
lower 104 - Return ID and provenance correlation
lower 105 - alternative entry inventory stays PARTIAL
lower 106 - alternate gap visible in AIR coverage
lower 107 - entry and statement coverage retained
lower 108 - local control exact
lower 109 - no global strengthening STORAGE
lower 110 - dimension reason present STORAGE
lower 111 - no global strengthening EFFECTS
lower 112 - dimension reason present EFFECTS
lower 113 - no global strengthening VALUES
lower 114 - dimension reason present VALUES
lower 115 - no global strengthening DEPENDENCIES
lower 116 - dimension reason present DEPENDENCIES
lower 117 - zero DATA maps no storage declarations
lower 118 - no unproved AIR profile claim
lower 119 - complete real checker report preserved
lower 120 - real checker GREEN
lower 121 - revision namespace distinguishes unit and handles
lower 122 - exact published GOBACK original coordinates
lower 123 - explicit SP coordinate conventions
lower 124 - golden exact without include
lower 125 - auxiliary sequence origin derived
lower 126 - entry and GOBACK distinct origins
lower 127 - identity limit never publishes prefix
lower 128 - exact identity bound succeeds
lower 129 - invalid AIR never success
lower 130 - invalid issues preserved
lower 131 - semantic obligation preserved not proved
lower 132 - real validation limit never success
lower 133 - real operational resource issue preserved
lower 134 - in-memory input always validated
lower 135 - identity includes rule and semantic versions (independent XXH3-128 vector)
lower 136 - admitted input must produce SUCCESS: SUCCESS
lower 137 - entire source evidence retained
lower 138 - AIR 2 one unit
lower 139 - available singular shape
lower 140 - typed GOBACK must be Return, never Halt
lower 141 - no return values
lower 142 - closed known zero parameters
lower 143 - closed known zero results
lower 144 - total typed correlation
lower 145 - entry identity correlation
lower 146 - start correlation uses published reference
lower 147 - start label join closes
lower 148 - Return ID and provenance correlation
lower 149 - alternative entry inventory stays PARTIAL
lower 150 - alternate gap visible in AIR coverage
lower 151 - entry and statement coverage retained
lower 152 - local control exact
lower 153 - no global strengthening STORAGE
lower 154 - dimension reason present STORAGE
lower 155 - no global strengthening EFFECTS
lower 156 - dimension reason present EFFECTS
lower 157 - no global strengthening VALUES
lower 158 - dimension reason present VALUES
lower 159 - no global strengthening DEPENDENCIES
lower 160 - dimension reason present DEPENDENCIES
lower 161 - zero DATA maps no storage declarations
lower 162 - no unproved AIR profile claim
lower 163 - complete real checker report preserved
lower 164 - real checker GREEN
lower 165 - same unit new policy revision changes PublicationId
lower 166 - admitted input must produce SUCCESS: SUCCESS
lower 167 - entire source evidence retained
lower 168 - AIR 2 one unit
lower 169 - available singular shape
lower 170 - typed GOBACK must be Return, never Halt
lower 171 - no return values
lower 172 - closed known zero parameters
lower 173 - closed known zero results
lower 174 - total typed correlation
lower 175 - entry identity correlation
lower 176 - start correlation uses published reference
lower 177 - start label join closes
lower 178 - Return ID and provenance correlation
lower 179 - alternative entry inventory stays PARTIAL
lower 180 - alternate gap visible in AIR coverage
lower 181 - entry and statement coverage retained
lower 182 - local control exact
lower 183 - no global strengthening STORAGE
lower 184 - dimension reason present STORAGE
lower 185 - no global strengthening EFFECTS
lower 186 - dimension reason present EFFECTS
lower 187 - no global strengthening VALUES
lower 188 - dimension reason present VALUES
lower 189 - no global strengthening DEPENDENCIES
lower 190 - dimension reason present DEPENDENCIES
lower 191 - zero DATA maps no storage declarations
lower 192 - no unproved AIR profile claim
lower 193 - complete real checker report preserved
lower 194 - real checker GREEN
lower 195 - same unit new structural fact changes PublicationId
lower 196 - admitted input must produce SUCCESS: SUCCESS
lower 197 - entire source evidence retained
lower 198 - AIR 2 one unit
lower 199 - available singular shape
lower 200 - typed GOBACK must be Return, never Halt
lower 201 - no return values
lower 202 - closed known zero parameters
lower 203 - closed known zero results
lower 204 - total typed correlation
lower 205 - entry identity correlation
lower 206 - start correlation uses published reference
lower 207 - start label join closes
lower 208 - Return ID and provenance correlation
lower 209 - alternative entry inventory stays PARTIAL
lower 210 - alternate gap visible in AIR coverage
lower 211 - entry and statement coverage retained
lower 212 - local control exact
lower 213 - no global strengthening STORAGE
lower 214 - dimension reason present STORAGE
lower 215 - no global strengthening EFFECTS
lower 216 - dimension reason present EFFECTS
lower 217 - no global strengthening VALUES
lower 218 - dimension reason present VALUES
lower 219 - no global strengthening DEPENDENCIES
lower 220 - dimension reason present DEPENDENCIES
lower 221 - zero DATA maps no storage declarations
lower 222 - no unproved AIR profile claim
lower 223 - complete real checker report preserved
lower 224 - real checker GREEN
lower 225 - readiness scope is revision evidence not dropped
lower 226 - admitted input must produce SUCCESS: SUCCESS
lower 227 - entire source evidence retained
lower 228 - AIR 2 one unit
lower 229 - available singular shape
lower 230 - typed GOBACK must be Return, never Halt
lower 231 - no return values
lower 232 - closed known zero parameters
lower 233 - closed known zero results
lower 234 - total typed correlation
lower 235 - entry identity correlation
lower 236 - start correlation uses published reference
lower 237 - start label join closes
lower 238 - Return ID and provenance correlation
lower 239 - alternative entry inventory stays PARTIAL
lower 240 - alternate gap visible in AIR coverage
lower 241 - entry and statement coverage retained
lower 242 - local control exact
lower 243 - no global strengthening STORAGE
lower 244 - dimension reason present STORAGE
lower 245 - no global strengthening EFFECTS
lower 246 - dimension reason present EFFECTS
lower 247 - no global strengthening VALUES
lower 248 - dimension reason present VALUES
lower 249 - no global strengthening DEPENDENCIES
lower 250 - dimension reason present DEPENDENCIES
lower 251 - zero DATA maps no storage declarations
lower 252 - no unproved AIR profile claim
lower 253 - complete real checker report preserved
lower 254 - real checker GREEN
lower 255 - source provenance participates in revision
lower 256 - original and expanded roles both preserved
lower 257 - unrepresentable coordinates do not fabricate span or exactness
lower 258 - include chain order retained without invented site columns
lower 259 - logical source artifact not transport or fabricated digest
lower 260 - provenance limitations explicitly reported
lower 261 - raw include lines and coordinates retained
lower 262 - admitted input must produce SUCCESS: SUCCESS
lower 263 - entire source evidence retained
lower 264 - AIR 2 one unit
lower 265 - available singular shape
lower 266 - typed GOBACK must be Return, never Halt
lower 267 - no return values
lower 268 - closed known zero parameters
lower 269 - closed known zero results
lower 270 - total typed correlation
lower 271 - entry identity correlation
lower 272 - start correlation uses published reference
lower 273 - start label join closes
lower 274 - Return ID and provenance correlation
lower 275 - alternative entry inventory stays PARTIAL
lower 276 - alternate gap visible in AIR coverage
lower 277 - entry and statement coverage retained
lower 278 - local control exact
lower 279 - no global strengthening STORAGE
lower 280 - dimension reason present STORAGE
lower 281 - no global strengthening EFFECTS
lower 282 - dimension reason present EFFECTS
lower 283 - no global strengthening VALUES
lower 284 - dimension reason present VALUES
lower 285 - no global strengthening DEPENDENCIES
lower 286 - dimension reason present DEPENDENCIES
lower 287 - zero DATA maps no storage declarations
lower 288 - no unproved AIR profile claim
lower 289 - complete real checker report preserved
lower 290 - real checker GREEN
lower 291 - source provenance participates in revision
lower 292 - original and expanded roles both preserved
lower 293 - unrepresentable coordinates do not fabricate span or exactness
lower 294 - include chain order retained without invented site columns
lower 295 - logical source artifact not transport or fabricated digest
lower 296 - provenance limitations explicitly reported
lower 297 - raw include lines and coordinates retained
lower 298 - length framed identity resists delimiter collision
lower 299 - dangling start rejected before AIR
lower 300 - same semantic admission and diagnostics in lower port
lower 301 - larger input never lowered as selected prefix
lower 302 - correlation immutable
PERFORMANCE_CORE n=1 visits=16 references=2 provenance=6 elapsed_ns=38460 java=21.0.12.1 os=Linux heap_used=84110112
PERFORMANCE_CORE n=64 visits=457 references=65 provenance=195 elapsed_ns=224117 java=21.0.12.1 os=Linux heap_used=84110112
PERFORMANCE_CORE n=128 visits=905 references=129 provenance=387 elapsed_ns=298924 java=21.0.12.1 os=Linux heap_used=84110112
PERFORMANCE_CORE n=1024 visits=7177 references=1025 provenance=3075 elapsed_ns=2121720 java=21.0.12.1 os=Linux heap_used=87255840
PERFORMANCE_CORE n=2048 visits=14345 references=2049 provenance=6147 elapsed_ns=3477306 java=21.0.12.1 os=Linux heap_used=90401568
SCALAR_SCALE data=1000 moves=1000 objects=1000 cells=1000 assigns=1000 visits=24016 references=7003 elapsed_nanos=212033036
SCALAR_SCALE data=2000 moves=2000 objects=2000 cells=2000 assigns=2000 visits=48016 references=14003 elapsed_nanos=252267867
SCALAR_SCALE data=1 moves=10000 objects=1 cells=1 assigns=10000 visits=190021 references=70003 elapsed_nanos=743937042
CALL_SCALE n=500 visits=13533 references=3509
CALL_SCALE n=1000 visits=27033 references=7009
LOWER_TESTS=203500
LOWER_PERFORMANCE_TESTS=56
[INFO] 
[INFO] --- jar:3.4.2:jar (default-jar) @ cobol-lower-core ---
[INFO] 
[INFO] --- jar:3.4.2:test-jar (independent-test-fixtures) @ cobol-lower-core ---
[INFO] 
[INFO] -------------< io.github.gustavo2358:cobol-lower-adapters >-------------
[INFO] Building cobol-lower-adapters 0.1.0-SNAPSHOT                       [3/3]
[INFO]   from adapters/pom.xml
[INFO] --------------------------------[ jar ]---------------------------------
[INFO] 
[INFO] --- resources:3.4.0:resources (default-resources) @ cobol-lower-adapters ---
[INFO] skip non existing resourceDirectory /home/gustavo/workspace/teste-e2e/cobol-lower/adapters/src/main/resources
[INFO] 
[INFO] --- compiler:3.13.0:compile (default-compile) @ cobol-lower-adapters ---
[INFO] Nothing to compile - all classes are up to date.
[INFO] 
[INFO] --- resources:3.4.0:testResources (default-testResources) @ cobol-lower-adapters ---
[INFO] Copying 56 resources from src/test/resources to target/test-classes
[INFO] 
[INFO] --- compiler:3.13.0:testCompile (default-testCompile) @ cobol-lower-adapters ---
[INFO] Nothing to compile - all classes are up to date.
[INFO] 
[INFO] --- surefire:3.5.4:test (default-test) @ cobol-lower-adapters ---
[INFO] 
[INFO] --- exec:3.5.0:java (decoder-contract-suite) @ cobol-lower-adapters ---
SCALAR_PHYSICAL lines=60012 sp_bytes=5339 air_bytes=32237
SCALAR_AIR bytes=32138 sha256=dd3bb4819282e609a97937ea01b7e202786e2c2d9ba9c8a1821a8b982eeb8788 publication=77ae4cc3ed75332c64011efce81c431b
CALL_PLACEMENT_CHALLENGE=I-04; byte-exact restoration; second GREEN
LOWER_CALL_INTEGRATION_TESTS=153
PERFORMANCE_DECODER n=1 bytes=2663 nodes=119 physical=117 elapsed_ns=6197886 java=21.0.12.1 os=Linux heap_used=267775648
PERFORMANCE_DECODER n=64 bytes=50267 nodes=2450 physical=2322 elapsed_ns=12967462 java=21.0.12.1 os=Linux heap_used=276164256
PERFORMANCE_DECODER n=128 bytes=98738 nodes=4818 physical=4562 elapsed_ns=18931092 java=21.0.12.1 os=Linux heap_used=291892896
PERFORMANCE_DECODER n=1024 bytes=778877 nodes=37970 physical=35922 elapsed_ns=94040279 java=21.0.12.1 os=Linux heap_used=201047048
PERFORMANCE_DECODER n=2048 bytes=1559165 nodes=75858 physical=71762 elapsed_ns=158426840 java=21.0.12.1 os=Linux heap_used=444316680
LOWER_TESTS=471
LOWER_PERFORMANCE_TESTS=40
[INFO] 
[INFO] --- exec:3.5.0:java (air-output-suite) @ cobol-lower-adapters ---
LOCAL_ID_BIJECTION=20 id_occurrences=163 old_air_bytes=15720
COMPACT_AIR_BYTES=13827
SCALAR_AIR_SCALE data=250 moves=250 objects=250 cells=250 assigns=250 bytes=4766996 elapsed_nanos=344829677
SCALAR_AIR_SCALE data=500 moves=500 objects=500 cells=500 assigns=500 bytes=9521746 elapsed_nanos=458629906
SCALAR_AIR_SCALE data=1 moves=1000 objects=1 cells=1 assigns=1000 bytes=11212321
PRODUCTION_SUCCESS_PROBE data=400 moves=400 sp_bytes=1071738 air_bytes=7616219 exit=0
PRODUCTION_MEASUREMENT sp_bytes=18809400 nodes=1050154 physical_values=1030152 entities=190021
PRODUCTION_CAPACITY_PROBE data=1 moves=10000 exit=0 air_bytes=112117041 prior_debt=RESOLVED_BY_UPSTREAM_BASELINE
CAPACITY_SP moves=20000 bytes=38179536 nodes=2100154 container_depth=7 sha256=202ce49d1a632ab2997bd8d9beb0300c4c81bfd6935e0cdfa64a564a844f3a3e
CAPACITY_AIR moves=20000 data=1 statements=20001 operands=40000 entities=380021 references=140003 origins=240013 publication=66cf27c9e8562a9a8d46624b2412d512 shared_validator=PASS relational_oracle=PASS
CAPACITY_AIR moves=20000 data=1 statements=20001 operands=40000 entities=380021 references=140003 origins=240013 publication=66cf27c9e8562a9a8d46624b2412d512 shared_validator=PASS relational_oracle=PASS
CAPACITY_DETERMINISM=PASS complete Publication equality; no AIR codec override
LOWER_CAPACITY_TESTS=11
CAPACITY_STRING bytes=33559606 chars=33554433 PASS
LOWER_PRODUCTION_TESTS=24
LOWER_AIR_OUTPUT_TESTS=190
[INFO] 
[INFO] --- jar:3.4.2:jar (default-jar) @ cobol-lower-adapters ---
[INFO] ------------------------------------------------------------------------
[INFO] Reactor Summary for cobol-lower 0.1.0-SNAPSHOT:
[INFO] 
[INFO] cobol-lower ........................................ SUCCESS [  0.001 s]
[INFO] cobol-lower-core ................................... SUCCESS [  2.803 s]
[INFO] cobol-lower-adapters ............................... SUCCESS [ 30.587 s]
[INFO] ------------------------------------------------------------------------
[INFO] BUILD SUCCESS
[INFO] ------------------------------------------------------------------------
[INFO] Total time:  33.466 s
[INFO] Finished at: 2026-09-11T16:01:03-03:00
[INFO] ------------------------------------------------------------------------
SEMANTIC_TEST_COUNT=203971
PERFORMANCE_TEST_COUNT=96
FULL_COMPONENT_PASS=performance
[INFO] Scanning for projects...
[INFO] 
[INFO] ---------------< io.github.gustavo2358:cobol-lower-core >---------------
[INFO] Building cobol-lower-core 0.1.0-SNAPSHOT
[INFO]   from pom.xml
[INFO] --------------------------------[ jar ]---------------------------------
[INFO] 
[INFO] --- dependency:3.8.1:tree (default-cli) @ cobol-lower-core ---
[INFO] Wrote dependency tree to: /home/gustavo/workspace/teste-e2e/cobol-lower/core/target/dependency-tree.json
[INFO] ------------------------------------------------------------------------
[INFO] BUILD SUCCESS
[INFO] ------------------------------------------------------------------------
[INFO] Total time:  0.585 s
[INFO] Finished at: 2026-09-11T16:01:05-03:00
[INFO] ------------------------------------------------------------------------
FULL_COMPONENT_PASS=architecture
{"autoMergeRequest": null, "baseRefName": "main", "headRefName": "feat/cp6-w1c-call-lowering", "headRefOid": "989637a7fd840f43aaf04abce299c839b82fcb55", "isDraft": true, "mergeCommit": null, "number": 11, "reviewDecision": "", "state": "OPEN", "url": "https://github.com/Gustavo2358/cobol-lower/pull/11"}
FULL_COMPONENT_PASS=git
test_call_suites_cannot_be_skipped (test_air_output_gate.AirOutputGate.test_call_suites_cannot_be_skipped) ... ok
test_capacity_proof_is_mandatory_in_performance (test_air_output_gate.AirOutputGate.test_capacity_proof_is_mandatory_in_performance) ... ok
test_core_codec_maven_is_forbidden (test_air_output_gate.AirOutputGate.test_core_codec_maven_is_forbidden) ... ok
test_core_codec_source_is_forbidden (test_air_output_gate.AirOutputGate.test_core_codec_source_is_forbidden) ... ok
test_missing_zero_or_duplicate_suite_rejected (test_air_output_gate.AirOutputGate.test_missing_zero_or_duplicate_suite_rejected) ... ok
test_output_suite_present (test_air_output_gate.AirOutputGate.test_output_suite_present) ... ok
test_production_limit_order_is_mandatory_in_performance (test_air_output_gate.AirOutputGate.test_production_limit_order_is_mandatory_in_performance) ... ok
test_production_probe_is_mandatory (test_air_output_gate.AirOutputGate.test_production_probe_is_mandatory) ... ok
test_w1b_tree_receipt_must_match_pin (test_air_output_gate.AirOutputGate.test_w1b_tree_receipt_must_match_pin) ... ok
test_copied_codec_ownership (test_air_output_gate.OutputOwnership.test_copied_codec_ownership) ... ok
test_shaded_and_bundled_codec (test_air_output_gate.OutputOwnership.test_shaded_and_bundled_codec) ... ok
test_shared_codec_cannot_be_test_only (test_air_output_gate.OutputOwnership.test_shared_codec_cannot_be_test_only) ... ok
test_class_retention_annotation (test_architecture.Architecture.test_class_retention_annotation) ... ok
test_compiled_api_and_internal_use (test_architecture.Architecture.test_compiled_api_and_internal_use) ... ok
test_dependency_tree (test_architecture.Architecture.test_dependency_tree) ... ok
test_hash4j_dependency_is_pinned (test_architecture.Architecture.test_hash4j_dependency_is_pinned) ... ok
test_identity_hash_vocabulary (test_architecture.Architecture.test_identity_hash_vocabulary) ... ok
test_shared_vocabulary (test_architecture.Architecture.test_shared_vocabulary) ... ok
test_source_counterexamples (test_architecture.Architecture.test_source_counterexamples) ... ok
test_baseline_not_green (test_certificate.Certification.test_baseline_not_green) ... ok
test_controlled_complete_record (test_certificate.Certification.test_controlled_complete_record) ... ok
test_duplicate_review_identity (test_certificate.Certification.test_duplicate_review_identity) ... ok
test_false_independent_review (test_certificate.Certification.test_false_independent_review) ... ok
test_freeze_incomplete (test_certificate.Certification.test_freeze_incomplete) ... ok
test_freeze_normative_reference_removed (test_certificate.Certification.test_freeze_normative_reference_removed) ... ok
test_gate_absent (test_certificate.Certification.test_gate_absent) ... ok
test_gate_set_cannot_shrink (test_certificate.Certification.test_gate_set_cannot_shrink) ... ok
test_missing_log (test_certificate.Certification.test_missing_log) ... ok
test_regression_absent (test_certificate.Certification.test_regression_absent) ... ok
test_regression_missing_semantic (test_certificate.Certification.test_regression_missing_semantic) ... ok
test_required_null_field_missing (test_certificate.Certification.test_required_null_field_missing) ... ok
test_required_result_not_success (test_certificate.Certification.test_required_result_not_success) ... ok
test_restoration_digest (test_certificate.Certification.test_restoration_digest) ... ok
test_second_green_missing (test_certificate.Certification.test_second_green_missing) ... ok
test_specified_gate_is_not_pass (test_certificate.Certification.test_specified_gate_is_not_pass) ... ok
test_unrestored (test_certificate.Certification.test_unrestored) ... ok
test_wrong_review_reference (test_certificate.Certification.test_wrong_review_reference) ... ok
test_zero_tests (test_certificate.Certification.test_zero_tests) ... ok
test_active_completed (test_checks.Documents.test_active_completed) ... ok
test_advance_without_dependency (test_checks.Documents.test_advance_without_dependency) ... ok
test_baseline (test_checks.Documents.test_baseline) ... ok
test_broken_anchor (test_checks.Documents.test_broken_anchor) ... ok
test_broken_link (test_checks.Documents.test_broken_link) ... ok
test_current_not_authorized (test_checks.Documents.test_current_not_authorized) ... ok
test_default_mode_multiple (test_checks.Documents.test_default_mode_multiple) ... ok
test_duplicate_work (test_checks.Documents.test_duplicate_work) ... ok
test_empty_authorization (test_checks.Documents.test_empty_authorization) ... ok
test_external_scope (test_checks.Documents.test_external_scope) ... ok
test_invariant_missing (test_checks.Documents.test_invariant_missing) ... ok
test_missing_authority (test_checks.Documents.test_missing_authority) ... ok
test_nonexistent_checkpoint (test_checks.Documents.test_nonexistent_checkpoint) ... ok
test_required_read_missing (test_checks.Documents.test_required_read_missing) ... ok
test_scope_without_planned (test_checks.Documents.test_scope_without_planned) ... ok
test_source_hash (test_checks.Documents.test_source_hash) ... ok
test_source_revision (test_checks.Documents.test_source_revision) ... ok
test_correct_sha_success (test_checks.Remote.test_correct_sha_success) ... ok
test_missing (test_checks.Remote.test_missing) ... ok
test_no_push (test_checks.Remote.test_no_push) ... ok
test_non_success_states (test_checks.Remote.test_non_success_states) ... ok
test_old_sha (test_checks.Remote.test_old_sha) ... ok
test_wrong_producer (test_checks.Remote.test_wrong_producer) ... ok
test_altered_merge_evidence_rejected (test_ci_bootstrap.CiBootstrap.test_altered_merge_evidence_rejected) ... ok
test_ambiguous_merged_pr_rejected (test_ci_bootstrap.CiBootstrap.test_ambiguous_merged_pr_rejected) ... ok
test_branch_execution_keeps_exact_head (test_ci_bootstrap.CiBootstrap.test_branch_execution_keeps_exact_head) ... ok
test_explicit_matching_pr_accepted (test_ci_bootstrap.CiBootstrap.test_explicit_matching_pr_accepted) ... ok
test_explicit_wrong_pr_rejected (test_ci_bootstrap.CiBootstrap.test_explicit_wrong_pr_rejected) ... ok
test_initial_cp0_selects_historical_head (test_ci_bootstrap.CiBootstrap.test_initial_cp0_selects_historical_head) ... ok
test_invalid_event_ref_rejected (test_ci_bootstrap.CiBootstrap.test_invalid_event_ref_rejected) ... ok
test_known_pr_later_checkpoint_accepted (test_ci_bootstrap.CiBootstrap.test_known_pr_later_checkpoint_accepted) ... ok
test_merged_pr_still_rejects_execution (test_ci_bootstrap.CiBootstrap.test_merged_pr_still_rejects_execution) ... ok
test_missing_merged_pr_rejected (test_ci_bootstrap.CiBootstrap.test_missing_merged_pr_rejected) ... ok
test_null_later_checkpoint_rejected (test_ci_bootstrap.CiBootstrap.test_null_later_checkpoint_rejected) ... ok
test_unmerged_pr_rejected (test_ci_bootstrap.CiBootstrap.test_unmerged_pr_rejected) ... ok
test_unrelated_head_rejected (test_ci_bootstrap.CiBootstrap.test_unrelated_head_rejected) ... ok
test_wrong_base_branch_rejected (test_ci_bootstrap.CiBootstrap.test_wrong_base_branch_rejected) ... ok
test_wrong_base_repository_rejected (test_ci_bootstrap.CiBootstrap.test_wrong_base_repository_rejected) ... ok
test_wrong_branch_rejected (test_ci_bootstrap.CiBootstrap.test_wrong_branch_rejected) ... ok
test_wrong_event_sha_rejected (test_ci_bootstrap.CiBootstrap.test_wrong_event_sha_rejected) ... ok
test_wrong_merge_sha_rejected (test_ci_bootstrap.CiBootstrap.test_wrong_merge_sha_rejected) ... ok
test_wrong_repository_rejected (test_ci_bootstrap.CiBootstrap.test_wrong_repository_rejected) ... ok
test_arbitrary_document_change_rejected (test_closeout.Closeout.test_arbitrary_document_change_rejected) ... ok
test_certificate_change_rejected (test_closeout.Closeout.test_certificate_change_rejected) ... ok
test_closeout_selects_certified_parent_for_historical_audit (test_closeout.Closeout.test_closeout_selects_certified_parent_for_historical_audit) ... ok
test_contract_change_rejected (test_closeout.Closeout.test_contract_change_rejected) ... ok
test_merged_closeout_still_audits_certified_parent (test_closeout.Closeout.test_merged_closeout_still_audits_certified_parent) ... ok
test_normal_head_keeps_execution_mode (test_closeout.Closeout.test_normal_head_keeps_execution_mode) ... ok
test_product_change_rejected (test_closeout.Closeout.test_product_change_rejected) ... ok
test_source_lock_change_rejected (test_closeout.Closeout.test_source_lock_change_rejected) ... ok
test_unrelated_registry_change_rejected (test_closeout.Closeout.test_unrelated_registry_change_rejected) ... ok
test_unrelated_work_rejected (test_closeout.Closeout.test_unrelated_work_rejected) ... ok
test_work_still_active_rejected (test_closeout.Closeout.test_work_still_active_rejected) ... ok
test_wrong_remote_pr_rejected (test_closeout.Closeout.test_wrong_remote_pr_rejected) ... ok
test_active_resolution_and_old_baseline (test_closure.Closure.test_active_resolution_and_old_baseline) ... ok
test_arbitrary_history_does_not_authorize_code (test_closure.Closure.test_arbitrary_history_does_not_authorize_code) ... ok
test_backlog_not_closed (test_closure.Closure.test_backlog_not_closed) ... ok
test_closed_baseline (test_closure.Closure.test_closed_baseline) ... ok
test_closed_resolution (test_closure.Closure.test_closed_resolution) ... ok
test_dependency_receipt_missing (test_closure.Closure.test_dependency_receipt_missing) ... ok
test_duplicate_registration (test_closure.Closure.test_duplicate_registration) ... ok
test_external_manifest (test_closure.Closure.test_external_manifest) ... ok
test_failed_certificate_is_not_certifiable (test_closure.Closure.test_failed_certificate_is_not_certifiable) ... ok
test_final_checkpoint_not_authorized (test_closure.Closure.test_final_checkpoint_not_authorized) ... ok
test_git_mismatch (test_closure.Closure.test_git_mismatch) ... ok
test_index_missing (test_closure.Closure.test_index_missing) ... ok
test_missing_authority (test_closure.Closure.test_missing_authority) ... ok
test_missing_evidence (test_closure.Closure.test_missing_evidence) ... ok
test_missing_registration_no_fallback (test_closure.Closure.test_missing_registration_no_fallback) ... ok
test_unregistered_active_copy (test_closure.Closure.test_unregistered_active_copy) ... ok
test_explicit_v2_unmerged_remediation_positive (test_execution_authority.ExecutionAuthority.test_explicit_v2_unmerged_remediation_positive) ... ok
test_history_without_explicit_remediation_does_not_authorize (test_execution_authority.ExecutionAuthority.test_history_without_explicit_remediation_does_not_authorize) ... ok
test_merged_v2_remediation_is_not_execution_authority (test_execution_authority.ExecutionAuthority.test_merged_v2_remediation_is_not_execution_authority) ... ok
test_absent_zero_and_incomplete_performance_suites (test_full.Full.test_absent_zero_and_incomplete_performance_suites) ... ok
test_all_required_components_once (test_full.Full.test_all_required_components_once) ... SEMANTIC_TEST_COUNT=2
SEMANTIC_TEST_COUNT=2
FULL_COMPONENT_PASS=docs
FULL_COMPONENT_PASS=semantic
FULL_COMPONENT_PASS=performance
FULL_COMPONENT_PASS=architecture
FULL_COMPONENT_PASS=git
FULL_COMPONENT_PASS=harness-tests
FULL_COMPONENT_PASS=challenge
ok
test_cannot_shrink_or_expand_required_set (test_full.Full.test_cannot_shrink_or_expand_required_set) ... ok
test_failed_leaf_propagates (test_full.Full.test_failed_leaf_propagates) ... FULL_COMPONENT_PASS=docs
FULL_COMPONENT_PASS=semantic
ok
test_full_wiring_does_not_substitute_a_leaf (test_full.Full.test_full_wiring_does_not_substitute_a_leaf) ... FULL_COMPONENT_PASS=docs
FULL_COMPONENT_PASS=semantic
FULL_COMPONENT_PASS=performance
FULL_COMPONENT_PASS=architecture
FULL_COMPONENT_PASS=git
FULL_COMPONENT_PASS=harness-tests
FULL_COMPONENT_PASS=challenge
ok
test_local_git_keeps_branch_preflight (test_full.Full.test_local_git_keeps_branch_preflight) ... ok
test_missing_runner (test_full.Full.test_missing_runner) ... ok
test_published_git_cannot_bypass_certificate (test_full.Full.test_published_git_cannot_bypass_certificate) ... ok
test_published_git_rejects_uncertified_record (test_full.Full.test_published_git_rejects_uncertified_record) ... ok
test_published_git_rejects_wrong_head_and_dirty (test_full.Full.test_published_git_rejects_wrong_head_and_dirty) ... ok
test_published_git_requires_exact_clean_head (test_full.Full.test_published_git_requires_exact_clean_head) ... ok
test_real_nonzero_performance_suites (test_full.Full.test_real_nonzero_performance_suites) ... ok
test_commit_missing_evidence (test_git.GitIdentity.test_commit_missing_evidence) ... fatal: path 'docs/quality/WORK-LOWER-001/CP0.json' does not exist in '21e80632de9109d5642d0032fc80c32aade22913'
ok
test_complete_candidate (test_git.GitIdentity.test_complete_candidate) ... ok
test_evidence_not_the_committed_record (test_git.GitIdentity.test_evidence_not_the_committed_record) ... ok
test_extra_exclusion (test_git.GitIdentity.test_extra_exclusion) ... ok
test_frozen_bytes (test_git.GitIdentity.test_frozen_bytes) ... ok
test_missing_revision (test_git.GitIdentity.test_missing_revision) ... fatal: path 'contract.md' exists on disk, but not in 'ffffffffffffffffffffffffffffffffffffffff'
ok
test_missing_trailer (test_git.GitIdentity.test_missing_trailer) ... ok
test_published_commit (test_git.GitIdentity.test_published_commit) ... ok
test_select_current_checkpoint_trailer (test_git.GitIdentity.test_select_current_checkpoint_trailer) ... ok
test_select_rejects_missing_trailer (test_git.GitIdentity.test_select_rejects_missing_trailer) ... ok
test_select_rejects_unsafe_and_duplicate_trailers (test_git.GitIdentity.test_select_rejects_unsafe_and_duplicate_trailers) ... ok
test_unstaged (test_git.GitIdentity.test_unstaged) ... ok
test_untracked (test_git.GitIdentity.test_untracked) ... ok
test_wrong_digest (test_git.GitIdentity.test_wrong_digest) ... ok
test_immutable_oracle_candidate_and_committed_bytes (test_human_review.FreezeCandidate.test_immutable_oracle_candidate_and_committed_bytes) ... ok
test_reference_only_may_change (test_human_review.FreezeCandidate.test_reference_only_may_change) ... ok
test_usage_missing_or_unknown_rejected_v2 (test_human_review.FreezeCandidate.test_usage_missing_or_unknown_rejected_v2) ... ok
test_execution_merged_rejected (test_human_review.RemoteLifecycle.test_execution_merged_rejected) ... ok
test_execution_open_positive (test_human_review.RemoteLifecycle.test_execution_open_positive) ... ok
test_historical_gate_is_read_only_and_requires_certificate (test_human_review.RemoteLifecycle.test_historical_gate_is_read_only_and_requires_certificate) ... ok
test_historical_merged_positive (test_human_review.RemoteLifecycle.test_historical_merged_positive) ... ok
test_reconciliation_pending_open_and_stale_open_after_merge (test_human_review.RemoteLifecycle.test_reconciliation_pending_open_and_stale_open_after_merge) ... ok
test_reconciliation_reviewed_open_and_merged (test_human_review.RemoteLifecycle.test_reconciliation_reviewed_open_and_merged) ... ok
test_review_of_other_sha_not_current_approval (test_human_review.RemoteLifecycle.test_review_of_other_sha_not_current_approval) ... ok
test_wrong_sha_success_still_rejected (test_human_review.RemoteLifecycle.test_wrong_sha_success_still_rejected) ... ok
test_active_rejects_self_consistent_wrong_receipt (test_human_review.ReviewDocuments.test_active_rejects_self_consistent_wrong_receipt) ... ok
test_dependency_wrong_checkpoint_identity (test_human_review.ReviewDocuments.test_dependency_wrong_checkpoint_identity) ... ok
test_history_never_authorizes_execution (test_human_review.ReviewDocuments.test_history_never_authorizes_execution) ... ok
test_history_rejects_self_consistent_wrong_receipt (test_human_review.ReviewDocuments.test_history_rejects_self_consistent_wrong_receipt) ... ok
test_legacy_schema_is_auditable_but_not_new_execution_authority (test_human_review.ReviewDocuments.test_legacy_schema_is_auditable_but_not_new_execution_authority) ... ok
test_merged_history_cannot_authorize_even_remediation (test_human_review.ReviewDocuments.test_merged_history_cannot_authorize_even_remediation) ... ok
test_no_git_or_invalid_candidate_is_not_success (test_human_review.ReviewDocuments.test_no_git_or_invalid_candidate_is_not_success) ... ok
test_receipt_matching_certified_commit_positive (test_human_review.ReviewDocuments.test_receipt_matching_certified_commit_positive) ... ok
test_receipt_wrong_pr_rejected (test_human_review.ReviewDocuments.test_receipt_wrong_pr_rejected) ... ok
test_resolver_positive_and_wrong_identity (test_human_review.ReviewDocuments.test_resolver_positive_and_wrong_identity) ... ok
test_reviewed_merged_history_valid_read_only (test_human_review.ReviewDocuments.test_reviewed_merged_history_valid_read_only) ... ok
test_reviewed_open_history_valid (test_human_review.ReviewDocuments.test_reviewed_open_history_valid) ... ok
test_ci_wrong_event_sha_rejected (test_human_review.WorkflowPolicy.test_ci_wrong_event_sha_rejected) ... ok
test_main_missing_ambiguous_or_wrong_merge_sha_rejected (test_human_review.WorkflowPolicy.test_main_missing_ambiguous_or_wrong_merge_sha_rejected) ... ok
test_main_uses_proven_pr_head_as_read_only (test_human_review.WorkflowPolicy.test_main_uses_proven_pr_head_as_read_only) ... ok
test_new_work_branch_uses_own_evidence_without_first_branch_name (test_human_review.WorkflowPolicy.test_new_work_branch_uses_own_evidence_without_first_branch_name) ... ok
test_push_policy_covers_new_work_branch_and_main (test_human_review.WorkflowPolicy.test_push_policy_covers_new_work_branch_and_main) ... ok
test_required_check_identity_remains_explicit (test_human_review.WorkflowPolicy.test_required_check_identity_remains_explicit) ... ok
test_missing_current_link_resolves_only_unchanged_historical_evidence (test_output_lifecycle.HistoricalLinks.test_missing_current_link_resolves_only_unchanged_historical_evidence) ... ok
test_absent_review_needs_complete_honest_observation (test_output_lifecycle.OutputLifecycle.test_absent_review_needs_complete_honest_observation) ... ok
test_actual_merge_without_recorded_review (test_output_lifecycle.OutputLifecycle.test_actual_merge_without_recorded_review) ... ok
test_remote_observation_is_checked_against_actual_metadata (test_output_lifecycle.OutputLifecycle.test_remote_observation_is_checked_against_actual_metadata) ... ok
test_complete_controlled_remediation (test_remediation_certificate.RemediationCertificate.test_complete_controlled_remediation) ... ok
test_normative_contract_and_grant_cannot_disappear (test_remediation_certificate.RemediationCertificate.test_normative_contract_and_grant_cannot_disappear) ... ok
test_not_cp6_and_no_gate_shrink (test_remediation_certificate.RemediationCertificate.test_not_cp6_and_no_gate_shrink) ... ok
test_recovery_sha_and_path_cannot_come_from_receipt (test_remediation_certificate.RemediationCertificate.test_recovery_sha_and_path_cannot_come_from_receipt) ... ok
test_source_lock_cannot_be_reference_only (test_remediation_certificate.RemediationCertificate.test_source_lock_cannot_be_reference_only) ... ok

----------------------------------------------------------------------
Ran 175 tests in 39.474s

OK
{"number": 2, "url": "https://github.com/Gustavo2358/cobol-lower/pull/2", "state": "OPEN", "headRefOid": "5a00a152d3c05793dad825c16226867c493ee31b", "headRefName": "feat/first-entry-goback-slice", "baseRefName": "main", "isDraft": false, "autoMergeRequest": null, "reviewDecision": "APPROVED", "mergeCommit": null}
{"number": 2, "url": "https://github.com/Gustavo2358/cobol-lower/pull/2", "state": "MERGED", "headRefOid": "5a00a152d3c05793dad825c16226867c493ee31b", "headRefName": "feat/first-entry-goback-slice", "baseRefName": "main", "isDraft": false, "autoMergeRequest": null, "reviewDecision": "APPROVED", "mergeCommit": {"oid": "bbbbbbbbbbbbbbbbbbbbbbbbbbbbbbbbbbbbbbbb"}}
FULL_COMPONENT_PASS=harness-tests
{"id": "DOC-LINK", "baseline_exit_code": 0, "observed_exit_code": 1, "failure_reason": ["LINK README.md: missing.md"], "baseline_digest": "ab9fad5643c89020ff7630101077411ead5d080fd48fe0ee86c9dfc110748b3e"}
{"id": "DOC-LINK", "restoration_status": "RESTORED", "restored_digest": "ab9fad5643c89020ff7630101077411ead5d080fd48fe0ee86c9dfc110748b3e", "green_exit_code": 0}
{"id": "DOC-INVARIANT", "baseline_exit_code": 0, "observed_exit_code": 1, "failure_reason": ["INVARIANT EVAL-LWR-001: INV-LWR-999"], "baseline_digest": "ff3012b592345a07db18845b79490765b6ad6864eeed7315767120de22422aa2"}
{"id": "DOC-INVARIANT", "restoration_status": "RESTORED", "restored_digest": "ff3012b592345a07db18845b79490765b6ad6864eeed7315767120de22422aa2", "green_exit_code": 0}
{"id": "DOC-HISTORY-AUTH", "baseline_exit_code": 0, "observed_exit_code": 1, "failure_reason": ["HISTORY DEPENDENCY/REGISTRATION WORK-LOWER-001: final checkpoint authorization"], "baseline_digest": "bc36b6f7eb13fd952c8bbefb63f541c5540fab1db652ae7f52051a521520ac86"}
{"id": "DOC-HISTORY-AUTH", "restoration_status": "RESTORED", "restored_digest": "bc36b6f7eb13fd952c8bbefb63f541c5540fab1db652ae7f52051a521520ac86", "green_exit_code": 0}
{"id": "DOC-HISTORY-GIT", "baseline_exit_code": 0, "observed_exit_code": 1, "failure_reason": ["HISTORY DEPENDENCY/REGISTRATION WORK-LOWER-001: historical remote observation incoherent"], "baseline_digest": "bc36b6f7eb13fd952c8bbefb63f541c5540fab1db652ae7f52051a521520ac86"}
{"id": "DOC-HISTORY-GIT", "restoration_status": "RESTORED", "restored_digest": "bc36b6f7eb13fd952c8bbefb63f541c5540fab1db652ae7f52051a521520ac86", "green_exit_code": 0}
{"id": "DOC-HISTORY-TRUST", "baseline_exit_code": 0, "observed_exit_code": 1, "failure_reason": ["LINK docs/quality/WORK-LOWER-002/CP0-review.md: ../../work/active/WORK-LOWER-002/spec.md", "HISTORY DEPENDENCY/REGISTRATION WORK-LOWER-999: 'review_status'", "UNAUTHORIZED_IMPLEMENTATION docs-only"], "baseline_digest": "2e4df621b3adad24eef3cd3c45a8848e57da3ba626cbe4f4139a77f2e58b4980"}
{"id": "DOC-HISTORY-TRUST", "restoration_status": "RESTORED", "restored_digest": "2e4df621b3adad24eef3cd3c45a8848e57da3ba626cbe4f4139a77f2e58b4980", "green_exit_code": 0}
{"id": "DOC-ACTIVE-COMPLETED", "baseline_exit_code": 0, "observed_exit_code": 1, "failure_reason": ["LIFECYCLE active WORK-LOWER-001: completed", "REGISTRY WORK-LOWER-001"], "baseline_digest": "2daa5c634aede07bea6adeda9a787486bfa9309804f5cf2c10318b7e0aa32017"}
{"id": "DOC-ACTIVE-COMPLETED", "restoration_status": "RESTORED", "restored_digest": "2daa5c634aede07bea6adeda9a787486bfa9309804f5cf2c10318b7e0aa32017", "green_exit_code": 0}
{"id": "DOC-MUST-READ", "baseline_exit_code": 0, "observed_exit_code": 1, "failure_reason": ["MUST_READ WORK-LOWER-001: docs/missing.md"], "baseline_digest": "2daa5c634aede07bea6adeda9a787486bfa9309804f5cf2c10318b7e0aa32017"}
{"id": "DOC-MUST-READ", "restoration_status": "RESTORED", "restored_digest": "2daa5c634aede07bea6adeda9a787486bfa9309804f5cf2c10318b7e0aa32017", "green_exit_code": 0}
{"id": "ARCH-PATH-API-BYTECODE", "baseline_exit_code": 0, "observed_exit_code": 1, "failure_reason": ["ARCH_BYTECODE forbidden type/member/annotation", "ARCH_API forbidden signature"], "baseline_digest": "1dd4a771b9cbfd3a52efe05969e1ca018ba7601f916f0d03163285369d1093b1"}
{"id": "ARCH-PATH-API-BYTECODE", "restoration_status": "RESTORED", "restored_digest": "1dd4a771b9cbfd3a52efe05969e1ca018ba7601f916f0d03163285369d1093b1", "green_exit_code": 0}
{"id": "ARCH-PATH-INTERNAL", "baseline_exit_code": 0, "observed_exit_code": 1, "failure_reason": ["ARCH_BYTECODE forbidden type/member/annotation"], "baseline_digest": "1dd4a771b9cbfd3a52efe05969e1ca018ba7601f916f0d03163285369d1093b1"}
{"id": "ARCH-PATH-INTERNAL", "restoration_status": "RESTORED", "restored_digest": "1dd4a771b9cbfd3a52efe05969e1ca018ba7601f916f0d03163285369d1093b1", "green_exit_code": 0}
{"id": "ARCH-PATH-SOURCE", "baseline_exit_code": 0, "observed_exit_code": 1, "failure_reason": ["ARCH_SOURCE forbidden dependency"], "baseline_digest": "1dd4a771b9cbfd3a52efe05969e1ca018ba7601f916f0d03163285369d1093b1"}
{"id": "ARCH-PATH-SOURCE", "restoration_status": "RESTORED", "restored_digest": "1dd4a771b9cbfd3a52efe05969e1ca018ba7601f916f0d03163285369d1093b1", "green_exit_code": 0}
PASS CHALLENGE: 10 restored falsifications and second GREEN
{"id": "RETURN-HALT", "mutation": "new Operations.Return(header, List.of()) -> new Operations.Halt(header, Operations.HaltKind.NORMAL)", "expected_oracle": "typed GOBACK must be Return, never Halt", "baseline_exit_code": 0, "observed_exit_code": 1, "failure_reason": "java.lang.AssertionError: CP3 typed GOBACK must be Return, never Halt", "baseline_digest": "a0f47b78d428ba66eed85f74606a8eecdad22e3388e744ca85811f430a6ebff2", "restored_digest": "a0f47b78d428ba66eed85f74606a8eecdad22e3388e744ca85811f430a6ebff2", "digest_scope": "core/src/main/java/io/github/gustavo2358/lower/application/EntryGobackLowerer.java", "restoration_status": "RESTORED", "green_command": "python3 scripts/harness/run.py performance (isolated copy)", "green_exit_code": 0, "baseline_output_sha256": "5de990221ca87ab30d8f61b95186f45bad2ca4aba7e98282913de1c6eab33cdf", "red_output_sha256": "9935443d04ad2559f5632c709f3b7bacd7355adbf580e35a23dae0db14573830", "restored_output_sha256": "62d7978329d02cd313eef0c40c28024108a8906a7b7ea9b0008972958cab41f9", "baseline_counts": ["SEMANTIC_TEST_COUNT=203971", "PERFORMANCE_TEST_COUNT=96"], "restored_counts": ["SEMANTIC_TEST_COUNT=203971", "PERFORMANCE_TEST_COUNT=96"]}
{"id": "OPEN-COMPLETE", "mutation": "Evidence.InventoryStatus.PARTIAL -> Evidence.InventoryStatus.COMPLETE", "expected_oracle": "alternative entry inventory stays PARTIAL", "baseline_exit_code": 0, "observed_exit_code": 1, "failure_reason": "java.lang.AssertionError: CP3 alternative entry inventory stays PARTIAL", "baseline_digest": "a0f47b78d428ba66eed85f74606a8eecdad22e3388e744ca85811f430a6ebff2", "restored_digest": "a0f47b78d428ba66eed85f74606a8eecdad22e3388e744ca85811f430a6ebff2", "digest_scope": "core/src/main/java/io/github/gustavo2358/lower/application/EntryGobackLowerer.java", "restoration_status": "RESTORED", "green_command": "python3 scripts/harness/run.py performance (isolated copy)", "green_exit_code": 0, "baseline_output_sha256": "25487f7a3c7fc43011b9dcd4b6e77154f96821788f62af1fa403402bb9217457", "red_output_sha256": "93eaa4853d3e650062f0daed8490aa89dbd84491a09bcac7fa0fffaf1b81dc97", "restored_output_sha256": "6b6437e03138cf55db2f8238d3cb07a53ed9eb6e346d25a7444cf28c1f0e16fa", "baseline_counts": ["SEMANTIC_TEST_COUNT=203971", "PERFORMANCE_TEST_COUNT=96"], "restored_counts": ["SEMANTIC_TEST_COUNT=203971", "PERFORMANCE_TEST_COUNT=96"]}
{"id": "INDEX-SCAN", "mutation": "StatementFact lookup(StatementId id) { references++; return statements.get(id); } -> StatementFact lookup(StatementId id) { for (var candidate : statements.entrySet()) { references++; if (candidate.getKey().equals(id)) return candidate.getValue(); } return null; }", "expected_oracle": "reference ledger N+1, no repeated scan", "baseline_exit_code": 0, "observed_exit_code": 1, "failure_reason": "java.lang.AssertionError: CP4 performance reference ledger N+1, no repeated scan", "baseline_digest": "819e5481e99b0363a48b534d5c8099503206b7f1dad6cbde399c29fc8c096c82", "restored_digest": "819e5481e99b0363a48b534d5c8099503206b7f1dad6cbde399c29fc8c096c82", "digest_scope": "core/src/main/java/io/github/gustavo2358/lower/application/EntryGobackAdmission.java", "restoration_status": "RESTORED", "green_command": "python3 scripts/harness/run.py performance (isolated copy)", "green_exit_code": 0, "baseline_output_sha256": "61e958ab30871d310d5a0be89eba85d09271231a52e59eb65e5ee73eaff7c586", "red_output_sha256": "09f295cd274305cf5162cc9a593c998473b15ce591748759dfc331857ce04a58", "restored_output_sha256": "542be2ea8e9e112795df5ae82e6f9105aeb2d40e4074b6c442c674dd4ada4aa1", "baseline_counts": ["SEMANTIC_TEST_COUNT=203971", "PERFORMANCE_TEST_COUNT=96"], "restored_counts": ["SEMANTIC_TEST_COUNT=203971", "PERFORMANCE_TEST_COUNT=96"]}
PASS SEMANTIC CHALLENGE: 3 restored falsifications and second GREEN
{"id": "R1-A-RECEIPT", "mutation": "remote_errors(certificate[\"frozen_contract\"][\"required_remote_checks\"], expected, receipt) -> remote_errors(certificate[\"frozen_contract\"][\"required_remote_checks\"], receipt[\"pushed_sha\"], receipt)", "expected_oracle": "ReviewDocuments.test_history_rejects_self_consistent_wrong_receipt", "baseline_exit_code": 0, "observed_exit_code": 1, "failure_reason": "AssertionError: ReviewDocuments.test_history_rejects_self_consistent_wrong_receipt", "baseline_digest": "82bd3699843ed0ecf1542cd144606dfd1bceb5c1f159c838e7db72a35a30650f", "restored_digest": "82bd3699843ed0ecf1542cd144606dfd1bceb5c1f159c838e7db72a35a30650f", "digest_scope": "scripts/harness/checks.py", "restoration_status": "RESTORED", "green_exit_code": 0, "green_command": "python3 -B scripts/harness/tests/test_human_review.py ReviewDocuments.test_history_rejects_self_consistent_wrong_receipt -v (isolated copy)", "baseline_output_sha256": "adc0ddacf0f18ac6574eeae2db5063631614bc583ef64bf110a33c2465ddb8e7", "red_output_sha256": "d58530dc6bef5f9c4305b29e9b9042610bb37d2955f74151d6c6bae57a75a147", "restored_output_sha256": "f73181bcb8caf03af6be9a358da174d7d095b6d2e713c9d43fe46226938230c4"}
{"id": "R1-B-ORACLE", "mutation": "if usage == \"candidate_immutable\": -> if False and usage == \"candidate_immutable\":", "expected_oracle": "FreezeCandidate.test_immutable_oracle_candidate_and_committed_bytes", "baseline_exit_code": 0, "observed_exit_code": 1, "failure_reason": "AssertionError: FreezeCandidate.test_immutable_oracle_candidate_and_committed_bytes", "baseline_digest": "9016e4668322016423778aeb7ad69a1456eb4ffe6491a963af492ba8725a2be1", "restored_digest": "9016e4668322016423778aeb7ad69a1456eb4ffe6491a963af492ba8725a2be1", "digest_scope": "scripts/harness/git_checks.py", "restoration_status": "RESTORED", "green_exit_code": 0, "green_command": "python3 -B scripts/harness/tests/test_human_review.py FreezeCandidate.test_immutable_oracle_candidate_and_committed_bytes -v (isolated copy)", "baseline_output_sha256": "4c95bd1bd092f1b2e4b1b1c1473f80102e2626e1c68da0823853061217b1064e", "red_output_sha256": "c2d9e76ee2d0ac7b812b81b2ea9a9967f78518526a39acf6eed2bedb90c76ddf", "restored_output_sha256": "32f493328fa7079d6b47f9933d2b073e1fd010a4d412623b0efd49d7c4081284"}
{"id": "R1-C-AUTHORITY", "mutation": "if for_execution: -> if False and for_execution:", "expected_oracle": "ReviewDocuments.test_history_never_authorizes_execution", "baseline_exit_code": 0, "observed_exit_code": 1, "failure_reason": "AssertionError: ReviewDocuments.test_history_never_authorizes_execution", "baseline_digest": "82bd3699843ed0ecf1542cd144606dfd1bceb5c1f159c838e7db72a35a30650f", "restored_digest": "82bd3699843ed0ecf1542cd144606dfd1bceb5c1f159c838e7db72a35a30650f", "digest_scope": "scripts/harness/checks.py", "restoration_status": "RESTORED", "green_exit_code": 0, "green_command": "python3 -B scripts/harness/tests/test_human_review.py ReviewDocuments.test_history_never_authorizes_execution -v (isolated copy)", "baseline_output_sha256": "89cb88a1eed6bb344a1e17f17c39e60fc83131fd960be5f6eb4b882d98e970aa", "red_output_sha256": "846d0a89c0fd01f43712631fd9fe007ae0ed295529dc3ffb3aa8053e1492b037", "restored_output_sha256": "19b80105ea5711db300cd340e812198ee75426e0394dcd2882c3496d4a0a51de"}
{"id": "R1-D-WORKFLOW", "mutation": "branches: ['**'] -> branches: ['feat/first-entry-goback-slice']", "expected_oracle": "WorkflowPolicy.test_push_policy_covers_new_work_branch_and_main", "baseline_exit_code": 0, "observed_exit_code": 1, "failure_reason": "AssertionError: WorkflowPolicy.test_push_policy_covers_new_work_branch_and_main", "baseline_digest": "e1b0ced2d98ef65c1c958ea3647b54f737ea4345fbb1952e9ddff4ed7822224e", "restored_digest": "e1b0ced2d98ef65c1c958ea3647b54f737ea4345fbb1952e9ddff4ed7822224e", "digest_scope": ".github/workflows/checkpoint.yml", "restoration_status": "RESTORED", "green_exit_code": 0, "green_command": "python3 -B scripts/harness/tests/test_human_review.py WorkflowPolicy.test_push_policy_covers_new_work_branch_and_main -v (isolated copy)", "baseline_output_sha256": "5dd8356a1c0243aa42e587a5b268634d3b1896f73494a6298772659ddb8e17ca", "red_output_sha256": "da22b1a65c51fbfc466d6027dfb8a41c3bab323b5819ed2249a8df4c308ad545", "restored_output_sha256": "5dd8356a1c0243aa42e587a5b268634d3b1896f73494a6298772659ddb8e17ca"}
{"id": "R1-E-SHA", "mutation": "and c.get(\"head_sha\") == sha -> and True", "expected_oracle": "RemoteLifecycle.test_wrong_sha_success_still_rejected", "baseline_exit_code": 0, "observed_exit_code": 1, "failure_reason": "AssertionError: RemoteLifecycle.test_wrong_sha_success_still_rejected", "baseline_digest": "82bd3699843ed0ecf1542cd144606dfd1bceb5c1f159c838e7db72a35a30650f", "restored_digest": "82bd3699843ed0ecf1542cd144606dfd1bceb5c1f159c838e7db72a35a30650f", "digest_scope": "scripts/harness/checks.py", "restoration_status": "RESTORED", "green_exit_code": 0, "green_command": "python3 -B scripts/harness/tests/test_human_review.py RemoteLifecycle.test_wrong_sha_success_still_rejected -v (isolated copy)", "baseline_output_sha256": "56a52249fcb5480b0fc3614d23b807ab8b9c450efc2dccd8c06af0808e941812", "red_output_sha256": "6eb317b711f6c124919ff2523cf5a88e90d3286981a7a559715ae44b2bc813d3", "restored_output_sha256": "56a52249fcb5480b0fc3614d23b807ab8b9c450efc2dccd8c06af0808e941812"}
PASS REVIEW CHALLENGE: 5 restored falsifications and second GREEN
{"id": "AIR-JACKSON", "mutation": "codec.encode(publication) -> new com.fasterxml.jackson.databind.ObjectMapper().writeValueAsBytes(publication)", "expected_oracle": "ARCH_AIR_OUTPUT JSON library", "observed_exit_code": 1, "failure_reason": "ARCH_AIR_OUTPUT JSON library outside SP input: /tmp/lower-output-challenge-amt1nrn4/adapters/src/main/java/io/github/gustavo2358/lower/adapters/air/AirFileOutput.java", "baseline_exit_code": 0, "baseline_digest": "f2abf9d185c5e19624334955397538a97f25e0e381704a52bd4e5fcea12f477d", "restored_digest": "f2abf9d185c5e19624334955397538a97f25e0e381704a52bd4e5fcea12f477d", "restoration_status": "RESTORED", "green_command": "python3 scripts/harness/run.py semantic; focal boundary (isolated copy)", "green_exit_code": 0, "baseline_output_sha256": "d1973e0a670db9bb47d5f8f949d3fd60df1692bab5b87bbc7ae25079a4bd24ab", "red_output_sha256": "cffa5addbdc00a13f18742edf80aa8a26757ebb03aa5815db2f2cced7a77af75", "restored_output_sha256": "a22059687792a2e4ee9f271277ad9645001c82e1cc23a15a36c6f35b0515730b"}
{"id": "AIR-NEWLINE", "mutation": "files.write(temporary, bytes); -> files.write(temporary, (new String(bytes, java.nio.charset.StandardCharsets.UTF_8) + \"\\n\").getBytes(java.nio.charset.StandardCharsets.UTF_8));", "expected_oracle": "exact shared codec bytes", "observed_exit_code": 1, "failure_reason": "java.lang.AssertionError: AIR_OUTPUT exact shared codec bytes", "baseline_exit_code": 0, "baseline_digest": "f2abf9d185c5e19624334955397538a97f25e0e381704a52bd4e5fcea12f477d", "restored_digest": "f2abf9d185c5e19624334955397538a97f25e0e381704a52bd4e5fcea12f477d", "restoration_status": "RESTORED", "green_command": "python3 scripts/harness/run.py semantic; focal semantic (isolated copy)", "green_exit_code": 0, "baseline_output_sha256": "c46b5db00a8581f705665be56bc9b6cff44c03de4ccdc97584918d568091b0fd", "red_output_sha256": "ac73a75c37a75f460b216527439f02438c80eaa172ca92cba075d0258ec609ed", "restored_output_sha256": "5d9017f1de87cf92ebdd08971d453c4e046ac997067945d9fd2dea718f5496a2"}
{"id": "NON-SUCCESS-WRITES", "mutation": "err.println(\"Lowering \" + result.status()); -> try { output.write(new CobolLowerer().lower(result.admission().input().orElseThrow(), options).publication().orElseThrow(), destination); }\n            catch (IOException ex) { throw new IllegalStateException(ex); }\n            err.println(\"Lowering \" + result.status());", "expected_oracle": "non-SUCCESS never invokes physical output", "observed_exit_code": 1, "failure_reason": "Exception in thread \"main\" java.lang.AssertionError: AIR_OUTPUT non-SUCCESS never invokes physical output", "baseline_exit_code": 0, "baseline_digest": "cd076a74f28972878fb5d3f95f722ef506e92a338fdf2585dbf32ca2c6b2520a", "restored_digest": "cd076a74f28972878fb5d3f95f722ef506e92a338fdf2585dbf32ca2c6b2520a", "restoration_status": "RESTORED", "green_command": "python3 scripts/harness/run.py semantic; focal output (isolated copy)", "green_exit_code": 0, "baseline_output_sha256": "a3ff28f37aa702fda8e5bdb210172113deafd0b1001bc317d3ce49dabd4e0ae0", "red_output_sha256": "8d01dd70b0293c08850287030a9324d7c19a4355943fd19e3437d3670b11aab8", "restored_output_sha256": "68b1e5fae91891bdd76c4515e3a320180b489062e1249a7c540a9da41361de9f"}
{"id": "LOWERING-EXIT-ZERO", "mutation": "return LOWERING; -> return SUCCESS;", "expected_oracle": "expected exit 4", "observed_exit_code": 1, "failure_reason": "Exception in thread \"main\" java.lang.AssertionError: AIR_OUTPUT expected exit 4, got Execution[code=0, diagnostic=Lowering INVALID_INPUT", "baseline_exit_code": 0, "baseline_digest": "cd076a74f28972878fb5d3f95f722ef506e92a338fdf2585dbf32ca2c6b2520a", "restored_digest": "cd076a74f28972878fb5d3f95f722ef506e92a338fdf2585dbf32ca2c6b2520a", "restoration_status": "RESTORED", "green_command": "python3 scripts/harness/run.py semantic; focal output (isolated copy)", "green_exit_code": 0, "baseline_output_sha256": "700e4d00be89a3b5493eedf0ce8dcdb7ed61ac1616e2aad21fba50554602eaf9", "red_output_sha256": "7554053ef6414928653e38654b3a28cb9ea5b10372c63a00124301e369282d57", "restored_output_sha256": "b3880a4f39ccd1ea9dd8949de6965173fa8cc62cadc370ca39a3cbd23aa10a39"}
{"id": "CODEC-EXIT-ZERO", "mutation": "return CODEC; -> return SUCCESS;", "expected_oracle": "expected exit 5", "observed_exit_code": 1, "failure_reason": "java.lang.AssertionError: AIR_OUTPUT expected exit 5, got Execution[code=0, diagnostic=AIR codec RESOURCE_LIMIT $: Output byte limit exceeded", "baseline_exit_code": 0, "baseline_digest": "cd076a74f28972878fb5d3f95f722ef506e92a338fdf2585dbf32ca2c6b2520a", "restored_digest": "cd076a74f28972878fb5d3f95f722ef506e92a338fdf2585dbf32ca2c6b2520a", "restoration_status": "RESTORED", "green_command": "python3 scripts/harness/run.py semantic; focal semantic (isolated copy)", "green_exit_code": 0, "baseline_output_sha256": "effdbb2130700970acc3a5d878a42c497832dd9cab0879462424977c23712eff", "red_output_sha256": "49e7512ff3f866e0ab38e07bea8ce35e01d788dd486e6a31960e588133d28ff0", "restored_output_sha256": "6c935a071ca6c1ffe71eb43c5f5e87359370f873c734174f4e6fdbed9430c617"}
{"id": "CORE-CODEC", "mutation": "</dependencies> -> <dependency><groupId>io.github.gustavo2358</groupId><artifactId>air-json</artifactId></dependency></dependencies>", "expected_oracle": "ARCH_DEPENDENCY", "observed_exit_code": 1, "failure_reason": "FAIL ARCH_DEPENDENCY ('io.github.gustavo2358', 'air-json', '0.1.0-SNAPSHOT')", "baseline_exit_code": 0, "baseline_digest": "f458f5bfdc296cff14799178890267fa974684936568e7b0be48034b56efbf6b", "restored_digest": "f458f5bfdc296cff14799178890267fa974684936568e7b0be48034b56efbf6b", "restoration_status": "RESTORED", "green_command": "python3 scripts/harness/run.py semantic; focal architecture (isolated copy)", "green_exit_code": 0, "baseline_output_sha256": "b56b08c1cfe055d47bdc2c763b357577a6be0abd5f0ea7980bc8b3fd5a88acb6", "red_output_sha256": "5949ed0a440c7d7f9f5b3cdebeeb682e336ffbe3acf3c48ea97248b15f17a69e", "restored_output_sha256": "c3c7a9ae9baa92b8e9c245075b1d0f59beaa26da6ad0ffe896b0a82f7d6970f1"}
{"id": "SUITE-REMOVED", "mutation": "<execution><id>air-output-suite</id> -> remove execution", "expected_oracle": "AIR output tests absent/zero/duplicate", "observed_exit_code": 1, "failure_reason": "FAIL AIR output tests absent/zero/duplicate", "baseline_exit_code": 0, "baseline_digest": "15f07ac8c8f091863027a013d63c1796b656d4862bafb46383642c8c7893f7b8", "restored_digest": "15f07ac8c8f091863027a013d63c1796b656d4862bafb46383642c8c7893f7b8", "restoration_status": "RESTORED", "green_command": "python3 scripts/harness/run.py semantic; focal semantic (isolated copy)", "green_exit_code": 0, "baseline_output_sha256": "d24458ee901ca6155f0255ba812e5397d34926e110dbf7591af345d781f6440c", "red_output_sha256": "f2f48981c3591119ebf17411d6efaa77538d9209126a1e7e782683dcb708d4a7", "restored_output_sha256": "2ce4bf745e0278e9239f8318937d64cc7006d74c2a6ec7175235ec33af911da3"}
{"id": "SUITE-SKIPPED", "mutation": "<mainClass>io.github.gustavo2358.lower.adapters.air.AirOutputSuite</mainClass> -> <skip>true</skip><mainClass>io.github.gustavo2358.lower.adapters.air.AirOutputSuite</mainClass>", "expected_oracle": "AIR output tests absent/zero/duplicate", "observed_exit_code": 1, "failure_reason": "FAIL AIR output tests absent/zero/duplicate", "baseline_exit_code": 0, "baseline_digest": "15f07ac8c8f091863027a013d63c1796b656d4862bafb46383642c8c7893f7b8", "restored_digest": "15f07ac8c8f091863027a013d63c1796b656d4862bafb46383642c8c7893f7b8", "restoration_status": "RESTORED", "green_command": "python3 scripts/harness/run.py semantic; focal semantic (isolated copy)", "green_exit_code": 0, "baseline_output_sha256": "52906b879e69c9dbc94ce2932f3aa21d1c08d2d4f542c8229abeba1c48e1a430", "red_output_sha256": "a42d4d6574771cfc7a0ee19cc996aed03c34dc5c984457e9740fee535c906757", "restored_output_sha256": "1c7509b9e6936c853ab0e0cd91fce34c1f75e15739fb0db96ffd7a2029e843ff"}
{"id": "OUTPUT-BEFORE-ENCODE", "mutation": "byte[] bytes = codec.encode(publication);\n        Path target = destination.toAbsolutePath();\n        Path temporary = files.temporary(target.getParent()); -> Path target = destination.toAbsolutePath();\n        Path temporary = files.temporary(target.getParent());\n        byte[] bytes = codec.encode(publication);", "expected_oracle": "encode completes before any physical publication", "observed_exit_code": 1, "failure_reason": "java.lang.AssertionError: AIR_OUTPUT encode completes before any physical publication", "baseline_exit_code": 0, "baseline_digest": "f2abf9d185c5e19624334955397538a97f25e0e381704a52bd4e5fcea12f477d", "restored_digest": "f2abf9d185c5e19624334955397538a97f25e0e381704a52bd4e5fcea12f477d", "restoration_status": "RESTORED", "green_command": "python3 scripts/harness/run.py semantic; focal semantic (isolated copy)", "green_exit_code": 0, "baseline_output_sha256": "edde8c12767e1bad051fc29fc61e4bcdf35e90e405d0060828bb780e95284da8", "red_output_sha256": "32b1de5bfe8a144ac0c67e95903b2ba03f634c5599c582bcecf8e078483498e9", "restored_output_sha256": "d394499e69ddb6caf99e4c617c1061025fe472e01119a19c9d1bfd718d471665"}
PASS AIR OUTPUT CHALLENGE: 9 restored falsifications and second GREEN
{"id": "program-point-successor", "mutation": [["core/src/main/java/io/github/gustavo2358/lower/application/ScalarMoveAdmission.java", "current = move.normalContinuation().statement().orElseThrow();", "current = input.statements().stream().filter(s -> s.header().programPoint() > move.header().programPoint()).min(java.util.Comparator.comparingInt(s -> s.header().programPoint())).map(s -> s.header().id()).orElse(move.header().id());"]], "expected_oracle": "SCALAR reject unavailable dangling cyclic continuation", "baseline_exit_code": 0, "observed_exit_code": 1, "failure_reason": "java.lang.AssertionError: SCALAR reject unavailable dangling cyclic continuation", "baseline_digest": "6d0f74cda355f12f6e50f955d53d4680cfd4f16ca5a648c50087376db705f0e7", "restored_digest": "6d0f74cda355f12f6e50f955d53d4680cfd4f16ca5a648c50087376db705f0e7", "restoration_status": "RESTORED", "green_command": "mvn -pl core test-compile exec:java -Dexec.mainClass=io.github.gustavo2358.lower.testing.ScalarSuite -Dexec.classpathScope=test (isolated; pinned m2)", "green_exit_code": 0, "red_log_sha256": "e1f507c41369d706703008b0547b97bc92c7dbbbf5ebe17f18ae8f11f3fe9752", "second_green_log_sha256": "526fc2611f8e54b9d7d867c406d028772b14784af5434e087b23b1f7f73d472f"}
{"id": "ignore-full-identity", "mutation": [["core/src/main/java/io/github/gustavo2358/lower/application/ScalarMoveAdmission.java", "m.copySemantics() == CopySemantics.FULL_IDENTITY", "true"]], "expected_oracle": "SCALAR reject FULL_IDENTITY absent", "baseline_exit_code": 0, "observed_exit_code": 1, "failure_reason": "java.lang.AssertionError: SCALAR reject FULL_IDENTITY absent", "baseline_digest": "6d0f74cda355f12f6e50f955d53d4680cfd4f16ca5a648c50087376db705f0e7", "restored_digest": "6d0f74cda355f12f6e50f955d53d4680cfd4f16ca5a648c50087376db705f0e7", "restoration_status": "RESTORED", "green_command": "mvn -pl core test-compile exec:java -Dexec.mainClass=io.github.gustavo2358.lower.testing.ScalarSuite -Dexec.classpathScope=test (isolated; pinned m2)", "green_exit_code": 0, "red_log_sha256": "523650fa5a6aabae519f38a49f8cfbc86041509ac833f6283bd223ba44526a4e", "second_green_log_sha256": "896d9c7fef48f66cacc6e167f03f4c332b150c2ce641aca6168681bf5fdda082"}
{"id": "invent-whole-access", "mutation": [["core/src/main/java/io/github/gustavo2358/lower/domain/SpInput.java", "Objects.requireNonNull(wholeItemAccess); Objects.requireNonNull(provenance);", "Objects.requireNonNull(wholeItemAccess); wholeItemAccess = wholeItemAccess.or(() -> binding.selected().map(WholeItemAccess::new)); Objects.requireNonNull(provenance);"]], "expected_oracle": "SCALAR reject wholeItemAccess absent", "baseline_exit_code": 0, "observed_exit_code": 1, "failure_reason": "java.lang.AssertionError: SCALAR reject wholeItemAccess absent", "baseline_digest": "97a2eb1bf61ed28df140e9d54224073c6fe78a7bcb191902fb013d851a700e03", "restored_digest": "97a2eb1bf61ed28df140e9d54224073c6fe78a7bcb191902fb013d851a700e03", "restoration_status": "RESTORED", "green_command": "mvn -pl core test-compile exec:java -Dexec.mainClass=io.github.gustavo2358.lower.testing.ScalarSuite -Dexec.classpathScope=test (isolated; pinned m2)", "green_exit_code": 0, "red_log_sha256": "748578a7380fc2b31f252afe9b94d283eaec97a333c5f0893117df3e4ccec25a", "second_green_log_sha256": "2f7b2801192ebcbda520ac2d30930b2766aa4ab416540d71bb5de5d60a1b36b7"}
{"id": "ignore-selected-mismatch", "mutation": [["core/src/main/java/io/github/gustavo2358/lower/application/ScalarMoveAdmission.java", "b.selected().equals(Optional.of(data.id()))", "true"]], "expected_oracle": "SCALAR reject selected wholeItem mismatch", "baseline_exit_code": 0, "observed_exit_code": 1, "failure_reason": "java.lang.AssertionError: SCALAR reject selected wholeItem mismatch", "baseline_digest": "6d0f74cda355f12f6e50f955d53d4680cfd4f16ca5a648c50087376db705f0e7", "restored_digest": "6d0f74cda355f12f6e50f955d53d4680cfd4f16ca5a648c50087376db705f0e7", "restoration_status": "RESTORED", "green_command": "mvn -pl core test-compile exec:java -Dexec.mainClass=io.github.gustavo2358.lower.testing.ScalarSuite -Dexec.classpathScope=test (isolated; pinned m2)", "green_exit_code": 0, "red_log_sha256": "f324d2f10017f25eec6c4ad1a012586acad54a753e26a9b6f1e1966a71579b05", "second_green_log_sha256": "1516ad2bf870597dd1e41ab8fb5b8308869f5f5794d97f72f1a057056cbc7c2d"}
{"id": "object-per-reference", "mutation": [["core/src/main/java/io/github/gustavo2358/lower/application/ScalarMoveLowerer.java", "ScalarDataTranslator.translate(plan.data(),", "ScalarDataTranslator.translate(plan.moves().stream().map(m -> plan.data().stream().filter(d -> d.id().equals(m.target().binding().selected().orElseThrow())).findFirst().orElseThrow()).toList(),"]], "expected_oracle": "SCALAR one Object per declaration", "baseline_exit_code": 0, "observed_exit_code": 1, "failure_reason": "java.lang.AssertionError: SCALAR one Object per declaration", "baseline_digest": "bdaaf91fb66f38eb9e865b089c5b1ef60c8ac9e2b37aaf6871f5d2fddf8b9537", "restored_digest": "bdaaf91fb66f38eb9e865b089c5b1ef60c8ac9e2b37aaf6871f5d2fddf8b9537", "restoration_status": "RESTORED", "green_command": "mvn -pl core test-compile exec:java -Dexec.mainClass=io.github.gustavo2358.lower.testing.ScalarSuite -Dexec.classpathScope=test (isolated; pinned m2)", "green_exit_code": 0, "red_log_sha256": "bd1a1adbb0e35dd16be34b860ea231a7c0016afbbbd2d8b262d1dce7435a6abe", "second_green_log_sha256": "f5ce88ab3b97e55e441692ed874af1dc8dfba0fd5cd758909b6bf777cc67cbdc"}
{"id": "cell-per-move", "mutation": [["core/src/main/java/io/github/gustavo2358/lower/application/ScalarMoveLowerer.java", "List.of(body), data.storage(),", "List.of(body), java.util.Collections.nCopies(plan.moves().size(), data.storage().getFirst()),"]], "expected_oracle": "SCALAR precise input must lower", "baseline_exit_code": 0, "observed_exit_code": 1, "failure_reason": "java.lang.AssertionError: SCALAR precise input must lower: OUTPUT_INVALID []", "baseline_digest": "bdaaf91fb66f38eb9e865b089c5b1ef60c8ac9e2b37aaf6871f5d2fddf8b9537", "restored_digest": "bdaaf91fb66f38eb9e865b089c5b1ef60c8ac9e2b37aaf6871f5d2fddf8b9537", "restoration_status": "RESTORED", "green_command": "mvn -pl core test-compile exec:java -Dexec.mainClass=io.github.gustavo2358.lower.testing.ScalarSuite -Dexec.classpathScope=test (isolated; pinned m2)", "green_exit_code": 0, "red_log_sha256": "1bd117eb494ffdf9ab103cb4f6c9b7511089858af4586c834aca425b3ebab907", "second_green_log_sha256": "5ddc2b9014548e4721ee8c336011cad4728c4b2739a3e9547ef8f954c87842ac"}
{"id": "name-join", "mutation": [["core/src/main/java/io/github/gustavo2358/lower/application/ScalarSequenceAssembler.java", "var target = data.index().get(move.target().wholeItemAccess().orElseThrow().data());", "var target = data.index().values().stream().filter(link -> data.objects().stream().anyMatch(o -> o.id().equals(link.object()) && o.displayName().equals(data.objects().getFirst().displayName()))).findFirst().orElseThrow();"]], "expected_oracle": "SCALAR destination by DataId, never name", "baseline_exit_code": 0, "observed_exit_code": 1, "failure_reason": "java.lang.AssertionError: SCALAR destination by DataId, never name", "baseline_digest": "ee606cffcb2cb522f03325cf73ce67fbd9903eb1d6d28f90303e495ba1cce356", "restored_digest": "ee606cffcb2cb522f03325cf73ce67fbd9903eb1d6d28f90303e495ba1cce356", "restoration_status": "RESTORED", "green_command": "mvn -pl core test-compile exec:java -Dexec.mainClass=io.github.gustavo2358.lower.testing.ScalarSuite -Dexec.classpathScope=test (isolated; pinned m2)", "green_exit_code": 0, "red_log_sha256": "de3fc4b6f641c67421d6bf77db04abbacd8b79f41e035d8047f94a8f60713e6b", "second_green_log_sha256": "a146594c66338a448ec36d9ab1c2c109c66dc9079167330db970edda40c807bd"}
{"id": "write-as-read", "mutation": [["core/src/main/java/io/github/gustavo2358/lower/application/MoveHandler.java", "Operand.Role.VALUE_WRITE", "Operand.Role.VALUE_READ"]], "expected_oracle": "SCALAR precise input must lower: OUTPUT_INVALID", "baseline_exit_code": 0, "observed_exit_code": 1, "failure_reason": "java.lang.AssertionError: SCALAR precise input must lower: OUTPUT_INVALID []", "baseline_digest": "2cd5b1452aedf60b243b7207687e448b0834b8373898a35e7632e5a46ec267a8", "restored_digest": "2cd5b1452aedf60b243b7207687e448b0834b8373898a35e7632e5a46ec267a8", "restoration_status": "RESTORED", "green_command": "mvn -pl core test-compile exec:java -Dexec.mainClass=io.github.gustavo2358.lower.testing.ScalarSuite -Dexec.classpathScope=test (isolated; pinned m2)", "green_exit_code": 0, "red_log_sha256": "58fb7b98ece0f0816147c796955cdf3efb82842ebf9ee97ffab1d663daece219", "second_green_log_sha256": "d1dc64b878ec7a595bc1f823de738bce837d82b2ddce5e8c621e39a62a13fcaf"}
{"id": "literal-as-unknown", "mutation": [["core/src/main/java/io/github/gustavo2358/lower/application/MoveHandler.java", "new Expressions.Literal(new Operand.Header(source, Operand.Role.VALUE_READ, sourceOrigin),\n            new Values.TextValue(move.textAdjustment().map(a -> a.result().value()).orElseGet(() -> move.source().logicalValue().orElseThrow().value())))", "new Expressions.Unknown(new Operand.Header(source, Operand.Role.VALUE_READ, sourceOrigin), Types.known(Types.Builtin.TEXT), List.of(), Scopes.NoMemory.INSTANCE, new UncertaintyId(unit.publication(), ids.id(\"uncertainty\", \"scalar-entry-inventory\", unit.localId(), \"0\")))"]], "expected_oracle": "SCALAR literal exact logical text, never UNKNOWN", "baseline_exit_code": 0, "observed_exit_code": 1, "failure_reason": "java.lang.AssertionError: SCALAR literal exact logical text, never UNKNOWN", "baseline_digest": "2cd5b1452aedf60b243b7207687e448b0834b8373898a35e7632e5a46ec267a8", "restored_digest": "2cd5b1452aedf60b243b7207687e448b0834b8373898a35e7632e5a46ec267a8", "restoration_status": "RESTORED", "green_command": "mvn -pl core test-compile exec:java -Dexec.mainClass=io.github.gustavo2358.lower.testing.ScalarSuite -Dexec.classpathScope=test (isolated; pinned m2)", "green_exit_code": 0, "red_log_sha256": "fe1828cfbb2c64b726671a9de724b0ec6de06d0387fe122f01b3640a5edf87fd", "second_green_log_sha256": "520d63bf098766a77729c3f2251c66b58fd1b481cef30a97e5735e34921ba3e2"}
{"id": "drop-data-link", "mutation": [["core/src/main/java/io/github/gustavo2358/lower/application/ScalarMoveLowerer.java", "List.copyOf(data.index().values()), operands", "List.of(), operands"]], "expected_oracle": "SCALAR DATA correlation complete", "baseline_exit_code": 0, "observed_exit_code": 1, "failure_reason": "java.lang.AssertionError: SCALAR DATA correlation complete", "baseline_digest": "bdaaf91fb66f38eb9e865b089c5b1ef60c8ac9e2b37aaf6871f5d2fddf8b9537", "restored_digest": "bdaaf91fb66f38eb9e865b089c5b1ef60c8ac9e2b37aaf6871f5d2fddf8b9537", "restoration_status": "RESTORED", "green_command": "mvn -pl core test-compile exec:java -Dexec.mainClass=io.github.gustavo2358.lower.testing.ScalarSuite -Dexec.classpathScope=test (isolated; pinned m2)", "green_exit_code": 0, "red_log_sha256": "91d247d082de7fedd5841ff20b1fb1577b9aad1fde3d7e99eee034d3706800af", "second_green_log_sha256": "84a3ee4992f06b96edd8bd54eaaec12799c6aff1cc351c952127bed248db35cc"}
{"id": "lose-literal-provenance", "mutation": [["core/src/main/java/io/github/gustavo2358/lower/application/MoveHandler.java", "move.source().id().handle(), move.source().provenance()", "move.source().id().handle(), move.header().provenance()"]], "expected_oracle": "SCALAR literal provenance preserved", "baseline_exit_code": 0, "observed_exit_code": 1, "failure_reason": "java.lang.AssertionError: SCALAR literal provenance preserved", "baseline_digest": "2cd5b1452aedf60b243b7207687e448b0834b8373898a35e7632e5a46ec267a8", "restored_digest": "2cd5b1452aedf60b243b7207687e448b0834b8373898a35e7632e5a46ec267a8", "restoration_status": "RESTORED", "green_command": "mvn -pl core test-compile exec:java -Dexec.mainClass=io.github.gustavo2358.lower.testing.ScalarSuite -Dexec.classpathScope=test (isolated; pinned m2)", "green_exit_code": 0, "red_log_sha256": "84e6e330635dc07502c64977384ea953a8b7e6f9101e04610444de19ad402846", "second_green_log_sha256": "b1d7fac5cf90f9c09df34f533a7913f3a4488aad871cbae715792c86ee3c1b76"}
{"id": "lose-target-provenance", "mutation": [["core/src/main/java/io/github/gustavo2358/lower/application/MoveHandler.java", "move.target().id().handle(), move.target().provenance()", "move.target().id().handle(), move.header().provenance()"]], "expected_oracle": "SCALAR target provenance preserved", "baseline_exit_code": 0, "observed_exit_code": 1, "failure_reason": "java.lang.AssertionError: SCALAR target provenance preserved", "baseline_digest": "2cd5b1452aedf60b243b7207687e448b0834b8373898a35e7632e5a46ec267a8", "restored_digest": "2cd5b1452aedf60b243b7207687e448b0834b8373898a35e7632e5a46ec267a8", "restoration_status": "RESTORED", "green_command": "mvn -pl core test-compile exec:java -Dexec.mainClass=io.github.gustavo2358.lower.testing.ScalarSuite -Dexec.classpathScope=test (isolated; pinned m2)", "green_exit_code": 0, "red_log_sha256": "7be66cd3b9b9aae583fc6f73af218693c6bad8ba9be193c2ef038b69515c165c", "second_green_log_sha256": "19fee1daed3a9fd895e0fad164bac886b8d516fe5124a944e556e586878a287b"}
{"id": "goback-halt", "mutation": [["core/src/main/java/io/github/gustavo2358/lower/application/GobackHandler.java", "static Operations.Return translate", "static Terminator translate"], ["core/src/main/java/io/github/gustavo2358/lower/application/GobackHandler.java", "new Operations.Return(header, List.of())", "new Operations.Halt(header, Operations.HaltKind.NORMAL)"]], "expected_oracle": "SCALAR GOBACK Return never Halt", "baseline_exit_code": 0, "observed_exit_code": 1, "failure_reason": "java.lang.AssertionError: SCALAR GOBACK Return never Halt", "baseline_digest": "2e617f06043b712a664924659b482f24af2b7203e0325cf244a478f54cd770af", "restored_digest": "2e617f06043b712a664924659b482f24af2b7203e0325cf244a478f54cd770af", "restoration_status": "RESTORED", "green_command": "mvn -pl core test-compile exec:java -Dexec.mainClass=io.github.gustavo2358.lower.testing.ScalarSuite -Dexec.classpathScope=test (isolated; pinned m2)", "green_exit_code": 0, "red_log_sha256": "05830537a54f0455652fab0b6ff02fe0997d6aba5524943c885965836c390a18", "second_green_log_sha256": "767c3d81ac36e341a3591009eeb677214307390fa0fc767f2b56c26077ab9028"}
{"id": "two-sequences", "mutation": [["core/src/main/java/io/github/gustavo2358/lower/application/ScalarMoveLowerer.java", "List.of(entry), List.of(sequence),", "List.of(entry), List.of(sequence, new Sequence(new LabelId(unit, \"extra-label\"), List.of(), new Operations.Return(new Operations.Header(new OperationId(unit, \"extra-return\"), sequence.terminator().header().origin(), sequence.terminator().header().coverage(), sequence.terminator().header().precision(), sequence.terminator().header().uncertainties()), List.of()), sequence.origin())),"]], "expected_oracle": "SCALAR one Sequence for linear chain", "baseline_exit_code": 0, "observed_exit_code": 1, "failure_reason": "java.lang.AssertionError: SCALAR one Sequence for linear chain", "baseline_digest": "bdaaf91fb66f38eb9e865b089c5b1ef60c8ac9e2b37aaf6871f5d2fddf8b9537", "restored_digest": "bdaaf91fb66f38eb9e865b089c5b1ef60c8ac9e2b37aaf6871f5d2fddf8b9537", "restoration_status": "RESTORED", "green_command": "mvn -pl core test-compile exec:java -Dexec.mainClass=io.github.gustavo2358.lower.testing.ScalarSuite -Dexec.classpathScope=test (isolated; pinned m2)", "green_exit_code": 0, "red_log_sha256": "d8c424a84e58ad84ef8d010550907c8bfeeff839adb4a24f7fc94e4d043426e2", "second_green_log_sha256": "029ff7d73f8a36a687ef7cfea45dec8f00b586a313587c15d17cc678b908d4df"}
{"id": "revision-missing-value", "mutation": [["core/src/main/java/io/github/gustavo2358/lower/application/CanonicalRevision.java", "e.word(value.value());", "e.word(\"ignored\");"]], "expected_oracle": "SCALAR new logical value in PublicationId", "baseline_exit_code": 0, "observed_exit_code": 1, "failure_reason": "java.lang.AssertionError: SCALAR new logical value in PublicationId", "baseline_digest": "b626cd9c7855a0868930c38c6f30bf4bb671c923d794987042bddf1033cd452b", "restored_digest": "b626cd9c7855a0868930c38c6f30bf4bb671c923d794987042bddf1033cd452b", "restoration_status": "RESTORED", "green_command": "mvn -pl core test-compile exec:java -Dexec.mainClass=io.github.gustavo2358.lower.testing.ScalarSuite -Dexec.classpathScope=test (isolated; pinned m2)", "green_exit_code": 0, "red_log_sha256": "9c3d7c0b5947b8ada8c2609fcda16f9c905747ed9d03c8425eef6801b8dc91fc", "second_green_log_sha256": "b0416ffe8e3a0cf514de0857f08205ae72c5fb3ac0d00b3d31c139f16768589e"}
{"id": "expanded-local-id", "mutation": [["core/src/main/java/io/github/gustavo2358/lower/application/LocalIds.java", "return digest;", "return CanonicalRevision.token(namespace + \"/\" + role + \"/\" + owner + \"/\" + key);"]], "expected_oracle": "SCALAR compact ObjectId", "baseline_exit_code": 0, "observed_exit_code": 1, "failure_reason": "java.lang.AssertionError: SCALAR compact ObjectId", "baseline_digest": "b94e310854f480ac23f713c22b9dafca19b19cd0f27bd89d8e5debbee328c65f", "restored_digest": "b94e310854f480ac23f713c22b9dafca19b19cd0f27bd89d8e5debbee328c65f", "restoration_status": "RESTORED", "green_command": "mvn -pl core test-compile exec:java -Dexec.mainClass=io.github.gustavo2358.lower.testing.ScalarSuite -Dexec.classpathScope=test (isolated; pinned m2)", "green_exit_code": 0, "red_log_sha256": "1caca645fba5cc7ac54635efa8f9403ebfd5423df6f58e67660da82158729d29", "second_green_log_sha256": "5de572cb1109ac0b5df41c35b92cea07259a3c34c82daa60bf94eff224695cf1"}
{"id": "scalar-index-scan", "mutation": [["core/src/main/java/io/github/gustavo2358/lower/application/EntryGobackAdmission.java", "StatementFact lookup(StatementId id) { references++; return statements.get(id); }", "StatementFact lookup(StatementId id) { for (var item : statements.entrySet()) { references++; if (item.getKey().equals(id)) return item.getValue(); } return null; }"]], "expected_oracle": "SCALAR scalar reference ledger 7N+3 no scans", "baseline_exit_code": 0, "observed_exit_code": 1, "failure_reason": "java.lang.AssertionError: SCALAR scalar reference ledger 7N+3 no scans", "baseline_digest": "819e5481e99b0363a48b534d5c8099503206b7f1dad6cbde399c29fc8c096c82", "restored_digest": "819e5481e99b0363a48b534d5c8099503206b7f1dad6cbde399c29fc8c096c82", "restoration_status": "RESTORED", "green_command": "mvn -pl core test-compile exec:java -Dexec.mainClass=io.github.gustavo2358.lower.testing.ScalarSuite -Dexec.classpathScope=test (isolated; pinned m2)", "green_exit_code": 0, "red_log_sha256": "52c5d218d9057f7fa47a55ca1550333ceca0ba24879b87303cef1a29e8738c50", "second_green_log_sha256": "8b1d3c416eb880e4d4dfff33c6d9c7db62d9c74f5dab7676dc5767768206b627"}
PASS SCALAR CHALLENGE: 17 compiled semantic RED, exact restore and second GREEN
PRODUCTION_CHALLENGE_PREPARED_CORE=current isolated source and tests
{"id": "literal-value-coherence", "mutation": [["adapters/src/main/java/io/github/gustavo2358/lower/adapters/sp/SpJsonDecoder.java", "if (!source.value().equals(logical.value()))", "if (false && !source.value().equals(logical.value()))"]], "expected_oracle": "literal normalized value mismatch", "baseline_exit_code": 0, "observed_exit_code": 1, "failure_reason": "java.lang.AssertionError: SCALAR_WIRE strict physical rejection literal normalized value mismatch", "baseline_digest": "4caf440c702b26f2205202b4754e573312efd6b390ca4ab0706bef3c877fb355", "restored_digest": "4caf440c702b26f2205202b4754e573312efd6b390ca4ab0706bef3c877fb355", "restoration_status": "RESTORED", "green_exit_code": 0, "green_command": "compiled isolated coherence production challenge; pinned m2", "baseline_log_sha256": "f1581efe97af4d1105d1ced607ccc38f79e749472a70ee2bfab6ee9a9ed75c65", "red_log_sha256": "e740c87bee09406f3db4dfe7086a6e05e9446de119bfffa5dd83f0bd41fc0551", "second_green_log_sha256": "977e6a00c3caf89ebb1bd86210337a57dc99bde8bb9ce98fb1c35a4bb7b968f4", "kind": "compiled semantic/gate"}
{"id": "literal-codepoints", "mutation": [["adapters/src/main/java/io/github/gustavo2358/lower/adapters/sp/SpJsonDecoder.java", "logical.logicalExtent() != logical.value().codePointCount(0, logical.value().length())", "false"]], "expected_oracle": "literal code point extent mismatch", "baseline_exit_code": 0, "observed_exit_code": 1, "failure_reason": "java.lang.AssertionError: SCALAR_WIRE strict physical rejection literal code point extent mismatch", "baseline_digest": "4caf440c702b26f2205202b4754e573312efd6b390ca4ab0706bef3c877fb355", "restored_digest": "4caf440c702b26f2205202b4754e573312efd6b390ca4ab0706bef3c877fb355", "restoration_status": "RESTORED", "green_exit_code": 0, "green_command": "compiled isolated coherence production challenge; pinned m2", "baseline_log_sha256": "83f73858be52ffc85857ab576d7522924627a001937bdc4a077b2d3b8cea7fc2", "red_log_sha256": "bfca703644b34a53c528e19ba817868cf8e22dcb037e6b4d62a95652e6df97f1", "second_green_log_sha256": "0b4bef534037e96af8bc13c0a48edc532b77a35281c1746b043579e6ae8ed4b2", "kind": "compiled semantic/gate"}
{"id": "old-production-bytes", "mutation": [["adapters/src/main/java/io/github/gustavo2358/lower/adapters/sp/SpFileInput.java", "byte[] bytes = input.readAllBytes();", "byte[] bytes = input.readAllBytes(); if (bytes.length > 100_000) return new SpJsonDecoder.Rejected(new SpJsonDecoder.Diagnostic(SpJsonDecoder.Code.IMPLEMENTATION_LIMIT, \"physical\", \"$ file byte limit\"));"]], "expected_oracle": "large SP success exit0", "baseline_exit_code": 0, "observed_exit_code": 1, "failure_reason": "java.lang.AssertionError: PRODUCTION large SP success exit0: SP IMPLEMENTATION_LIMIT physical $ file byte limit", "baseline_digest": "3c4d482b65cb461fdcb3913013d20527cbcae5ba2b0817113bdd1a3124b95e62", "restored_digest": "3c4d482b65cb461fdcb3913013d20527cbcae5ba2b0817113bdd1a3124b95e62", "restoration_status": "RESTORED", "green_exit_code": 0, "green_command": "compiled isolated success production challenge; pinned m2", "baseline_log_sha256": "aca2c2e08e6f2dcaf73a4bf12d7d28d464e23992e8b35dbda374d7ca5b48e8ba", "red_log_sha256": "6e2131d67cb754e1cafb8906033c0031901078784dcfb5e5a74a1e65e79a1301", "second_green_log_sha256": "a115a32b21527e327e98bbb5100ae1afc886605132903afae8f598b6c8e65876", "kind": "compiled semantic/gate"}
{"id": "old-production-nodes", "mutation": [["adapters/src/main/java/io/github/gustavo2358/lower/adapters/sp/SpJsonDecoder.java", "meter.nodes++;", "if (++meter.nodes > 50_000) return reject(Code.IMPLEMENTATION_LIMIT, \"$\");"]], "expected_oracle": "large SP success exit0", "baseline_exit_code": 0, "observed_exit_code": 1, "failure_reason": "java.lang.AssertionError: PRODUCTION large SP success exit0: SP IMPLEMENTATION_LIMIT physical $", "baseline_digest": "4caf440c702b26f2205202b4754e573312efd6b390ca4ab0706bef3c877fb355", "restored_digest": "4caf440c702b26f2205202b4754e573312efd6b390ca4ab0706bef3c877fb355", "restoration_status": "RESTORED", "green_exit_code": 0, "green_command": "compiled isolated success production challenge; pinned m2", "baseline_log_sha256": "6f9ab8269d4466c1769e014e9ae432f6c7dfa514bae03e74cbd924f19967c893", "red_log_sha256": "06724064e975d98009f3ee2cc9d1f3fe2bf6fa0a5af8c5ab86a091ae93b4eeb3", "second_green_log_sha256": "6e655e75ef1935c884a612805f4c41e0f6d6a36b1f98f52639ab0ac616ff44f1", "kind": "compiled semantic/gate"}
{"id": "old-production-entities", "mutation": [["core/src/main/java/io/github/gustavo2358/lower/application/EntryGobackAdmission.java", "entities++;", "if (++entities > 100_000) throw new LimitReached();"]], "expected_oracle": "10k lowering passes production admission", "baseline_exit_code": 0, "observed_exit_code": 1, "failure_reason": "java.lang.AssertionError: PRODUCTION 10k lowering passes production admission: IMPLEMENTATION_LIMIT", "baseline_digest": "1088e1a0350a6086a5eb3c8cc8068f1769539bc18712515d80eaeb2a730733a6", "restored_digest": "1088e1a0350a6086a5eb3c8cc8068f1769539bc18712515d80eaeb2a730733a6", "restoration_status": "RESTORED", "green_exit_code": 0, "green_command": "compiled isolated large production challenge; pinned m2", "baseline_log_sha256": "9da80ed9e75afce32c086896bbbfe24bce0dc788ec17b2050c4a4a8108f2d8e9", "red_log_sha256": "6e02158f0e59ae833fdd51662c97c63df86a0ceb7c4953ff527afae3a571f289", "second_green_log_sha256": "110bf3d54d5253fead431c26130cdecec12e0481ea6c322eae3a7a4e36e87ed3", "kind": "compiled semantic/gate"}
{"id": "remove-production-probe", "mutation": [["adapters/src/test/java/io/github/gustavo2358/lower/adapters/air/AirOutputSuite.java", "int production = ProductionPathSuite.run();", "int production = 1;"]], "expected_oracle": "production path probe absent/zero", "baseline_exit_code": 0, "observed_exit_code": 1, "failure_reason": "FAIL production path probe absent/zero", "baseline_digest": "9714272c89017481d5ca8e69054676ccfda35a3843965e726cec6151ed7c9588", "restored_digest": "9714272c89017481d5ca8e69054676ccfda35a3843965e726cec6151ed7c9588", "restoration_status": "RESTORED", "green_exit_code": 0, "green_command": "compiled isolated semantic production challenge; pinned m2", "baseline_log_sha256": "8be4dddd127ba9707c6f3c03283f09fa44fdb88a59e589637295481f95cfe049", "red_log_sha256": "c44eb87596ee4e2425c0e05110ae52a0d870fd82e16b3623eed0ceb6096fdfde", "second_green_log_sha256": "36cb7490f5e4a1365ea37ae24c0c9eadaf4a61fb5b7006c829e6ea0d3bc7bffa", "kind": "compiled semantic/gate"}
{"id": "input-failure-as-expected", "mutation": [["adapters/src/main/java/io/github/gustavo2358/lower/adapters/sp/SpFileInput.java", "byte[] bytes = input.readAllBytes();", "byte[] bytes = input.readAllBytes(); if (bytes.length > 100_000) return new SpJsonDecoder.Rejected(new SpJsonDecoder.Diagnostic(SpJsonDecoder.Code.IMPLEMENTATION_LIMIT, \"physical\", \"$ file byte limit\"));"], ["adapters/src/test/java/io/github/gustavo2358/lower/adapters/air/ProductionPathSuite.java", "check(code == CobolLower.SUCCESS,", "check(code == CobolLower.INPUT,"]], "expected_oracle": "successful production output exists", "baseline_exit_code": 0, "observed_exit_code": 1, "failure_reason": "java.lang.AssertionError: PRODUCTION successful production output exists", "baseline_digest": "7d78a43b9b0ae6152fe1ed98e6aa5f7e21c3b5f48f2eb4fcbe6997290f3ee7ee", "restored_digest": "7d78a43b9b0ae6152fe1ed98e6aa5f7e21c3b5f48f2eb4fcbe6997290f3ee7ee", "restoration_status": "RESTORED", "green_exit_code": 0, "green_command": "compiled isolated success production challenge; pinned m2", "baseline_log_sha256": "24ad11522d675b46438a5c94ec41abb4890049f97d593e7f04216dea92b03f75", "red_log_sha256": "aa18961518657def9bd8b53e724e7da96cf6a2ec8d4a878b85a554b24a9e08f2", "second_green_log_sha256": "0dae1e800726704311a148d4d58e614d39ff89543bf37f49c58c697caad8a6b2", "kind": "compiled semantic/gate"}
{"id": "raise-air-limit", "mutation": [["adapters/src/main/java/io/github/gustavo2358/lower/adapters/air/AirFileOutput.java", "this(new AirJson(), new FileOperations());", "this(new AirJson(new AirJson.Limits(512 * 1024 * 1024, 128), io.github.gustavo2358.air.validation.ValidationOptions.defaults()), new FileOperations());"]], "expected_oracle": "PRODUCTION_SCOPE immutable transport/core", "baseline_exit_code": 0, "observed_exit_code": 1, "failure_reason": "PRODUCTION_SCOPE immutable transport/core adapters/src/main/java/io/github/gustavo2358/lower/adapters/air/AirFileOutput.java", "baseline_digest": "9148d624336a0d3658007341d0c12885e23c48f90780067c13eb7fb91baf78ba", "restored_digest": "9148d624336a0d3658007341d0c12885e23c48f90780067c13eb7fb91baf78ba", "restoration_status": "RESTORED", "green_exit_code": 0, "green_command": "compiled isolated scope production challenge; pinned m2", "baseline_log_sha256": "c33b13271267c41ce86374574dea2608f0c285a6a69837bf8a3cd3944516a9b4", "red_log_sha256": "c7bf7013f944a0e120e551ac0dbbe621e33cfc57a9b2d5536be8898eeb2eaf2d", "second_green_log_sha256": "ec5c9c57254d91acda5645abde8cd2e3239bf86a4fc0bf17e814ac9191f7f7b3", "kind": "scope/diff guard after compilation"}
{"id": "new-streaming-codec", "mutation": [["adapters/src/main/java/io/github/gustavo2358/lower/adapters/sp/StreamingSpReader.java", null, "package io.github.gustavo2358.lower.adapters.sp; final class StreamingSpReader {}\n"]], "expected_oracle": "PRODUCTION_SCOPE unexpected source", "baseline_exit_code": 0, "observed_exit_code": 1, "failure_reason": "PRODUCTION_SCOPE unexpected source adapters/src/main/java/io/github/gustavo2358/lower/adapters/sp/StreamingSpReader.java", "baseline_digest": "20ad4f0a5fb49d9aaf1697fe0b8e85416bb628ae3e23157828ce0c572f91b554", "restored_digest": "20ad4f0a5fb49d9aaf1697fe0b8e85416bb628ae3e23157828ce0c572f91b554", "restoration_status": "RESTORED", "green_exit_code": 0, "green_command": "compiled isolated scope production challenge; pinned m2", "baseline_log_sha256": "d79320376a5ad6b5b796481178a9ede75c3f4a0cd535c9f9383054ec367a79b0", "red_log_sha256": "dcdfb2c66f90fa551750036e161b31914271ae178bce5b2b2d90a09900f4505f", "second_green_log_sha256": "61c147a7a2f3a8cc12ff43aac28eddcfb0fc8ae09e00d59ad39992a62d63ec23", "kind": "scope/diff guard after compilation"}
PASS PRODUCTION CHALLENGE: 9 compiled RED, exact restore and second GREEN
PRODUCTION_CHALLENGE_PREPARED_CORE=current isolated source and tests
{"id": "file-32mib", "mutation": [["adapters/src/main/java/io/github/gustavo2358/lower/adapters/sp/SpFileInput.java", "byte[] bytes = input.readAllBytes();", "byte[] bytes = input.readAllBytes(); if (bytes.length > 32 * 1024 * 1024) return new SpJsonDecoder.Rejected(new SpJsonDecoder.Diagnostic(SpJsonDecoder.Code.IMPLEMENTATION_LIMIT, \"physical\", \"$ file byte limit\"));"]], "expected_oracle": "CAPACITY supported SP decodes", "baseline_exit_code": 0, "observed_exit_code": 1, "failure_reason": "java.lang.AssertionError: CAPACITY supported SP decodes: Rejected[diagnostic=Diagnostic[code=IMPLEMENTATION_LIMIT, phase=physical, location=$ file byte limit]]", "baseline_digest": "3c4d482b65cb461fdcb3913013d20527cbcae5ba2b0817113bdd1a3124b95e62", "restored_digest": "3c4d482b65cb461fdcb3913013d20527cbcae5ba2b0817113bdd1a3124b95e62", "restoration_status": "RESTORED", "green_exit_code": 0, "green_command": "compiled isolated capacity production challenge; pinned m2", "baseline_log_sha256": "1fe461bfd9063c818472d082d83f6b9276a3b5be781dc8ec5e925384ffbb96b7", "red_log_sha256": "38d8ef7f9447af90345e752f060254e53cc0bdd3de7cecad901102c27636dbb8", "second_green_log_sha256": "6eb45a8a40da552b7914dacf14e09f5a7520f580db8ca9475600cbde6331e30f", "kind": "compiled semantic/gate"}
{"id": "decoder-32mib", "mutation": [["adapters/src/main/java/io/github/gustavo2358/lower/adapters/sp/SpJsonDecoder.java", "meter.bytes = bytes.length;", "if (bytes.length > 32 * 1024 * 1024) return reject(Code.IMPLEMENTATION_LIMIT, \"$ byte limit\"); meter.bytes = bytes.length;"]], "expected_oracle": "CAPACITY supported SP decodes", "baseline_exit_code": 0, "observed_exit_code": 1, "failure_reason": "java.lang.AssertionError: CAPACITY supported SP decodes: Rejected[diagnostic=Diagnostic[code=IMPLEMENTATION_LIMIT, phase=physical, location=$ byte limit]]", "baseline_digest": "4caf440c702b26f2205202b4754e573312efd6b390ca4ab0706bef3c877fb355", "restored_digest": "4caf440c702b26f2205202b4754e573312efd6b390ca4ab0706bef3c877fb355", "restoration_status": "RESTORED", "green_exit_code": 0, "green_command": "compiled isolated capacity production challenge; pinned m2", "baseline_log_sha256": "e17aa17dbed9c7e19ab427a30dc90115a4626fe8517f1a04a9a694c1cb2abd29", "red_log_sha256": "d9cb9d5b1a1b8da1b4461e44f2c33b929691ea314f49f0dae900223572ab57de", "second_green_log_sha256": "9a73733d3fb0b7f21b2c1d1b7d8e6dd5fa963f0bb1d856490e3417b822f69e96", "kind": "compiled semantic/gate"}
{"id": "nodes-1500000", "mutation": [["adapters/src/main/java/io/github/gustavo2358/lower/adapters/sp/SpJsonDecoder.java", "meter.nodes++;", "if (++meter.nodes > 1_500_000) return reject(Code.IMPLEMENTATION_LIMIT, \"$ node limit\");"]], "expected_oracle": "CAPACITY supported SP decodes", "baseline_exit_code": 0, "observed_exit_code": 1, "failure_reason": "java.lang.AssertionError: CAPACITY supported SP decodes: Rejected[diagnostic=Diagnostic[code=IMPLEMENTATION_LIMIT, phase=physical, location=$ node limit]]", "baseline_digest": "4caf440c702b26f2205202b4754e573312efd6b390ca4ab0706bef3c877fb355", "restored_digest": "4caf440c702b26f2205202b4754e573312efd6b390ca4ab0706bef3c877fb355", "restoration_status": "RESTORED", "green_exit_code": 0, "green_command": "compiled isolated capacity production challenge; pinned m2", "baseline_log_sha256": "fc0f6c995559258d46561874c01d85de56ed1529b6e642c97b5908ac248b6d9a", "red_log_sha256": "f30ce829adf9e3dac5b466fd9d4ab7d9da883d46b40d7cd916e53d79149e34e3", "second_green_log_sha256": "965f683d7dec4105fa3b4f4cc9ecf67898299ee952df5ed38ac1869be21d92e3", "kind": "compiled semantic/gate"}
{"id": "visits-250000", "mutation": [["core/src/main/java/io/github/gustavo2358/lower/application/EntryGobackAdmission.java", "entities++;", "if (++entities > 250_000) throw new LimitReached();"]], "expected_oracle": "CAPACITY supported SP lowers", "baseline_exit_code": 0, "observed_exit_code": 1, "failure_reason": "java.lang.AssertionError: CAPACITY supported SP lowers: IMPLEMENTATION_LIMIT []", "baseline_digest": "1088e1a0350a6086a5eb3c8cc8068f1769539bc18712515d80eaeb2a730733a6", "restored_digest": "1088e1a0350a6086a5eb3c8cc8068f1769539bc18712515d80eaeb2a730733a6", "restoration_status": "RESTORED", "green_exit_code": 0, "green_command": "compiled isolated capacity production challenge; pinned m2", "baseline_log_sha256": "28500ce33c400dc22060fae961e2ae595047b6ba64ed64cb844c637aa367dcac", "red_log_sha256": "62b61dc0550ae54147af255ae9d43d92c5c9ec0f7fc1744abbfc1af292274e56", "second_green_log_sha256": "cb427b7a668dc57e0015e7775043d4a2a6f85e09a2ffcba96ff2c1f6e4f04782", "kind": "compiled semantic/gate"}
PASS PRODUCTION CHALLENGE: 4 compiled RED, exact restore and second GREEN
{"id": "old-null-comparison", "mutation": "initial_pr = record[\"checkpoint\"] == \"CP0\" and record[\"pull_request\"] is None -> initial_pr = False", "expected_oracle": "CI_BOOTSTRAP initial CP0 selects historical head", "baseline_exit_code": 0, "observed_exit_code": 1, "failure_reason": "AssertionError: CI_BOOTSTRAP initial CP0 selects historical head", "baseline_digest": "fe69a9966f7bc39f62d1898ed0b4df19a6b4bb74dd3bd2e3685c45817089bbca", "restored_digest": "fe69a9966f7bc39f62d1898ed0b4df19a6b4bb74dd3bd2e3685c45817089bbca", "digest_scope": "scripts/harness/run.py", "restoration_status": "RESTORED", "green_exit_code": 0, "green_command": "python3 -B scripts/harness/tests/test_ci_bootstrap.py CiBootstrap.test_initial_cp0_selects_historical_head -v (isolated)", "baseline_log_sha256": "c315e1f74f286f83b924a01f45708894dbc34982b35d9f1ee334a5e2e5e8d644", "red_log_sha256": "745bd2e563b7930f555c2c2fc7cff6eeac384a0382494ab7b455ff44ac316449", "second_green_log_sha256": "c82d8c99ff20a02f32339e6e1bf91233885bf12b96b884b677383ccc6d3dea0a"}
{"id": "null-beyond-cp0", "mutation": "initial_pr = record[\"checkpoint\"] == \"CP0\" and record[\"pull_request\"] is None -> initial_pr = record[\"pull_request\"] is None", "expected_oracle": "CI_BOOTSTRAP null later checkpoint rejected", "baseline_exit_code": 0, "observed_exit_code": 1, "failure_reason": "AssertionError: CI_BOOTSTRAP null later checkpoint rejected", "baseline_digest": "fe69a9966f7bc39f62d1898ed0b4df19a6b4bb74dd3bd2e3685c45817089bbca", "restored_digest": "fe69a9966f7bc39f62d1898ed0b4df19a6b4bb74dd3bd2e3685c45817089bbca", "digest_scope": "scripts/harness/run.py", "restoration_status": "RESTORED", "green_exit_code": 0, "green_command": "python3 -B scripts/harness/tests/test_ci_bootstrap.py CiBootstrap.test_null_later_checkpoint_rejected -v (isolated)", "baseline_log_sha256": "63f1f04ec9bdb14adf76ac88fb829641c2253c062d685eb7368fcd1b9912095b", "red_log_sha256": "18abeab52f2f8f1bc254e3c24c1ebfafde9ecb90422f064d1244deb39533a9c3", "second_green_log_sha256": "63f1f04ec9bdb14adf76ac88fb829641c2253c062d685eb7368fcd1b9912095b"}
{"id": "wrong-explicit-pr", "mutation": "(not initial_pr and record[\"pull_request\"] != pr[\"number\"]) -> False", "expected_oracle": "CI_BOOTSTRAP explicit wrong PR rejected", "baseline_exit_code": 0, "observed_exit_code": 1, "failure_reason": "AssertionError: CI_BOOTSTRAP explicit wrong PR rejected", "baseline_digest": "fe69a9966f7bc39f62d1898ed0b4df19a6b4bb74dd3bd2e3685c45817089bbca", "restored_digest": "fe69a9966f7bc39f62d1898ed0b4df19a6b4bb74dd3bd2e3685c45817089bbca", "digest_scope": "scripts/harness/run.py", "restoration_status": "RESTORED", "green_exit_code": 0, "green_command": "python3 -B scripts/harness/tests/test_ci_bootstrap.py CiBootstrap.test_explicit_wrong_pr_rejected -v (isolated)", "baseline_log_sha256": "00e264b3a640b1ccff9b00d3b4f4fd31ccfcd3083d27c6148fc197654923b123", "red_log_sha256": "fceba0eacb46660e1c0265dac0778a08317770cd449925c310b280dcf5a090cc", "second_green_log_sha256": "00e264b3a640b1ccff9b00d3b4f4fd31ccfcd3083d27c6148fc197654923b123"}
{"id": "wrong-branch", "mutation": "record[\"branch\"] != pr[\"head\"][\"ref\"] -> False", "expected_oracle": "CI_BOOTSTRAP wrong branch rejected", "baseline_exit_code": 0, "observed_exit_code": 1, "failure_reason": "AssertionError: CI_BOOTSTRAP wrong branch rejected", "baseline_digest": "fe69a9966f7bc39f62d1898ed0b4df19a6b4bb74dd3bd2e3685c45817089bbca", "restored_digest": "fe69a9966f7bc39f62d1898ed0b4df19a6b4bb74dd3bd2e3685c45817089bbca", "digest_scope": "scripts/harness/run.py", "restoration_status": "RESTORED", "green_exit_code": 0, "green_command": "python3 -B scripts/harness/tests/test_ci_bootstrap.py CiBootstrap.test_wrong_branch_rejected -v (isolated)", "baseline_log_sha256": "6040a08e71975f74df6bf7018c15b06d56f17a4ce488fa8755e5465391d99abd", "red_log_sha256": "57f1ba4f0490c956b1cf3d10a4a54fe9d751257cd00ce66897bbd8df8d6fe0db", "second_green_log_sha256": "a8cab98de48a4c6030cb5abaf605415122b56d4de58017ec7e1c3c9a1f87f363"}
{"id": "altered-evidence", "mutation": "json.loads(git(ROOT, \"show\", sha + \":\" + path)) != record -> False", "expected_oracle": "CI_BOOTSTRAP altered merge evidence rejected", "baseline_exit_code": 0, "observed_exit_code": 1, "failure_reason": "AssertionError: CI_BOOTSTRAP altered merge evidence rejected", "baseline_digest": "fe69a9966f7bc39f62d1898ed0b4df19a6b4bb74dd3bd2e3685c45817089bbca", "restored_digest": "fe69a9966f7bc39f62d1898ed0b4df19a6b4bb74dd3bd2e3685c45817089bbca", "digest_scope": "scripts/harness/run.py", "restoration_status": "RESTORED", "green_exit_code": 0, "green_command": "python3 -B scripts/harness/tests/test_ci_bootstrap.py CiBootstrap.test_altered_merge_evidence_rejected -v (isolated)", "baseline_log_sha256": "6b1feb7e1e08e14d2244ffec9f0b346b55cbb67b8f3a8d974ae9d10c70213b1f", "red_log_sha256": "772b2491301969956a7d9e0311572302cac6a946039c41f421119d5b68952a27", "second_green_log_sha256": "240998e71813f8b89428987597c030a2d4b883d192c48c2936f3690a3af8714c"}
{"id": "missing-ancestry", "mutation": "git(ROOT, \"merge-base\", \"--is-ancestor\", certified, sha) -> None # skipped ancestry", "expected_oracle": "CI_BOOTSTRAP unrelated head rejected", "baseline_exit_code": 0, "observed_exit_code": 1, "failure_reason": "AssertionError: CI_BOOTSTRAP unrelated head rejected", "baseline_digest": "fe69a9966f7bc39f62d1898ed0b4df19a6b4bb74dd3bd2e3685c45817089bbca", "restored_digest": "fe69a9966f7bc39f62d1898ed0b4df19a6b4bb74dd3bd2e3685c45817089bbca", "digest_scope": "scripts/harness/run.py", "restoration_status": "RESTORED", "green_exit_code": 0, "green_command": "python3 -B scripts/harness/tests/test_ci_bootstrap.py CiBootstrap.test_unrelated_head_rejected -v (isolated)", "baseline_log_sha256": "f8d22bd9377141febbc1eeab2bd992db36a2052baeee7c62411c0d3873feb242", "red_log_sha256": "45df4d7ba86905c9054a49b50b5087460bb583105ffc04a9b0fdeba6e37776aa", "second_green_log_sha256": "f2bb897db58a737e67739cbec880e50f8f49e95b243908c12dc315dfa719907c"}
PASS CI BOOTSTRAP CHALLENGE: 6 restored falsifications and second GREEN
dynamic-to-literal: semantic RED, byte-exact restoration, second GREEN
wrong-object: semantic RED, byte-exact restoration, second GREEN
erase-x8-padding: semantic RED, byte-exact restoration, second GREEN
invent-x5-padding: semantic RED, byte-exact restoration, second GREEN
wrong-normal-label: semantic RED, byte-exact restoration, second GREEN
pure-effects: semantic RED, byte-exact restoration, second GREEN
closed-outcomes: semantic RED, byte-exact restoration, second GREEN
invented-contract: semantic RED, byte-exact restoration, second GREEN
name-canonicalization: semantic RED, byte-exact restoration, second GREEN
exact-name-policy: semantic RED, byte-exact restoration, second GREEN
admit-using: semantic RED, byte-exact restoration, second GREEN
admit-ambiguous: semantic RED, byte-exact restoration, second GREEN
ignore-call-revision: semantic RED, byte-exact restoration, second GREEN
PASS CALL CHALLENGE: 13 compiled mutations
FULL_COMPONENT_PASS=challenge
PASS full
