FULL_COMPONENT_PASS=docs
[INFO] Scanning for projects...
[INFO] ------------------------------------------------------------------------
[INFO] Reactor Build Order:
[INFO] 
[INFO] cobol-lower                                                        [pom]
[INFO] cobol-lower-core                                                   [jar]
[INFO] cobol-lower-adapters                                               [jar]
[INFO] 
[INFO] -----------------< io.github.gustavo2358:cobol-lower >------------------
[INFO] Building cobol-lower 0.1.0-SNAPSHOT                                [1/3]
[INFO]   from pom.xml
[INFO] --------------------------------[ pom ]---------------------------------
[INFO] 
[INFO] ---------------< io.github.gustavo2358:cobol-lower-core >---------------
[INFO] Building cobol-lower-core 0.1.0-SNAPSHOT                           [2/3]
[INFO]   from core/pom.xml
[INFO] --------------------------------[ jar ]---------------------------------
[INFO] 
[INFO] --- resources:3.4.0:resources (default-resources) @ cobol-lower-core ---
[INFO] skip non existing resourceDirectory /home/gustavo/workspace/teste-e2e/cobol-lower/core/src/main/resources
[INFO] 
[INFO] --- compiler:3.13.0:compile (default-compile) @ cobol-lower-core ---
[INFO] Nothing to compile - all classes are up to date.
[INFO] 
[INFO] --- resources:3.4.0:testResources (default-testResources) @ cobol-lower-core ---
[INFO] skip non existing resourceDirectory /home/gustavo/workspace/teste-e2e/cobol-lower/core/src/test/resources
[INFO] 
[INFO] --- compiler:3.13.0:testCompile (default-testCompile) @ cobol-lower-core ---
[INFO] Nothing to compile - all classes are up to date.
[INFO] 
[INFO] --- surefire:3.5.4:test (default-test) @ cobol-lower-core ---
[INFO] 
[INFO] --- exec:3.5.0:java (boundary-contract-suite) @ cobol-lower-core ---
ok 1 - manual AIR accepted by real validator
ok 2 - AIR 2.0.0
ok 3 - one unit
ok 4 - available body
ok 5 - one entry and sequence
ok 6 - entry label closes
ok 7 - closed zero parameters
ok 8 - closed zero results
ok 9 - no common instructions
ok 10 - expected Return, never Halt
ok 11 - empty Return
ok 12 - real validator rejects dangling label
ok 13 - boundary must preserve INVALID_IR for dangling label
ok 14 - boundary preserves complete result and issues
ok 15 - profile fixture contains a real semantic obligation
ok 16 - semantic obligations remain visible
ok 17 - Halt can be valid AIR but is not the frozen Return shape
ok 18 - publication immutable
ok 19 - independent construction deterministic
ok 20 - nonzero executed assertions
LOWER_CALL_TESTS=623
LOCAL_ID_CARDINALITY=100000 elapsed_ms=518
LOCAL_ID_LONG_UTF16=1000000 streamed_bytes=4000169 max_buffer=256 elapsed_ms=58
LOCAL_ID_PUBLIC_PORT_HANDLE=statement:2147483647 unit_key=100000 filename=100000 status=SUCCESS
LOCAL_ID_TESTS=200362
COMPACT_ID_TESTS=1678
lower 1 - admitted input must produce SUCCESS: SUCCESS
lower 2 - entire source evidence retained
lower 3 - AIR 2 one unit
lower 4 - available singular shape
lower 5 - typed GOBACK must be Return, never Halt
lower 6 - no return values
lower 7 - closed known zero parameters
lower 8 - closed known zero results
lower 9 - total typed correlation
lower 10 - entry identity correlation
lower 11 - start correlation uses published reference
lower 12 - start label join closes
lower 13 - Return ID and provenance correlation
lower 14 - alternative entry inventory stays PARTIAL
lower 15 - alternate gap visible in AIR coverage
lower 16 - entry and statement coverage retained
lower 17 - local control exact
lower 18 - no global strengthening STORAGE
lower 19 - dimension reason present STORAGE
lower 20 - no global strengthening EFFECTS
lower 21 - dimension reason present EFFECTS
lower 22 - no global strengthening VALUES
lower 23 - dimension reason present VALUES
lower 24 - no global strengthening DEPENDENCIES
lower 25 - dimension reason present DEPENDENCIES
lower 26 - zero DATA maps no storage declarations
lower 27 - no unproved AIR profile claim
lower 28 - complete real checker report preserved
lower 29 - real checker GREEN
lower 30 - independent construction deterministic
lower 31 - operational metadata excluded from identity
lower 32 - admitted input must produce SUCCESS: SUCCESS
lower 33 - entire source evidence retained
lower 34 - AIR 2 one unit
lower 35 - available singular shape
lower 36 - typed GOBACK must be Return, never Halt
lower 37 - no return values
lower 38 - closed known zero parameters
lower 39 - closed known zero results
lower 40 - total typed correlation
lower 41 - entry identity correlation
lower 42 - start correlation uses published reference
lower 43 - start label join closes
lower 44 - Return ID and provenance correlation
lower 45 - alternative entry inventory stays PARTIAL
lower 46 - alternate gap visible in AIR coverage
lower 47 - entry and statement coverage retained
lower 48 - local control exact
lower 49 - no global strengthening STORAGE
lower 50 - dimension reason present STORAGE
lower 51 - no global strengthening EFFECTS
lower 52 - dimension reason present EFFECTS
lower 53 - no global strengthening VALUES
lower 54 - dimension reason present VALUES
lower 55 - no global strengthening DEPENDENCIES
lower 56 - dimension reason present DEPENDENCIES
lower 57 - zero DATA maps no storage declarations
lower 58 - no unproved AIR profile claim
lower 59 - complete real checker report preserved
lower 60 - real checker GREEN
lower 61 - revision namespace distinguishes unit and handles
lower 62 - admitted input must produce SUCCESS: SUCCESS
lower 63 - entire source evidence retained
lower 64 - AIR 2 one unit
lower 65 - available singular shape
lower 66 - typed GOBACK must be Return, never Halt
lower 67 - no return values
lower 68 - closed known zero parameters
lower 69 - closed known zero results
lower 70 - total typed correlation
lower 71 - entry identity correlation
lower 72 - start correlation uses published reference
lower 73 - start label join closes
lower 74 - Return ID and provenance correlation
lower 75 - alternative entry inventory stays PARTIAL
lower 76 - alternate gap visible in AIR coverage
lower 77 - entry and statement coverage retained
lower 78 - local control exact
lower 79 - no global strengthening STORAGE
lower 80 - dimension reason present STORAGE
lower 81 - no global strengthening EFFECTS
lower 82 - dimension reason present EFFECTS
lower 83 - no global strengthening VALUES
lower 84 - dimension reason present VALUES
lower 85 - no global strengthening DEPENDENCIES
lower 86 - dimension reason present DEPENDENCIES
lower 87 - zero DATA maps no storage declarations
lower 88 - no unproved AIR profile claim
lower 89 - complete real checker report preserved
lower 90 - real checker GREEN
lower 91 - revision namespace distinguishes unit and handles
lower 92 - admitted input must produce SUCCESS: SUCCESS
lower 93 - entire source evidence retained
lower 94 - AIR 2 one unit
lower 95 - available singular shape
lower 96 - typed GOBACK must be Return, never Halt
lower 97 - no return values
lower 98 - closed known zero parameters
lower 99 - closed known zero results
lower 100 - total typed correlation
lower 101 - entry identity correlation
lower 102 - start correlation uses published reference
lower 103 - start label join closes
lower 104 - Return ID and provenance correlation
lower 105 - alternative entry inventory stays PARTIAL
lower 106 - alternate gap visible in AIR coverage
lower 107 - entry and statement coverage retained
lower 108 - local control exact
lower 109 - no global strengthening STORAGE
lower 110 - dimension reason present STORAGE
lower 111 - no global strengthening EFFECTS
lower 112 - dimension reason present EFFECTS
lower 113 - no global strengthening VALUES
lower 114 - dimension reason present VALUES
lower 115 - no global strengthening DEPENDENCIES
lower 116 - dimension reason present DEPENDENCIES
lower 117 - zero DATA maps no storage declarations
lower 118 - no unproved AIR profile claim
lower 119 - complete real checker report preserved
lower 120 - real checker GREEN
lower 121 - revision namespace distinguishes unit and handles
lower 122 - exact published GOBACK original coordinates
lower 123 - explicit SP coordinate conventions
lower 124 - golden exact without include
lower 125 - auxiliary sequence origin derived
lower 126 - entry and GOBACK distinct origins
lower 127 - identity limit never publishes prefix
lower 128 - exact identity bound succeeds
lower 129 - invalid AIR never success
lower 130 - invalid issues preserved
lower 131 - semantic obligation preserved not proved
lower 132 - real validation limit never success
lower 133 - real operational resource issue preserved
lower 134 - in-memory input always validated
lower 135 - identity includes rule and semantic versions (independent XXH3-128 vector)
lower 136 - admitted input must produce SUCCESS: SUCCESS
lower 137 - entire source evidence retained
lower 138 - AIR 2 one unit
lower 139 - available singular shape
lower 140 - typed GOBACK must be Return, never Halt
lower 141 - no return values
lower 142 - closed known zero parameters
lower 143 - closed known zero results
lower 144 - total typed correlation
lower 145 - entry identity correlation
lower 146 - start correlation uses published reference
lower 147 - start label join closes
lower 148 - Return ID and provenance correlation
lower 149 - alternative entry inventory stays PARTIAL
lower 150 - alternate gap visible in AIR coverage
lower 151 - entry and statement coverage retained
lower 152 - local control exact
lower 153 - no global strengthening STORAGE
lower 154 - dimension reason present STORAGE
lower 155 - no global strengthening EFFECTS
lower 156 - dimension reason present EFFECTS
lower 157 - no global strengthening VALUES
lower 158 - dimension reason present VALUES
lower 159 - no global strengthening DEPENDENCIES
lower 160 - dimension reason present DEPENDENCIES
lower 161 - zero DATA maps no storage declarations
lower 162 - no unproved AIR profile claim
lower 163 - complete real checker report preserved
lower 164 - real checker GREEN
lower 165 - same unit new policy revision changes PublicationId
lower 166 - admitted input must produce SUCCESS: SUCCESS
lower 167 - entire source evidence retained
lower 168 - AIR 2 one unit
lower 169 - available singular shape
lower 170 - typed GOBACK must be Return, never Halt
lower 171 - no return values
lower 172 - closed known zero parameters
lower 173 - closed known zero results
lower 174 - total typed correlation
lower 175 - entry identity correlation
lower 176 - start correlation uses published reference
lower 177 - start label join closes
lower 178 - Return ID and provenance correlation
lower 179 - alternative entry inventory stays PARTIAL
lower 180 - alternate gap visible in AIR coverage
lower 181 - entry and statement coverage retained
lower 182 - local control exact
lower 183 - no global strengthening STORAGE
lower 184 - dimension reason present STORAGE
lower 185 - no global strengthening EFFECTS
lower 186 - dimension reason present EFFECTS
lower 187 - no global strengthening VALUES
lower 188 - dimension reason present VALUES
lower 189 - no global strengthening DEPENDENCIES
lower 190 - dimension reason present DEPENDENCIES
lower 191 - zero DATA maps no storage declarations
lower 192 - no unproved AIR profile claim
lower 193 - complete real checker report preserved
lower 194 - real checker GREEN
lower 195 - same unit new structural fact changes PublicationId
lower 196 - admitted input must produce SUCCESS: SUCCESS
lower 197 - entire source evidence retained
lower 198 - AIR 2 one unit
lower 199 - available singular shape
lower 200 - typed GOBACK must be Return, never Halt
lower 201 - no return values
lower 202 - closed known zero parameters
lower 203 - closed known zero results
lower 204 - total typed correlation
lower 205 - entry identity correlation
lower 206 - start correlation uses published reference
lower 207 - start label join closes
lower 208 - Return ID and provenance correlation
lower 209 - alternative entry inventory stays PARTIAL
lower 210 - alternate gap visible in AIR coverage
lower 211 - entry and statement coverage retained
lower 212 - local control exact
lower 213 - no global strengthening STORAGE
lower 214 - dimension reason present STORAGE
lower 215 - no global strengthening EFFECTS
lower 216 - dimension reason present EFFECTS
lower 217 - no global strengthening VALUES
lower 218 - dimension reason present VALUES
lower 219 - no global strengthening DEPENDENCIES
lower 220 - dimension reason present DEPENDENCIES
lower 221 - zero DATA maps no storage declarations
lower 222 - no unproved AIR profile claim
lower 223 - complete real checker report preserved
lower 224 - real checker GREEN
lower 225 - readiness scope is revision evidence not dropped
lower 226 - admitted input must produce SUCCESS: SUCCESS
lower 227 - entire source evidence retained
lower 228 - AIR 2 one unit
lower 229 - available singular shape
lower 230 - typed GOBACK must be Return, never Halt
lower 231 - no return values
lower 232 - closed known zero parameters
lower 233 - closed known zero results
lower 234 - total typed correlation
lower 235 - entry identity correlation
lower 236 - start correlation uses published reference
lower 237 - start label join closes
lower 238 - Return ID and provenance correlation
lower 239 - alternative entry inventory stays PARTIAL
lower 240 - alternate gap visible in AIR coverage
lower 241 - entry and statement coverage retained
lower 242 - local control exact
lower 243 - no global strengthening STORAGE
lower 244 - dimension reason present STORAGE
lower 245 - no global strengthening EFFECTS
lower 246 - dimension reason present EFFECTS
lower 247 - no global strengthening VALUES
lower 248 - dimension reason present VALUES
lower 249 - no global strengthening DEPENDENCIES
lower 250 - dimension reason present DEPENDENCIES
lower 251 - zero DATA maps no storage declarations
lower 252 - no unproved AIR profile claim
lower 253 - complete real checker report preserved
lower 254 - real checker GREEN
lower 255 - source provenance participates in revision
lower 256 - original and expanded roles both preserved
lower 257 - unrepresentable coordinates do not fabricate span or exactness
lower 258 - include chain order retained without invented site columns
lower 259 - logical source artifact not transport or fabricated digest
lower 260 - provenance limitations explicitly reported
lower 261 - raw include lines and coordinates retained
lower 262 - admitted input must produce SUCCESS: SUCCESS
lower 263 - entire source evidence retained
lower 264 - AIR 2 one unit
lower 265 - available singular shape
lower 266 - typed GOBACK must be Return, never Halt
lower 267 - no return values
lower 268 - closed known zero parameters
lower 269 - closed known zero results
lower 270 - total typed correlation
lower 271 - entry identity correlation
lower 272 - start correlation uses published reference
lower 273 - start label join closes
lower 274 - Return ID and provenance correlation
lower 275 - alternative entry inventory stays PARTIAL
lower 276 - alternate gap visible in AIR coverage
lower 277 - entry and statement coverage retained
lower 278 - local control exact
lower 279 - no global strengthening STORAGE
lower 280 - dimension reason present STORAGE
lower 281 - no global strengthening EFFECTS
lower 282 - dimension reason present EFFECTS
lower 283 - no global strengthening VALUES
lower 284 - dimension reason present VALUES
lower 285 - no global strengthening DEPENDENCIES
lower 286 - dimension reason present DEPENDENCIES
lower 287 - zero DATA maps no storage declarations
lower 288 - no unproved AIR profile claim
lower 289 - complete real checker report preserved
lower 290 - real checker GREEN
lower 291 - source provenance participates in revision
lower 292 - original and expanded roles both preserved
lower 293 - unrepresentable coordinates do not fabricate span or exactness
lower 294 - include chain order retained without invented site columns
lower 295 - logical source artifact not transport or fabricated digest
lower 296 - provenance limitations explicitly reported
lower 297 - raw include lines and coordinates retained
lower 298 - length framed identity resists delimiter collision
lower 299 - dangling start rejected before AIR
lower 300 - same semantic admission and diagnostics in lower port
lower 301 - larger input never lowered as selected prefix
lower 302 - correlation immutable
LOWER_TESTS=203444
[INFO] 
[INFO] --- jar:3.4.2:jar (default-jar) @ cobol-lower-core ---
[INFO] 
[INFO] --- jar:3.4.2:test-jar (independent-test-fixtures) @ cobol-lower-core ---
[INFO] 
[INFO] -------------< io.github.gustavo2358:cobol-lower-adapters >-------------
[INFO] Building cobol-lower-adapters 0.1.0-SNAPSHOT                       [3/3]
[INFO]   from adapters/pom.xml
[INFO] --------------------------------[ jar ]---------------------------------
[INFO] 
[INFO] --- resources:3.4.0:resources (default-resources) @ cobol-lower-adapters ---
[INFO] skip non existing resourceDirectory /home/gustavo/workspace/teste-e2e/cobol-lower/adapters/src/main/resources
[INFO] 
[INFO] --- compiler:3.13.0:compile (default-compile) @ cobol-lower-adapters ---
[INFO] Nothing to compile - all classes are up to date.
[INFO] 
[INFO] --- resources:3.4.0:testResources (default-testResources) @ cobol-lower-adapters ---
[INFO] Copying 56 resources from src/test/resources to target/test-classes
[INFO] 
[INFO] --- compiler:3.13.0:testCompile (default-testCompile) @ cobol-lower-adapters ---
[INFO] Nothing to compile - all classes are up to date.
[INFO] 
[INFO] --- surefire:3.5.4:test (default-test) @ cobol-lower-adapters ---
[INFO] 
[INFO] --- exec:3.5.0:java (decoder-contract-suite) @ cobol-lower-adapters ---
SCALAR_PHYSICAL lines=60012 sp_bytes=5339 air_bytes=32237
SCALAR_AIR bytes=32138 sha256=dd3bb4819282e609a97937ea01b7e202786e2c2d9ba9c8a1821a8b982eeb8788 publication=77ae4cc3ed75332c64011efce81c431b
CALL_PLACEMENT_CHALLENGE=I-04; byte-exact restoration; second GREEN
LOWER_CALL_INTEGRATION_TESTS=153
LOWER_TESTS=431
[INFO] 
[INFO] --- exec:3.5.0:java (air-output-suite) @ cobol-lower-adapters ---
LOCAL_ID_BIJECTION=20 id_occurrences=163 old_air_bytes=15720
COMPACT_AIR_BYTES=13827
PRODUCTION_SUCCESS_PROBE data=400 moves=400 sp_bytes=1071738 air_bytes=7616219 exit=0
LOWER_PRODUCTION_TESTS=11
LOWER_AIR_OUTPUT_TESTS=173
[INFO] 
[INFO] --- jar:3.4.2:jar (default-jar) @ cobol-lower-adapters ---
[INFO] ------------------------------------------------------------------------
[INFO] Reactor Summary for cobol-lower 0.1.0-SNAPSHOT:
[INFO] 
[INFO] cobol-lower ........................................ SUCCESS [  0.003 s]
[INFO] cobol-lower-core ................................... SUCCESS [  2.226 s]
[INFO] cobol-lower-adapters ............................... SUCCESS [  5.019 s]
[INFO] ------------------------------------------------------------------------
[INFO] BUILD SUCCESS
[INFO] ------------------------------------------------------------------------
[INFO] Total time:  7.372 s
[INFO] Finished at: 2026-09-11T15:00:06-03:00
[INFO] ------------------------------------------------------------------------
SEMANTIC_TEST_COUNT=203875
FULL_COMPONENT_PASS=semantic
[INFO] Scanning for projects...
[INFO] ------------------------------------------------------------------------
[INFO] Reactor Build Order:
[INFO] 
[INFO] cobol-lower                                                        [pom]
[INFO] cobol-lower-core                                                   [jar]
[INFO] cobol-lower-adapters                                               [jar]
[INFO] 
[INFO] -----------------< io.github.gustavo2358:cobol-lower >------------------
[INFO] Building cobol-lower 0.1.0-SNAPSHOT                                [1/3]
[INFO]   from pom.xml
[INFO] --------------------------------[ pom ]---------------------------------
[INFO] 
[INFO] ---------------< io.github.gustavo2358:cobol-lower-core >---------------
[INFO] Building cobol-lower-core 0.1.0-SNAPSHOT                           [2/3]
[INFO]   from core/pom.xml
[INFO] --------------------------------[ jar ]---------------------------------
[INFO] 
[INFO] --- resources:3.4.0:resources (default-resources) @ cobol-lower-core ---
[INFO] skip non existing resourceDirectory /home/gustavo/workspace/teste-e2e/cobol-lower/core/src/main/resources
[INFO] 
[INFO] --- compiler:3.13.0:compile (default-compile) @ cobol-lower-core ---
[INFO] Nothing to compile - all classes are up to date.
[INFO] 
[INFO] --- resources:3.4.0:testResources (default-testResources) @ cobol-lower-core ---
[INFO] skip non existing resourceDirectory /home/gustavo/workspace/teste-e2e/cobol-lower/core/src/test/resources
[INFO] 
[INFO] --- compiler:3.13.0:testCompile (default-testCompile) @ cobol-lower-core ---
[INFO] Nothing to compile - all classes are up to date.
[INFO] 
[INFO] --- surefire:3.5.4:test (default-test) @ cobol-lower-core ---
[INFO] 
[INFO] --- exec:3.5.0:java (boundary-contract-suite) @ cobol-lower-core ---
ok 1 - manual AIR accepted by real validator
ok 2 - AIR 2.0.0
ok 3 - one unit
ok 4 - available body
ok 5 - one entry and sequence
ok 6 - entry label closes
ok 7 - closed zero parameters
ok 8 - closed zero results
ok 9 - no common instructions
ok 10 - expected Return, never Halt
ok 11 - empty Return
ok 12 - real validator rejects dangling label
ok 13 - boundary must preserve INVALID_IR for dangling label
ok 14 - boundary preserves complete result and issues
ok 15 - profile fixture contains a real semantic obligation
ok 16 - semantic obligations remain visible
ok 17 - Halt can be valid AIR but is not the frozen Return shape
ok 18 - publication immutable
ok 19 - independent construction deterministic
ok 20 - nonzero executed assertions
LOWER_CALL_TESTS=623
LOCAL_ID_CARDINALITY=100000 elapsed_ms=608
LOCAL_ID_LONG_UTF16=1000000 streamed_bytes=4000169 max_buffer=256 elapsed_ms=66
LOCAL_ID_PUBLIC_PORT_HANDLE=statement:2147483647 unit_key=100000 filename=100000 status=SUCCESS
LOCAL_ID_TESTS=200362
COMPACT_ID_TESTS=1678
lower 1 - admitted input must produce SUCCESS: SUCCESS
lower 2 - entire source evidence retained
lower 3 - AIR 2 one unit
lower 4 - available singular shape
lower 5 - typed GOBACK must be Return, never Halt
lower 6 - no return values
lower 7 - closed known zero parameters
lower 8 - closed known zero results
lower 9 - total typed correlation
lower 10 - entry identity correlation
lower 11 - start correlation uses published reference
lower 12 - start label join closes
lower 13 - Return ID and provenance correlation
lower 14 - alternative entry inventory stays PARTIAL
lower 15 - alternate gap visible in AIR coverage
lower 16 - entry and statement coverage retained
lower 17 - local control exact
lower 18 - no global strengthening STORAGE
lower 19 - dimension reason present STORAGE
lower 20 - no global strengthening EFFECTS
lower 21 - dimension reason present EFFECTS
lower 22 - no global strengthening VALUES
lower 23 - dimension reason present VALUES
lower 24 - no global strengthening DEPENDENCIES
lower 25 - dimension reason present DEPENDENCIES
lower 26 - zero DATA maps no storage declarations
lower 27 - no unproved AIR profile claim
lower 28 - complete real checker report preserved
lower 29 - real checker GREEN
lower 30 - independent construction deterministic
lower 31 - operational metadata excluded from identity
lower 32 - admitted input must produce SUCCESS: SUCCESS
lower 33 - entire source evidence retained
lower 34 - AIR 2 one unit
lower 35 - available singular shape
lower 36 - typed GOBACK must be Return, never Halt
lower 37 - no return values
lower 38 - closed known zero parameters
lower 39 - closed known zero results
lower 40 - total typed correlation
lower 41 - entry identity correlation
lower 42 - start correlation uses published reference
lower 43 - start label join closes
lower 44 - Return ID and provenance correlation
lower 45 - alternative entry inventory stays PARTIAL
lower 46 - alternate gap visible in AIR coverage
lower 47 - entry and statement coverage retained
lower 48 - local control exact
lower 49 - no global strengthening STORAGE
lower 50 - dimension reason present STORAGE
lower 51 - no global strengthening EFFECTS
lower 52 - dimension reason present EFFECTS
lower 53 - no global strengthening VALUES
lower 54 - dimension reason present VALUES
lower 55 - no global strengthening DEPENDENCIES
lower 56 - dimension reason present DEPENDENCIES
lower 57 - zero DATA maps no storage declarations
lower 58 - no unproved AIR profile claim
lower 59 - complete real checker report preserved
lower 60 - real checker GREEN
lower 61 - revision namespace distinguishes unit and handles
lower 62 - admitted input must produce SUCCESS: SUCCESS
lower 63 - entire source evidence retained
lower 64 - AIR 2 one unit
lower 65 - available singular shape
lower 66 - typed GOBACK must be Return, never Halt
lower 67 - no return values
lower 68 - closed known zero parameters
lower 69 - closed known zero results
lower 70 - total typed correlation
lower 71 - entry identity correlation
lower 72 - start correlation uses published reference
lower 73 - start label join closes
lower 74 - Return ID and provenance correlation
lower 75 - alternative entry inventory stays PARTIAL
lower 76 - alternate gap visible in AIR coverage
lower 77 - entry and statement coverage retained
lower 78 - local control exact
lower 79 - no global strengthening STORAGE
lower 80 - dimension reason present STORAGE
lower 81 - no global strengthening EFFECTS
lower 82 - dimension reason present EFFECTS
lower 83 - no global strengthening VALUES
lower 84 - dimension reason present VALUES
lower 85 - no global strengthening DEPENDENCIES
lower 86 - dimension reason present DEPENDENCIES
lower 87 - zero DATA maps no storage declarations
lower 88 - no unproved AIR profile claim
lower 89 - complete real checker report preserved
lower 90 - real checker GREEN
lower 91 - revision namespace distinguishes unit and handles
lower 92 - admitted input must produce SUCCESS: SUCCESS
lower 93 - entire source evidence retained
lower 94 - AIR 2 one unit
lower 95 - available singular shape
lower 96 - typed GOBACK must be Return, never Halt
lower 97 - no return values
lower 98 - closed known zero parameters
lower 99 - closed known zero results
lower 100 - total typed correlation
lower 101 - entry identity correlation
lower 102 - start correlation uses published reference
lower 103 - start label join closes
lower 104 - Return ID and provenance correlation
lower 105 - alternative entry inventory stays PARTIAL
lower 106 - alternate gap visible in AIR coverage
lower 107 - entry and statement coverage retained
lower 108 - local control exact
lower 109 - no global strengthening STORAGE
lower 110 - dimension reason present STORAGE
lower 111 - no global strengthening EFFECTS
lower 112 - dimension reason present EFFECTS
lower 113 - no global strengthening VALUES
lower 114 - dimension reason present VALUES
lower 115 - no global strengthening DEPENDENCIES
lower 116 - dimension reason present DEPENDENCIES
lower 117 - zero DATA maps no storage declarations
lower 118 - no unproved AIR profile claim
lower 119 - complete real checker report preserved
lower 120 - real checker GREEN
lower 121 - revision namespace distinguishes unit and handles
lower 122 - exact published GOBACK original coordinates
lower 123 - explicit SP coordinate conventions
lower 124 - golden exact without include
lower 125 - auxiliary sequence origin derived
lower 126 - entry and GOBACK distinct origins
lower 127 - identity limit never publishes prefix
lower 128 - exact identity bound succeeds
lower 129 - invalid AIR never success
lower 130 - invalid issues preserved
lower 131 - semantic obligation preserved not proved
lower 132 - real validation limit never success
lower 133 - real operational resource issue preserved
lower 134 - in-memory input always validated
lower 135 - identity includes rule and semantic versions (independent XXH3-128 vector)
lower 136 - admitted input must produce SUCCESS: SUCCESS
lower 137 - entire source evidence retained
lower 138 - AIR 2 one unit
lower 139 - available singular shape
lower 140 - typed GOBACK must be Return, never Halt
lower 141 - no return values
lower 142 - closed known zero parameters
lower 143 - closed known zero results
lower 144 - total typed correlation
lower 145 - entry identity correlation
lower 146 - start correlation uses published reference
lower 147 - start label join closes
lower 148 - Return ID and provenance correlation
lower 149 - alternative entry inventory stays PARTIAL
lower 150 - alternate gap visible in AIR coverage
lower 151 - entry and statement coverage retained
lower 152 - local control exact
lower 153 - no global strengthening STORAGE
lower 154 - dimension reason present STORAGE
lower 155 - no global strengthening EFFECTS
lower 156 - dimension reason present EFFECTS
lower 157 - no global strengthening VALUES
lower 158 - dimension reason present VALUES
lower 159 - no global strengthening DEPENDENCIES
lower 160 - dimension reason present DEPENDENCIES
lower 161 - zero DATA maps no storage declarations
lower 162 - no unproved AIR profile claim
lower 163 - complete real checker report preserved
lower 164 - real checker GREEN
lower 165 - same unit new policy revision changes PublicationId
lower 166 - admitted input must produce SUCCESS: SUCCESS
lower 167 - entire source evidence retained
lower 168 - AIR 2 one unit
lower 169 - available singular shape
lower 170 - typed GOBACK must be Return, never Halt
lower 171 - no return values
lower 172 - closed known zero parameters
lower 173 - closed known zero results
lower 174 - total typed correlation
lower 175 - entry identity correlation
lower 176 - start correlation uses published reference
lower 177 - start label join closes
lower 178 - Return ID and provenance correlation
lower 179 - alternative entry inventory stays PARTIAL
lower 180 - alternate gap visible in AIR coverage
lower 181 - entry and statement coverage retained
lower 182 - local control exact
lower 183 - no global strengthening STORAGE
lower 184 - dimension reason present STORAGE
lower 185 - no global strengthening EFFECTS
lower 186 - dimension reason present EFFECTS
lower 187 - no global strengthening VALUES
lower 188 - dimension reason present VALUES
lower 189 - no global strengthening DEPENDENCIES
lower 190 - dimension reason present DEPENDENCIES
lower 191 - zero DATA maps no storage declarations
lower 192 - no unproved AIR profile claim
lower 193 - complete real checker report preserved
lower 194 - real checker GREEN
lower 195 - same unit new structural fact changes PublicationId
lower 196 - admitted input must produce SUCCESS: SUCCESS
lower 197 - entire source evidence retained
lower 198 - AIR 2 one unit
lower 199 - available singular shape
lower 200 - typed GOBACK must be Return, never Halt
lower 201 - no return values
lower 202 - closed known zero parameters
lower 203 - closed known zero results
lower 204 - total typed correlation
lower 205 - entry identity correlation
lower 206 - start correlation uses published reference
lower 207 - start label join closes
lower 208 - Return ID and provenance correlation
lower 209 - alternative entry inventory stays PARTIAL
lower 210 - alternate gap visible in AIR coverage
lower 211 - entry and statement coverage retained
lower 212 - local control exact
lower 213 - no global strengthening STORAGE
lower 214 - dimension reason present STORAGE
lower 215 - no global strengthening EFFECTS
lower 216 - dimension reason present EFFECTS
lower 217 - no global strengthening VALUES
lower 218 - dimension reason present VALUES
lower 219 - no global strengthening DEPENDENCIES
lower 220 - dimension reason present DEPENDENCIES
lower 221 - zero DATA maps no storage declarations
lower 222 - no unproved AIR profile claim
lower 223 - complete real checker report preserved
lower 224 - real checker GREEN
lower 225 - readiness scope is revision evidence not dropped
lower 226 - admitted input must produce SUCCESS: SUCCESS
lower 227 - entire source evidence retained
lower 228 - AIR 2 one unit
lower 229 - available singular shape
lower 230 - typed GOBACK must be Return, never Halt
lower 231 - no return values
lower 232 - closed known zero parameters
lower 233 - closed known zero results
lower 234 - total typed correlation
lower 235 - entry identity correlation
lower 236 - start correlation uses published reference
lower 237 - start label join closes
lower 238 - Return ID and provenance correlation
lower 239 - alternative entry inventory stays PARTIAL
lower 240 - alternate gap visible in AIR coverage
lower 241 - entry and statement coverage retained
lower 242 - local control exact
lower 243 - no global strengthening STORAGE
lower 244 - dimension reason present STORAGE
lower 245 - no global strengthening EFFECTS
lower 246 - dimension reason present EFFECTS
lower 247 - no global strengthening VALUES
lower 248 - dimension reason present VALUES
lower 249 - no global strengthening DEPENDENCIES
lower 250 - dimension reason present DEPENDENCIES
lower 251 - zero DATA maps no storage declarations
lower 252 - no unproved AIR profile claim
lower 253 - complete real checker report preserved
lower 254 - real checker GREEN
lower 255 - source provenance participates in revision
lower 256 - original and expanded roles both preserved
lower 257 - unrepresentable coordinates do not fabricate span or exactness
lower 258 - include chain order retained without invented site columns
lower 259 - logical source artifact not transport or fabricated digest
lower 260 - provenance limitations explicitly reported
lower 261 - raw include lines and coordinates retained
lower 262 - admitted input must produce SUCCESS: SUCCESS
lower 263 - entire source evidence retained
lower 264 - AIR 2 one unit
lower 265 - available singular shape
lower 266 - typed GOBACK must be Return, never Halt
lower 267 - no return values
lower 268 - closed known zero parameters
lower 269 - closed known zero results
lower 270 - total typed correlation
lower 271 - entry identity correlation
lower 272 - start correlation uses published reference
lower 273 - start label join closes
lower 274 - Return ID and provenance correlation
lower 275 - alternative entry inventory stays PARTIAL
lower 276 - alternate gap visible in AIR coverage
lower 277 - entry and statement coverage retained
lower 278 - local control exact
lower 279 - no global strengthening STORAGE
lower 280 - dimension reason present STORAGE
lower 281 - no global strengthening EFFECTS
lower 282 - dimension reason present EFFECTS
lower 283 - no global strengthening VALUES
lower 284 - dimension reason present VALUES
lower 285 - no global strengthening DEPENDENCIES
lower 286 - dimension reason present DEPENDENCIES
lower 287 - zero DATA maps no storage declarations
lower 288 - no unproved AIR profile claim
lower 289 - complete real checker report preserved
lower 290 - real checker GREEN
lower 291 - source provenance participates in revision
lower 292 - original and expanded roles both preserved
lower 293 - unrepresentable coordinates do not fabricate span or exactness
lower 294 - include chain order retained without invented site columns
lower 295 - logical source artifact not transport or fabricated digest
lower 296 - provenance limitations explicitly reported
lower 297 - raw include lines and coordinates retained
lower 298 - length framed identity resists delimiter collision
lower 299 - dangling start rejected before AIR
lower 300 - same semantic admission and diagnostics in lower port
lower 301 - larger input never lowered as selected prefix
lower 302 - correlation immutable
PERFORMANCE_CORE n=1 visits=16 references=2 provenance=6 elapsed_ns=103768 java=21.0.12.1 os=Linux heap_used=100314632
PERFORMANCE_CORE n=64 visits=457 references=65 provenance=195 elapsed_ns=519112 java=21.0.12.1 os=Linux heap_used=100314632
PERFORMANCE_CORE n=128 visits=905 references=129 provenance=387 elapsed_ns=843882 java=21.0.12.1 os=Linux heap_used=101708808
PERFORMANCE_CORE n=1024 visits=7177 references=1025 provenance=3075 elapsed_ns=6882378 java=21.0.12.1 os=Linux heap_used=103460360
PERFORMANCE_CORE n=2048 visits=14345 references=2049 provenance=6147 elapsed_ns=6078029 java=21.0.12.1 os=Linux heap_used=106606088
SCALAR_SCALE data=1000 moves=1000 objects=1000 cells=1000 assigns=1000 visits=24016 references=7003 elapsed_nanos=391681039
SCALAR_SCALE data=2000 moves=2000 objects=2000 cells=2000 assigns=2000 visits=48016 references=14003 elapsed_nanos=384737439
SCALAR_SCALE data=1 moves=10000 objects=1 cells=1 assigns=10000 visits=190021 references=70003 elapsed_nanos=1252090566
CALL_SCALE n=500 visits=13533 references=3509
CALL_SCALE n=1000 visits=27033 references=7009
LOWER_TESTS=203500
LOWER_PERFORMANCE_TESTS=56
[INFO] 
[INFO] --- jar:3.4.2:jar (default-jar) @ cobol-lower-core ---
[INFO] 
[INFO] --- jar:3.4.2:test-jar (independent-test-fixtures) @ cobol-lower-core ---
[INFO] 
[INFO] -------------< io.github.gustavo2358:cobol-lower-adapters >-------------
[INFO] Building cobol-lower-adapters 0.1.0-SNAPSHOT                       [3/3]
[INFO]   from adapters/pom.xml
[INFO] --------------------------------[ jar ]---------------------------------
[INFO] 
[INFO] --- resources:3.4.0:resources (default-resources) @ cobol-lower-adapters ---
[INFO] skip non existing resourceDirectory /home/gustavo/workspace/teste-e2e/cobol-lower/adapters/src/main/resources
[INFO] 
[INFO] --- compiler:3.13.0:compile (default-compile) @ cobol-lower-adapters ---
[INFO] Nothing to compile - all classes are up to date.
[INFO] 
[INFO] --- resources:3.4.0:testResources (default-testResources) @ cobol-lower-adapters ---
[INFO] Copying 56 resources from src/test/resources to target/test-classes
[INFO] 
[INFO] --- compiler:3.13.0:testCompile (default-testCompile) @ cobol-lower-adapters ---
[INFO] Nothing to compile - all classes are up to date.
[INFO] 
[INFO] --- surefire:3.5.4:test (default-test) @ cobol-lower-adapters ---
[INFO] 
[INFO] --- exec:3.5.0:java (decoder-contract-suite) @ cobol-lower-adapters ---
SCALAR_PHYSICAL lines=60012 sp_bytes=5339 air_bytes=32237
SCALAR_AIR bytes=32138 sha256=dd3bb4819282e609a97937ea01b7e202786e2c2d9ba9c8a1821a8b982eeb8788 publication=77ae4cc3ed75332c64011efce81c431b
CALL_PLACEMENT_CHALLENGE=I-04; byte-exact restoration; second GREEN
LOWER_CALL_INTEGRATION_TESTS=153
PERFORMANCE_DECODER n=1 bytes=2663 nodes=119 physical=117 elapsed_ns=10152251 java=21.0.12.1 os=Linux heap_used=245045400
PERFORMANCE_DECODER n=64 bytes=50267 nodes=2450 physical=2322 elapsed_ns=21133416 java=21.0.12.1 os=Linux heap_used=253434008
PERFORMANCE_DECODER n=128 bytes=98738 nodes=4818 physical=4562 elapsed_ns=34768587 java=21.0.12.1 os=Linux heap_used=269162648
PERFORMANCE_DECODER n=1024 bytes=778877 nodes=37970 physical=35922 elapsed_ns=200908305 java=21.0.12.1 os=Linux heap_used=387651736
PERFORMANCE_DECODER n=2048 bytes=1559165 nodes=75858 physical=71762 elapsed_ns=223498374 java=21.0.12.1 os=Linux heap_used=325714064
LOWER_TESTS=471
LOWER_PERFORMANCE_TESTS=40
[INFO] 
[INFO] --- exec:3.5.0:java (air-output-suite) @ cobol-lower-adapters ---
LOCAL_ID_BIJECTION=20 id_occurrences=163 old_air_bytes=15720
COMPACT_AIR_BYTES=13827
SCALAR_AIR_SCALE data=250 moves=250 objects=250 cells=250 assigns=250 bytes=4766996 elapsed_nanos=643403233
SCALAR_AIR_SCALE data=500 moves=500 objects=500 cells=500 assigns=500 bytes=9521746 elapsed_nanos=753706487
SCALAR_AIR_SCALE data=1 moves=1000 objects=1 cells=1 assigns=1000 bytes=11212321
PRODUCTION_SUCCESS_PROBE data=400 moves=400 sp_bytes=1071738 air_bytes=7616219 exit=0
PRODUCTION_MEASUREMENT sp_bytes=18809400 nodes=1050154 physical_values=1030152 entities=190021
PRODUCTION_CAPACITY_PROBE data=1 moves=10000 exit=0 air_bytes=112117041 prior_debt=RESOLVED_BY_UPSTREAM_BASELINE
CAPACITY_SP moves=20000 bytes=38179536 nodes=2100154 container_depth=7 sha256=202ce49d1a632ab2997bd8d9beb0300c4c81bfd6935e0cdfa64a564a844f3a3e
CAPACITY_AIR moves=20000 data=1 statements=20001 operands=40000 entities=380021 references=140003 origins=240013 publication=66cf27c9e8562a9a8d46624b2412d512 shared_validator=PASS relational_oracle=PASS
CAPACITY_AIR moves=20000 data=1 statements=20001 operands=40000 entities=380021 references=140003 origins=240013 publication=66cf27c9e8562a9a8d46624b2412d512 shared_validator=PASS relational_oracle=PASS
CAPACITY_DETERMINISM=PASS complete Publication equality; no AIR codec override
LOWER_CAPACITY_TESTS=11
CAPACITY_STRING bytes=33559606 chars=33554433 PASS
LOWER_PRODUCTION_TESTS=24
LOWER_AIR_OUTPUT_TESTS=190
[INFO] 
[INFO] --- jar:3.4.2:jar (default-jar) @ cobol-lower-adapters ---
[INFO] ------------------------------------------------------------------------
[INFO] Reactor Summary for cobol-lower 0.1.0-SNAPSHOT:
[INFO] 
[INFO] cobol-lower ........................................ SUCCESS [  0.001 s]
[INFO] cobol-lower-core ................................... SUCCESS [  4.556 s]
[INFO] cobol-lower-adapters ............................... SUCCESS [ 40.626 s]
[INFO] ------------------------------------------------------------------------
[INFO] BUILD SUCCESS
[INFO] ------------------------------------------------------------------------
[INFO] Total time:  45.290 s
[INFO] Finished at: 2026-09-11T15:00:52-03:00
[INFO] ------------------------------------------------------------------------
SEMANTIC_TEST_COUNT=203971
PERFORMANCE_TEST_COUNT=96
FULL_COMPONENT_PASS=performance
[INFO] Scanning for projects...
[INFO] 
[INFO] ---------------< io.github.gustavo2358:cobol-lower-core >---------------
[INFO] Building cobol-lower-core 0.1.0-SNAPSHOT
[INFO]   from pom.xml
[INFO] --------------------------------[ jar ]---------------------------------
[INFO] 
[INFO] --- dependency:3.8.1:tree (default-cli) @ cobol-lower-core ---
[INFO] Wrote dependency tree to: /home/gustavo/workspace/teste-e2e/cobol-lower/core/target/dependency-tree.json
[INFO] ------------------------------------------------------------------------
[INFO] BUILD SUCCESS
[INFO] ------------------------------------------------------------------------
[INFO] Total time:  0.891 s
[INFO] Finished at: 2026-09-11T15:00:54-03:00
[INFO] ------------------------------------------------------------------------
FULL_COMPONENT_PASS=architecture
PR_INITIAL_CREATION_PENDING: only before the first certified commit
FULL_COMPONENT_PASS=git
test_call_suites_cannot_be_skipped (test_air_output_gate.AirOutputGate.test_call_suites_cannot_be_skipped) ... ok
test_capacity_proof_is_mandatory_in_performance (test_air_output_gate.AirOutputGate.test_capacity_proof_is_mandatory_in_performance) ... ok
test_core_codec_maven_is_forbidden (test_air_output_gate.AirOutputGate.test_core_codec_maven_is_forbidden) ... ok
test_core_codec_source_is_forbidden (test_air_output_gate.AirOutputGate.test_core_codec_source_is_forbidden) ... ok
test_missing_zero_or_duplicate_suite_rejected (test_air_output_gate.AirOutputGate.test_missing_zero_or_duplicate_suite_rejected) ... ok
test_output_suite_present (test_air_output_gate.AirOutputGate.test_output_suite_present) ... ok
test_production_limit_order_is_mandatory_in_performance (test_air_output_gate.AirOutputGate.test_production_limit_order_is_mandatory_in_performance) ... ok
test_production_probe_is_mandatory (test_air_output_gate.AirOutputGate.test_production_probe_is_mandatory) ... ok
test_w1b_tree_receipt_must_match_pin (test_air_output_gate.AirOutputGate.test_w1b_tree_receipt_must_match_pin) ... ok
test_copied_codec_ownership (test_air_output_gate.OutputOwnership.test_copied_codec_ownership) ... ok
test_shaded_and_bundled_codec (test_air_output_gate.OutputOwnership.test_shaded_and_bundled_codec) ... ok
test_shared_codec_cannot_be_test_only (test_air_output_gate.OutputOwnership.test_shared_codec_cannot_be_test_only) ... ok
test_class_retention_annotation (test_architecture.Architecture.test_class_retention_annotation) ... ok
test_compiled_api_and_internal_use (test_architecture.Architecture.test_compiled_api_and_internal_use) ... ok
test_dependency_tree (test_architecture.Architecture.test_dependency_tree) ... ok
test_hash4j_dependency_is_pinned (test_architecture.Architecture.test_hash4j_dependency_is_pinned) ... ok
test_identity_hash_vocabulary (test_architecture.Architecture.test_identity_hash_vocabulary) ... ok
test_shared_vocabulary (test_architecture.Architecture.test_shared_vocabulary) ... ok
test_source_counterexamples (test_architecture.Architecture.test_source_counterexamples) ... ok
test_baseline_not_green (test_certificate.Certification.test_baseline_not_green) ... ok
test_controlled_complete_record (test_certificate.Certification.test_controlled_complete_record) ... ok
test_duplicate_review_identity (test_certificate.Certification.test_duplicate_review_identity) ... ok
test_false_independent_review (test_certificate.Certification.test_false_independent_review) ... ok
test_freeze_incomplete (test_certificate.Certification.test_freeze_incomplete) ... ok
test_freeze_normative_reference_removed (test_certificate.Certification.test_freeze_normative_reference_removed) ... ok
test_gate_absent (test_certificate.Certification.test_gate_absent) ... ok
test_gate_set_cannot_shrink (test_certificate.Certification.test_gate_set_cannot_shrink) ... ok
test_missing_log (test_certificate.Certification.test_missing_log) ... ok
test_regression_absent (test_certificate.Certification.test_regression_absent) ... ok
test_regression_missing_semantic (test_certificate.Certification.test_regression_missing_semantic) ... ok
test_required_null_field_missing (test_certificate.Certification.test_required_null_field_missing) ... ok
test_required_result_not_success (test_certificate.Certification.test_required_result_not_success) ... ok
test_restoration_digest (test_certificate.Certification.test_restoration_digest) ... ok
test_second_green_missing (test_certificate.Certification.test_second_green_missing) ... ok
test_specified_gate_is_not_pass (test_certificate.Certification.test_specified_gate_is_not_pass) ... ok
test_unrestored (test_certificate.Certification.test_unrestored) ... ok
test_wrong_review_reference (test_certificate.Certification.test_wrong_review_reference) ... ok
test_zero_tests (test_certificate.Certification.test_zero_tests) ... ok
test_active_completed (test_checks.Documents.test_active_completed) ... ok
test_advance_without_dependency (test_checks.Documents.test_advance_without_dependency) ... ok
test_baseline (test_checks.Documents.test_baseline) ... ok
test_broken_anchor (test_checks.Documents.test_broken_anchor) ... ok
test_broken_link (test_checks.Documents.test_broken_link) ... ok
test_current_not_authorized (test_checks.Documents.test_current_not_authorized) ... ok
test_default_mode_multiple (test_checks.Documents.test_default_mode_multiple) ... ok
test_duplicate_work (test_checks.Documents.test_duplicate_work) ... ok
test_empty_authorization (test_checks.Documents.test_empty_authorization) ... ok
test_external_scope (test_checks.Documents.test_external_scope) ... ok
test_invariant_missing (test_checks.Documents.test_invariant_missing) ... ok
test_missing_authority (test_checks.Documents.test_missing_authority) ... ok
test_nonexistent_checkpoint (test_checks.Documents.test_nonexistent_checkpoint) ... ok
test_required_read_missing (test_checks.Documents.test_required_read_missing) ... ok
test_scope_without_planned (test_checks.Documents.test_scope_without_planned) ... ok
test_source_hash (test_checks.Documents.test_source_hash) ... ok
test_source_revision (test_checks.Documents.test_source_revision) ... ok
test_correct_sha_success (test_checks.Remote.test_correct_sha_success) ... ok
test_missing (test_checks.Remote.test_missing) ... ok
test_no_push (test_checks.Remote.test_no_push) ... ok
test_non_success_states (test_checks.Remote.test_non_success_states) ... ok
test_old_sha (test_checks.Remote.test_old_sha) ... ok
test_wrong_producer (test_checks.Remote.test_wrong_producer) ... ok
test_altered_merge_evidence_rejected (test_ci_bootstrap.CiBootstrap.test_altered_merge_evidence_rejected) ... ok
test_ambiguous_merged_pr_rejected (test_ci_bootstrap.CiBootstrap.test_ambiguous_merged_pr_rejected) ... ok
test_branch_execution_keeps_exact_head (test_ci_bootstrap.CiBootstrap.test_branch_execution_keeps_exact_head) ... ok
test_explicit_matching_pr_accepted (test_ci_bootstrap.CiBootstrap.test_explicit_matching_pr_accepted) ... ok
test_explicit_wrong_pr_rejected (test_ci_bootstrap.CiBootstrap.test_explicit_wrong_pr_rejected) ... ok
test_initial_cp0_selects_historical_head (test_ci_bootstrap.CiBootstrap.test_initial_cp0_selects_historical_head) ... ok
test_invalid_event_ref_rejected (test_ci_bootstrap.CiBootstrap.test_invalid_event_ref_rejected) ... ok
test_known_pr_later_checkpoint_accepted (test_ci_bootstrap.CiBootstrap.test_known_pr_later_checkpoint_accepted) ... ok
test_merged_pr_still_rejects_execution (test_ci_bootstrap.CiBootstrap.test_merged_pr_still_rejects_execution) ... ok
test_missing_merged_pr_rejected (test_ci_bootstrap.CiBootstrap.test_missing_merged_pr_rejected) ... ok
test_null_later_checkpoint_rejected (test_ci_bootstrap.CiBootstrap.test_null_later_checkpoint_rejected) ... ok
test_unmerged_pr_rejected (test_ci_bootstrap.CiBootstrap.test_unmerged_pr_rejected) ... ok
test_unrelated_head_rejected (test_ci_bootstrap.CiBootstrap.test_unrelated_head_rejected) ... ok
test_wrong_base_branch_rejected (test_ci_bootstrap.CiBootstrap.test_wrong_base_branch_rejected) ... ok
test_wrong_base_repository_rejected (test_ci_bootstrap.CiBootstrap.test_wrong_base_repository_rejected) ... ok
test_wrong_branch_rejected (test_ci_bootstrap.CiBootstrap.test_wrong_branch_rejected) ... ok
test_wrong_event_sha_rejected (test_ci_bootstrap.CiBootstrap.test_wrong_event_sha_rejected) ... ok
test_wrong_merge_sha_rejected (test_ci_bootstrap.CiBootstrap.test_wrong_merge_sha_rejected) ... ok
test_wrong_repository_rejected (test_ci_bootstrap.CiBootstrap.test_wrong_repository_rejected) ... ok
test_arbitrary_document_change_rejected (test_closeout.Closeout.test_arbitrary_document_change_rejected) ... ok
test_certificate_change_rejected (test_closeout.Closeout.test_certificate_change_rejected) ... ok
test_closeout_selects_certified_parent_for_historical_audit (test_closeout.Closeout.test_closeout_selects_certified_parent_for_historical_audit) ... ok
test_contract_change_rejected (test_closeout.Closeout.test_contract_change_rejected) ... ok
test_merged_closeout_still_audits_certified_parent (test_closeout.Closeout.test_merged_closeout_still_audits_certified_parent) ... ok
test_normal_head_keeps_execution_mode (test_closeout.Closeout.test_normal_head_keeps_execution_mode) ... ok
test_product_change_rejected (test_closeout.Closeout.test_product_change_rejected) ... ok
test_source_lock_change_rejected (test_closeout.Closeout.test_source_lock_change_rejected) ... ok
test_unrelated_registry_change_rejected (test_closeout.Closeout.test_unrelated_registry_change_rejected) ... ok
test_unrelated_work_rejected (test_closeout.Closeout.test_unrelated_work_rejected) ... ok
test_work_still_active_rejected (test_closeout.Closeout.test_work_still_active_rejected) ... ok
test_wrong_remote_pr_rejected (test_closeout.Closeout.test_wrong_remote_pr_rejected) ... ok
test_active_resolution_and_old_baseline (test_closure.Closure.test_active_resolution_and_old_baseline) ... ok
test_arbitrary_history_does_not_authorize_code (test_closure.Closure.test_arbitrary_history_does_not_authorize_code) ... ok
test_backlog_not_closed (test_closure.Closure.test_backlog_not_closed) ... ok
test_closed_baseline (test_closure.Closure.test_closed_baseline) ... ok
test_closed_resolution (test_closure.Closure.test_closed_resolution) ... ok
test_dependency_receipt_missing (test_closure.Closure.test_dependency_receipt_missing) ... ok
test_duplicate_registration (test_closure.Closure.test_duplicate_registration) ... ok
test_external_manifest (test_closure.Closure.test_external_manifest) ... ok
test_failed_certificate_is_not_certifiable (test_closure.Closure.test_failed_certificate_is_not_certifiable) ... ok
test_final_checkpoint_not_authorized (test_closure.Closure.test_final_checkpoint_not_authorized) ... ok
test_git_mismatch (test_closure.Closure.test_git_mismatch) ... ok
test_index_missing (test_closure.Closure.test_index_missing) ... ok
test_missing_authority (test_closure.Closure.test_missing_authority) ... ok
test_missing_evidence (test_closure.Closure.test_missing_evidence) ... ok
test_missing_registration_no_fallback (test_closure.Closure.test_missing_registration_no_fallback) ... ok
test_unregistered_active_copy (test_closure.Closure.test_unregistered_active_copy) ... ok
test_explicit_v2_unmerged_remediation_positive (test_execution_authority.ExecutionAuthority.test_explicit_v2_unmerged_remediation_positive) ... ok
test_history_without_explicit_remediation_does_not_authorize (test_execution_authority.ExecutionAuthority.test_history_without_explicit_remediation_does_not_authorize) ... ok
test_merged_v2_remediation_is_not_execution_authority (test_execution_authority.ExecutionAuthority.test_merged_v2_remediation_is_not_execution_authority) ... ok
test_absent_zero_and_incomplete_performance_suites (test_full.Full.test_absent_zero_and_incomplete_performance_suites) ... ok
test_all_required_components_once (test_full.Full.test_all_required_components_once) ... SEMANTIC_TEST_COUNT=2
SEMANTIC_TEST_COUNT=2
FULL_COMPONENT_PASS=docs
FULL_COMPONENT_PASS=semantic
FULL_COMPONENT_PASS=performance
FULL_COMPONENT_PASS=architecture
FULL_COMPONENT_PASS=git
FULL_COMPONENT_PASS=harness-tests
FULL_COMPONENT_PASS=challenge
ok
test_cannot_shrink_or_expand_required_set (test_full.Full.test_cannot_shrink_or_expand_required_set) ... ok
test_failed_leaf_propagates (test_full.Full.test_failed_leaf_propagates) ... FULL_COMPONENT_PASS=docs
FULL_COMPONENT_PASS=semantic
ok
test_full_wiring_does_not_substitute_a_leaf (test_full.Full.test_full_wiring_does_not_substitute_a_leaf) ... FULL_COMPONENT_PASS=docs
FULL_COMPONENT_PASS=semantic
FULL_COMPONENT_PASS=performance
FULL_COMPONENT_PASS=architecture
FULL_COMPONENT_PASS=git
FULL_COMPONENT_PASS=harness-tests
FULL_COMPONENT_PASS=challenge
ok
test_local_git_keeps_branch_preflight (test_full.Full.test_local_git_keeps_branch_preflight) ... ok
test_missing_runner (test_full.Full.test_missing_runner) ... ok
test_published_git_cannot_bypass_certificate (test_full.Full.test_published_git_cannot_bypass_certificate) ... ok
test_published_git_rejects_uncertified_record (test_full.Full.test_published_git_rejects_uncertified_record) ... ok
test_published_git_rejects_wrong_head_and_dirty (test_full.Full.test_published_git_rejects_wrong_head_and_dirty) ... ok
test_published_git_requires_exact_clean_head (test_full.Full.test_published_git_requires_exact_clean_head) ... ok
test_real_nonzero_performance_suites (test_full.Full.test_real_nonzero_performance_suites) ... ok
test_commit_missing_evidence (test_git.GitIdentity.test_commit_missing_evidence) ... fatal: path 'docs/quality/WORK-LOWER-001/CP0.json' does not exist in '8f93ebbb82905263756366940d23286cf7a51f0c'
ok
test_complete_candidate (test_git.GitIdentity.test_complete_candidate) ... ok
test_evidence_not_the_committed_record (test_git.GitIdentity.test_evidence_not_the_committed_record) ... ok
test_extra_exclusion (test_git.GitIdentity.test_extra_exclusion) ... ok
test_frozen_bytes (test_git.GitIdentity.test_frozen_bytes) ... ok
test_missing_revision (test_git.GitIdentity.test_missing_revision) ... fatal: path 'contract.md' exists on disk, but not in 'ffffffffffffffffffffffffffffffffffffffff'
ok
test_missing_trailer (test_git.GitIdentity.test_missing_trailer) ... ok
test_published_commit (test_git.GitIdentity.test_published_commit) ... ok
test_select_current_checkpoint_trailer (test_git.GitIdentity.test_select_current_checkpoint_trailer) ... ok
test_select_rejects_missing_trailer (test_git.GitIdentity.test_select_rejects_missing_trailer) ... ok
test_select_rejects_unsafe_and_duplicate_trailers (test_git.GitIdentity.test_select_rejects_unsafe_and_duplicate_trailers) ... ok
test_unstaged (test_git.GitIdentity.test_unstaged) ... ok
test_untracked (test_git.GitIdentity.test_untracked) ... ok
test_wrong_digest (test_git.GitIdentity.test_wrong_digest) ... ok
test_immutable_oracle_candidate_and_committed_bytes (test_human_review.FreezeCandidate.test_immutable_oracle_candidate_and_committed_bytes) ... ok
test_reference_only_may_change (test_human_review.FreezeCandidate.test_reference_only_may_change) ... ok
test_usage_missing_or_unknown_rejected_v2 (test_human_review.FreezeCandidate.test_usage_missing_or_unknown_rejected_v2) ... ok
test_execution_merged_rejected (test_human_review.RemoteLifecycle.test_execution_merged_rejected) ... ok
test_execution_open_positive (test_human_review.RemoteLifecycle.test_execution_open_positive) ... ok
test_historical_gate_is_read_only_and_requires_certificate (test_human_review.RemoteLifecycle.test_historical_gate_is_read_only_and_requires_certificate) ... ok
test_historical_merged_positive (test_human_review.RemoteLifecycle.test_historical_merged_positive) ... ok
test_reconciliation_pending_open_and_stale_open_after_merge (test_human_review.RemoteLifecycle.test_reconciliation_pending_open_and_stale_open_after_merge) ... ok
test_reconciliation_reviewed_open_and_merged (test_human_review.RemoteLifecycle.test_reconciliation_reviewed_open_and_merged) ... ok
test_review_of_other_sha_not_current_approval (test_human_review.RemoteLifecycle.test_review_of_other_sha_not_current_approval) ... ok
test_wrong_sha_success_still_rejected (test_human_review.RemoteLifecycle.test_wrong_sha_success_still_rejected) ... ok
test_active_rejects_self_consistent_wrong_receipt (test_human_review.ReviewDocuments.test_active_rejects_self_consistent_wrong_receipt) ... ok
test_dependency_wrong_checkpoint_identity (test_human_review.ReviewDocuments.test_dependency_wrong_checkpoint_identity) ... ok
test_history_never_authorizes_execution (test_human_review.ReviewDocuments.test_history_never_authorizes_execution) ... ok
test_history_rejects_self_consistent_wrong_receipt (test_human_review.ReviewDocuments.test_history_rejects_self_consistent_wrong_receipt) ... ok
test_legacy_schema_is_auditable_but_not_new_execution_authority (test_human_review.ReviewDocuments.test_legacy_schema_is_auditable_but_not_new_execution_authority) ... ok
test_merged_history_cannot_authorize_even_remediation (test_human_review.ReviewDocuments.test_merged_history_cannot_authorize_even_remediation) ... ok
test_no_git_or_invalid_candidate_is_not_success (test_human_review.ReviewDocuments.test_no_git_or_invalid_candidate_is_not_success) ... ok
test_receipt_matching_certified_commit_positive (test_human_review.ReviewDocuments.test_receipt_matching_certified_commit_positive) ... ok
test_receipt_wrong_pr_rejected (test_human_review.ReviewDocuments.test_receipt_wrong_pr_rejected) ... ok
test_resolver_positive_and_wrong_identity (test_human_review.ReviewDocuments.test_resolver_positive_and_wrong_identity) ... ok
test_reviewed_merged_history_valid_read_only (test_human_review.ReviewDocuments.test_reviewed_merged_history_valid_read_only) ... ok
test_reviewed_open_history_valid (test_human_review.ReviewDocuments.test_reviewed_open_history_valid) ... ok
test_ci_wrong_event_sha_rejected (test_human_review.WorkflowPolicy.test_ci_wrong_event_sha_rejected) ... ok
test_main_missing_ambiguous_or_wrong_merge_sha_rejected (test_human_review.WorkflowPolicy.test_main_missing_ambiguous_or_wrong_merge_sha_rejected) ... ok
test_main_uses_proven_pr_head_as_read_only (test_human_review.WorkflowPolicy.test_main_uses_proven_pr_head_as_read_only) ... ok
test_new_work_branch_uses_own_evidence_without_first_branch_name (test_human_review.WorkflowPolicy.test_new_work_branch_uses_own_evidence_without_first_branch_name) ... ok
test_push_policy_covers_new_work_branch_and_main (test_human_review.WorkflowPolicy.test_push_policy_covers_new_work_branch_and_main) ... ok
test_required_check_identity_remains_explicit (test_human_review.WorkflowPolicy.test_required_check_identity_remains_explicit) ... ok
test_missing_current_link_resolves_only_unchanged_historical_evidence (test_output_lifecycle.HistoricalLinks.test_missing_current_link_resolves_only_unchanged_historical_evidence) ... ok
test_absent_review_needs_complete_honest_observation (test_output_lifecycle.OutputLifecycle.test_absent_review_needs_complete_honest_observation) ... ok
test_actual_merge_without_recorded_review (test_output_lifecycle.OutputLifecycle.test_actual_merge_without_recorded_review) ... ok
test_remote_observation_is_checked_against_actual_metadata (test_output_lifecycle.OutputLifecycle.test_remote_observation_is_checked_against_actual_metadata) ... ok
test_complete_controlled_remediation (test_remediation_certificate.RemediationCertificate.test_complete_controlled_remediation) ... ok
test_normative_contract_and_grant_cannot_disappear (test_remediation_certificate.RemediationCertificate.test_normative_contract_and_grant_cannot_disappear) ... ok
test_not_cp6_and_no_gate_shrink (test_remediation_certificate.RemediationCertificate.test_not_cp6_and_no_gate_shrink) ... ok
test_recovery_sha_and_path_cannot_come_from_receipt (test_remediation_certificate.RemediationCertificate.test_recovery_sha_and_path_cannot_come_from_receipt) ... ok
test_source_lock_cannot_be_reference_only (test_remediation_certificate.RemediationCertificate.test_source_lock_cannot_be_reference_only) ... ok

----------------------------------------------------------------------
Ran 175 tests in 44.367s

OK
{"number": 2, "url": "https://github.com/Gustavo2358/cobol-lower/pull/2", "state": "OPEN", "headRefOid": "5a00a152d3c05793dad825c16226867c493ee31b", "headRefName": "feat/first-entry-goback-slice", "baseRefName": "main", "isDraft": false, "autoMergeRequest": null, "reviewDecision": "APPROVED", "mergeCommit": null}
{"number": 2, "url": "https://github.com/Gustavo2358/cobol-lower/pull/2", "state": "MERGED", "headRefOid": "5a00a152d3c05793dad825c16226867c493ee31b", "headRefName": "feat/first-entry-goback-slice", "baseRefName": "main", "isDraft": false, "autoMergeRequest": null, "reviewDecision": "APPROVED", "mergeCommit": {"oid": "bbbbbbbbbbbbbbbbbbbbbbbbbbbbbbbbbbbbbbbb"}}
FULL_COMPONENT_PASS=harness-tests
{"id": "DOC-LINK", "baseline_exit_code": 0, "observed_exit_code": 1, "failure_reason": ["LINK README.md: missing.md"], "baseline_digest": "ab9fad5643c89020ff7630101077411ead5d080fd48fe0ee86c9dfc110748b3e"}
{"id": "DOC-LINK", "restoration_status": "RESTORED", "restored_digest": "ab9fad5643c89020ff7630101077411ead5d080fd48fe0ee86c9dfc110748b3e", "green_exit_code": 0}
{"id": "DOC-INVARIANT", "baseline_exit_code": 0, "observed_exit_code": 1, "failure_reason": ["INVARIANT EVAL-LWR-001: INV-LWR-999"], "baseline_digest": "ff3012b592345a07db18845b79490765b6ad6864eeed7315767120de22422aa2"}
{"id": "DOC-INVARIANT", "restoration_status": "RESTORED", "restored_digest": "ff3012b592345a07db18845b79490765b6ad6864eeed7315767120de22422aa2", "green_exit_code": 0}
{"id": "DOC-HISTORY-AUTH", "baseline_exit_code": 0, "observed_exit_code": 1, "failure_reason": ["HISTORY DEPENDENCY/REGISTRATION WORK-LOWER-001: final checkpoint authorization"], "baseline_digest": "a073dab203b93715bfc8f2c09a2aaebe0001d30b9bbab9ff0641ea89345741ed"}
{"id": "DOC-HISTORY-AUTH", "restoration_status": "RESTORED", "restored_digest": "a073dab203b93715bfc8f2c09a2aaebe0001d30b9bbab9ff0641ea89345741ed", "green_exit_code": 0}
{"id": "DOC-HISTORY-GIT", "baseline_exit_code": 0, "observed_exit_code": 1, "failure_reason": ["HISTORY DEPENDENCY/REGISTRATION WORK-LOWER-001: historical remote observation incoherent"], "baseline_digest": "a073dab203b93715bfc8f2c09a2aaebe0001d30b9bbab9ff0641ea89345741ed"}
{"id": "DOC-HISTORY-GIT", "restoration_status": "RESTORED", "restored_digest": "a073dab203b93715bfc8f2c09a2aaebe0001d30b9bbab9ff0641ea89345741ed", "green_exit_code": 0}
{"id": "DOC-HISTORY-TRUST", "baseline_exit_code": 0, "observed_exit_code": 1, "failure_reason": ["LINK docs/quality/WORK-LOWER-002/CP0-review.md: ../../work/active/WORK-LOWER-002/spec.md", "HISTORY DEPENDENCY/REGISTRATION WORK-LOWER-999: 'review_status'", "UNAUTHORIZED_IMPLEMENTATION docs-only"], "baseline_digest": "88be6009ead85638da02fe62bc6db8b2502e57eb63b6f553247ff2203555f1f8"}
{"id": "DOC-HISTORY-TRUST", "restoration_status": "RESTORED", "restored_digest": "88be6009ead85638da02fe62bc6db8b2502e57eb63b6f553247ff2203555f1f8", "green_exit_code": 0}
{"id": "DOC-ACTIVE-COMPLETED", "baseline_exit_code": 0, "observed_exit_code": 1, "failure_reason": ["LIFECYCLE active WORK-LOWER-001: completed", "REGISTRY WORK-LOWER-001"], "baseline_digest": "2daa5c634aede07bea6adeda9a787486bfa9309804f5cf2c10318b7e0aa32017"}
{"id": "DOC-ACTIVE-COMPLETED", "restoration_status": "RESTORED", "restored_digest": "2daa5c634aede07bea6adeda9a787486bfa9309804f5cf2c10318b7e0aa32017", "green_exit_code": 0}
{"id": "DOC-MUST-READ", "baseline_exit_code": 0, "observed_exit_code": 1, "failure_reason": ["MUST_READ WORK-LOWER-001: docs/missing.md"], "baseline_digest": "2daa5c634aede07bea6adeda9a787486bfa9309804f5cf2c10318b7e0aa32017"}
{"id": "DOC-MUST-READ", "restoration_status": "RESTORED", "restored_digest": "2daa5c634aede07bea6adeda9a787486bfa9309804f5cf2c10318b7e0aa32017", "green_exit_code": 0}
{"id": "ARCH-PATH-API-BYTECODE", "baseline_exit_code": 0, "observed_exit_code": 1, "failure_reason": ["ARCH_BYTECODE forbidden type/member/annotation", "ARCH_API forbidden signature"], "baseline_digest": "1dd4a771b9cbfd3a52efe05969e1ca018ba7601f916f0d03163285369d1093b1"}
{"id": "ARCH-PATH-API-BYTECODE", "restoration_status": "RESTORED", "restored_digest": "1dd4a771b9cbfd3a52efe05969e1ca018ba7601f916f0d03163285369d1093b1", "green_exit_code": 0}
{"id": "ARCH-PATH-INTERNAL", "baseline_exit_code": 0, "observed_exit_code": 1, "failure_reason": ["ARCH_BYTECODE forbidden type/member/annotation"], "baseline_digest": "1dd4a771b9cbfd3a52efe05969e1ca018ba7601f916f0d03163285369d1093b1"}
{"id": "ARCH-PATH-INTERNAL", "restoration_status": "RESTORED", "restored_digest": "1dd4a771b9cbfd3a52efe05969e1ca018ba7601f916f0d03163285369d1093b1", "green_exit_code": 0}
{"id": "ARCH-PATH-SOURCE", "baseline_exit_code": 0, "observed_exit_code": 1, "failure_reason": ["ARCH_SOURCE forbidden dependency"], "baseline_digest": "1dd4a771b9cbfd3a52efe05969e1ca018ba7601f916f0d03163285369d1093b1"}
{"id": "ARCH-PATH-SOURCE", "restoration_status": "RESTORED", "restored_digest": "1dd4a771b9cbfd3a52efe05969e1ca018ba7601f916f0d03163285369d1093b1", "green_exit_code": 0}
PASS CHALLENGE: 10 restored falsifications and second GREEN
{"id": "RETURN-HALT", "mutation": "new Operations.Return(header, List.of()) -> new Operations.Halt(header, Operations.HaltKind.NORMAL)", "expected_oracle": "typed GOBACK must be Return, never Halt", "baseline_exit_code": 0, "observed_exit_code": 1, "failure_reason": "java.lang.AssertionError: CP3 typed GOBACK must be Return, never Halt", "baseline_digest": "a0f47b78d428ba66eed85f74606a8eecdad22e3388e744ca85811f430a6ebff2", "restored_digest": "a0f47b78d428ba66eed85f74606a8eecdad22e3388e744ca85811f430a6ebff2", "digest_scope": "core/src/main/java/io/github/gustavo2358/lower/application/EntryGobackLowerer.java", "restoration_status": "RESTORED", "green_command": "python3 scripts/harness/run.py performance (isolated copy)", "green_exit_code": 0, "baseline_output_sha256": "bf1a5db931b761d32192ad22270102d863cd8f0d51696249fa3663b24c1d1501", "red_output_sha256": "31bd82651c565440ca01a30337d00324a3c083507c1a8ed51f64c3b0b1f1ed45", "restored_output_sha256": "61df78820cf6e1a5096633d51ae0b4234fce3d20b5cfbfcd381724d1d0909d9b", "baseline_counts": ["SEMANTIC_TEST_COUNT=203971", "PERFORMANCE_TEST_COUNT=96"], "restored_counts": ["SEMANTIC_TEST_COUNT=203971", "PERFORMANCE_TEST_COUNT=96"]}
{"id": "OPEN-COMPLETE", "mutation": "Evidence.InventoryStatus.PARTIAL -> Evidence.InventoryStatus.COMPLETE", "expected_oracle": "alternative entry inventory stays PARTIAL", "baseline_exit_code": 0, "observed_exit_code": 1, "failure_reason": "java.lang.AssertionError: CP3 alternative entry inventory stays PARTIAL", "baseline_digest": "a0f47b78d428ba66eed85f74606a8eecdad22e3388e744ca85811f430a6ebff2", "restored_digest": "a0f47b78d428ba66eed85f74606a8eecdad22e3388e744ca85811f430a6ebff2", "digest_scope": "core/src/main/java/io/github/gustavo2358/lower/application/EntryGobackLowerer.java", "restoration_status": "RESTORED", "green_command": "python3 scripts/harness/run.py performance (isolated copy)", "green_exit_code": 0, "baseline_output_sha256": "2d7220d3c9381c50ee591adfe3ff631332e2644a15ab7735734b2517354890fc", "red_output_sha256": "5f3fd86b6c55f939998b0d103029620f0aafd4d7a5b853bd75cbe28272da0416", "restored_output_sha256": "c2205586eadefae18679ba4ac1df550309d55e4d680edee3b119a11e2593ab59", "baseline_counts": ["SEMANTIC_TEST_COUNT=203971", "PERFORMANCE_TEST_COUNT=96"], "restored_counts": ["SEMANTIC_TEST_COUNT=203971", "PERFORMANCE_TEST_COUNT=96"]}
{"id": "INDEX-SCAN", "mutation": "StatementFact lookup(StatementId id) { references++; return statements.get(id); } -> StatementFact lookup(StatementId id) { for (var candidate : statements.entrySet()) { references++; if (candidate.getKey().equals(id)) return candidate.getValue(); } return null; }", "expected_oracle": "reference ledger N+1, no repeated scan", "baseline_exit_code": 0, "observed_exit_code": 1, "failure_reason": "java.lang.AssertionError: CP4 performance reference ledger N+1, no repeated scan", "baseline_digest": "819e5481e99b0363a48b534d5c8099503206b7f1dad6cbde399c29fc8c096c82", "restored_digest": "819e5481e99b0363a48b534d5c8099503206b7f1dad6cbde399c29fc8c096c82", "digest_scope": "core/src/main/java/io/github/gustavo2358/lower/application/EntryGobackAdmission.java", "restoration_status": "RESTORED", "green_command": "python3 scripts/harness/run.py performance (isolated copy)", "green_exit_code": 0, "baseline_output_sha256": "5544d949edbd013dec7d5e5e599ea88ad22d1aac23ab016c85ffa72ce9ea3d3c", "red_output_sha256": "7ca3513fd3238136df592166d78586e516894ebed8564984b20ab458c30d4192", "restored_output_sha256": "e81b221367268b31b72a96bace77d19d320d2e68c4202650652eae1c81006c13", "baseline_counts": ["SEMANTIC_TEST_COUNT=203971", "PERFORMANCE_TEST_COUNT=96"], "restored_counts": ["SEMANTIC_TEST_COUNT=203971", "PERFORMANCE_TEST_COUNT=96"]}
PASS SEMANTIC CHALLENGE: 3 restored falsifications and second GREEN
{"id": "R1-A-RECEIPT", "mutation": "remote_errors(certificate[\"frozen_contract\"][\"required_remote_checks\"], expected, receipt) -> remote_errors(certificate[\"frozen_contract\"][\"required_remote_checks\"], receipt[\"pushed_sha\"], receipt)", "expected_oracle": "ReviewDocuments.test_history_rejects_self_consistent_wrong_receipt", "baseline_exit_code": 0, "observed_exit_code": 1, "failure_reason": "AssertionError: ReviewDocuments.test_history_rejects_self_consistent_wrong_receipt", "baseline_digest": "82bd3699843ed0ecf1542cd144606dfd1bceb5c1f159c838e7db72a35a30650f", "restored_digest": "82bd3699843ed0ecf1542cd144606dfd1bceb5c1f159c838e7db72a35a30650f", "digest_scope": "scripts/harness/checks.py", "restoration_status": "RESTORED", "green_exit_code": 0, "green_command": "python3 -B scripts/harness/tests/test_human_review.py ReviewDocuments.test_history_rejects_self_consistent_wrong_receipt -v (isolated copy)", "baseline_output_sha256": "4258babe6a9960c6f48b8dfbfa487e1601fe72150c3388f014e43719198a9005", "red_output_sha256": "9131d6fa9042cee9a1532fd32e0f7bf2c655899a361eba0b9f7f1fe891bb80f1", "restored_output_sha256": "ded5fd26b914f8fd32ab33780db97e4e05bdfe98ee4c61307ffd2ffd64fc3bf4"}
{"id": "R1-B-ORACLE", "mutation": "if usage == \"candidate_immutable\": -> if False and usage == \"candidate_immutable\":", "expected_oracle": "FreezeCandidate.test_immutable_oracle_candidate_and_committed_bytes", "baseline_exit_code": 0, "observed_exit_code": 1, "failure_reason": "AssertionError: FreezeCandidate.test_immutable_oracle_candidate_and_committed_bytes", "baseline_digest": "9016e4668322016423778aeb7ad69a1456eb4ffe6491a963af492ba8725a2be1", "restored_digest": "9016e4668322016423778aeb7ad69a1456eb4ffe6491a963af492ba8725a2be1", "digest_scope": "scripts/harness/git_checks.py", "restoration_status": "RESTORED", "green_exit_code": 0, "green_command": "python3 -B scripts/harness/tests/test_human_review.py FreezeCandidate.test_immutable_oracle_candidate_and_committed_bytes -v (isolated copy)", "baseline_output_sha256": "d0ee8d47f70a4f745f28f9ab0ff9e93b5b1d4a815eb2fa7da735d7eb6694a63d", "red_output_sha256": "7fa440359059022db4c6da98f5db34eb69f60b8e71927968e28d2e67132cc63c", "restored_output_sha256": "d0ee8d47f70a4f745f28f9ab0ff9e93b5b1d4a815eb2fa7da735d7eb6694a63d"}
{"id": "R1-C-AUTHORITY", "mutation": "if for_execution: -> if False and for_execution:", "expected_oracle": "ReviewDocuments.test_history_never_authorizes_execution", "baseline_exit_code": 0, "observed_exit_code": 1, "failure_reason": "AssertionError: ReviewDocuments.test_history_never_authorizes_execution", "baseline_digest": "82bd3699843ed0ecf1542cd144606dfd1bceb5c1f159c838e7db72a35a30650f", "restored_digest": "82bd3699843ed0ecf1542cd144606dfd1bceb5c1f159c838e7db72a35a30650f", "digest_scope": "scripts/harness/checks.py", "restoration_status": "RESTORED", "green_exit_code": 0, "green_command": "python3 -B scripts/harness/tests/test_human_review.py ReviewDocuments.test_history_never_authorizes_execution -v (isolated copy)", "baseline_output_sha256": "3f44850b7a0add82215f0d84cf004c954bd2a81e489c7dcba18488ec2da6eddb", "red_output_sha256": "625ba6ab8d6a305143e39e4b0e8df808fa2977dc331e03657c701706a95669a8", "restored_output_sha256": "80379ebd92cda5926e4b9b008432675a4a55fd27d95dbff0fbc6de25342f83b2"}
{"id": "R1-D-WORKFLOW", "mutation": "branches: ['**'] -> branches: ['feat/first-entry-goback-slice']", "expected_oracle": "WorkflowPolicy.test_push_policy_covers_new_work_branch_and_main", "baseline_exit_code": 0, "observed_exit_code": 1, "failure_reason": "AssertionError: WorkflowPolicy.test_push_policy_covers_new_work_branch_and_main", "baseline_digest": "06992bc0e4783b6d93d648f925bb0b395cf410478abd86f68479467333b4a8a0", "restored_digest": "06992bc0e4783b6d93d648f925bb0b395cf410478abd86f68479467333b4a8a0", "digest_scope": ".github/workflows/checkpoint.yml", "restoration_status": "RESTORED", "green_exit_code": 0, "green_command": "python3 -B scripts/harness/tests/test_human_review.py WorkflowPolicy.test_push_policy_covers_new_work_branch_and_main -v (isolated copy)", "baseline_output_sha256": "5dd8356a1c0243aa42e587a5b268634d3b1896f73494a6298772659ddb8e17ca", "red_output_sha256": "8297a5034b4ea736bd31813112c2f3300dba7f7d36c175f6e3ba2972fa1aa0f3", "restored_output_sha256": "5dd8356a1c0243aa42e587a5b268634d3b1896f73494a6298772659ddb8e17ca"}
{"id": "R1-E-SHA", "mutation": "and c.get(\"head_sha\") == sha -> and True", "expected_oracle": "RemoteLifecycle.test_wrong_sha_success_still_rejected", "baseline_exit_code": 0, "observed_exit_code": 1, "failure_reason": "AssertionError: RemoteLifecycle.test_wrong_sha_success_still_rejected", "baseline_digest": "82bd3699843ed0ecf1542cd144606dfd1bceb5c1f159c838e7db72a35a30650f", "restored_digest": "82bd3699843ed0ecf1542cd144606dfd1bceb5c1f159c838e7db72a35a30650f", "digest_scope": "scripts/harness/checks.py", "restoration_status": "RESTORED", "green_exit_code": 0, "green_command": "python3 -B scripts/harness/tests/test_human_review.py RemoteLifecycle.test_wrong_sha_success_still_rejected -v (isolated copy)", "baseline_output_sha256": "56a52249fcb5480b0fc3614d23b807ab8b9c450efc2dccd8c06af0808e941812", "red_output_sha256": "ae44ded81aeda83f030b4f50b834f2ed01da3596c74aae8e1bd384cf170f8eb3", "restored_output_sha256": "56a52249fcb5480b0fc3614d23b807ab8b9c450efc2dccd8c06af0808e941812"}
PASS REVIEW CHALLENGE: 5 restored falsifications and second GREEN
{"id": "AIR-JACKSON", "mutation": "codec.encode(publication) -> new com.fasterxml.jackson.databind.ObjectMapper().writeValueAsBytes(publication)", "expected_oracle": "ARCH_AIR_OUTPUT JSON library", "observed_exit_code": 1, "failure_reason": "ARCH_AIR_OUTPUT JSON library outside SP input: /tmp/lower-output-challenge-51ifhpl3/adapters/src/main/java/io/github/gustavo2358/lower/adapters/air/AirFileOutput.java", "baseline_exit_code": 0, "baseline_digest": "f2abf9d185c5e19624334955397538a97f25e0e381704a52bd4e5fcea12f477d", "restored_digest": "f2abf9d185c5e19624334955397538a97f25e0e381704a52bd4e5fcea12f477d", "restoration_status": "RESTORED", "green_command": "python3 scripts/harness/run.py semantic; focal boundary (isolated copy)", "green_exit_code": 0, "baseline_output_sha256": "854ec35da9109529eabc78adf3741d535cf248d2b04fb734273cd8cb2e7f26b5", "red_output_sha256": "a8d486eb385abe2e372b92ee491a1c403b13d38cae8ec2819e0850680ca21156", "restored_output_sha256": "3f6fea9e5578051f274721da4db9eece30399b156fe129fce3e16e2a528acd8a"}
{"id": "AIR-NEWLINE", "mutation": "files.write(temporary, bytes); -> files.write(temporary, (new String(bytes, java.nio.charset.StandardCharsets.UTF_8) + \"\\n\").getBytes(java.nio.charset.StandardCharsets.UTF_8));", "expected_oracle": "exact shared codec bytes", "observed_exit_code": 1, "failure_reason": "java.lang.AssertionError: AIR_OUTPUT exact shared codec bytes", "baseline_exit_code": 0, "baseline_digest": "f2abf9d185c5e19624334955397538a97f25e0e381704a52bd4e5fcea12f477d", "restored_digest": "f2abf9d185c5e19624334955397538a97f25e0e381704a52bd4e5fcea12f477d", "restoration_status": "RESTORED", "green_command": "python3 scripts/harness/run.py semantic; focal semantic (isolated copy)", "green_exit_code": 0, "baseline_output_sha256": "cf0199c8a83281294b7a97c2a56d64385475b133cff0ca697eb16360bc2a2ced", "red_output_sha256": "e1cbb28a204397150daf3594537be6cfcf8c0675a0dd166f5b3519d86cbee7ea", "restored_output_sha256": "4fd5468f59f338d6282fcee57fee38c8ea56fd8cc71b792a257b09d1da1bed24"}
{"id": "NON-SUCCESS-WRITES", "mutation": "err.println(\"Lowering \" + result.status()); -> try { output.write(new CobolLowerer().lower(result.admission().input().orElseThrow(), options).publication().orElseThrow(), destination); }\n            catch (IOException ex) { throw new IllegalStateException(ex); }\n            err.println(\"Lowering \" + result.status());", "expected_oracle": "non-SUCCESS never invokes physical output", "observed_exit_code": 1, "failure_reason": "Exception in thread \"main\" java.lang.AssertionError: AIR_OUTPUT non-SUCCESS never invokes physical output", "baseline_exit_code": 0, "baseline_digest": "cd076a74f28972878fb5d3f95f722ef506e92a338fdf2585dbf32ca2c6b2520a", "restored_digest": "cd076a74f28972878fb5d3f95f722ef506e92a338fdf2585dbf32ca2c6b2520a", "restoration_status": "RESTORED", "green_command": "python3 scripts/harness/run.py semantic; focal output (isolated copy)", "green_exit_code": 0, "baseline_output_sha256": "fb72fc4e640be2cc4b8c67080ccfcf20859b42c78f57a8d6892f7e6c28ff3777", "red_output_sha256": "8d01dd70b0293c08850287030a9324d7c19a4355943fd19e3437d3670b11aab8", "restored_output_sha256": "01770b6c9926037a70fafe683a1e343061aa1356fe9001dd649fd14be1238281"}
{"id": "LOWERING-EXIT-ZERO", "mutation": "return LOWERING; -> return SUCCESS;", "expected_oracle": "expected exit 4", "observed_exit_code": 1, "failure_reason": "Exception in thread \"main\" java.lang.AssertionError: AIR_OUTPUT expected exit 4, got Execution[code=0, diagnostic=Lowering INVALID_INPUT", "baseline_exit_code": 0, "baseline_digest": "cd076a74f28972878fb5d3f95f722ef506e92a338fdf2585dbf32ca2c6b2520a", "restored_digest": "cd076a74f28972878fb5d3f95f722ef506e92a338fdf2585dbf32ca2c6b2520a", "restoration_status": "RESTORED", "green_command": "python3 scripts/harness/run.py semantic; focal output (isolated copy)", "green_exit_code": 0, "baseline_output_sha256": "82a93d63f321902ede953c162cab90ced3514dbc1a62261f208fe6947e6bb799", "red_output_sha256": "7554053ef6414928653e38654b3a28cb9ea5b10372c63a00124301e369282d57", "restored_output_sha256": "a4cf31fb3e02b7444162f5e3b453c347abab6fe8fb9ba281fb442085978cd933"}
{"id": "CODEC-EXIT-ZERO", "mutation": "return CODEC; -> return SUCCESS;", "expected_oracle": "expected exit 5", "observed_exit_code": 1, "failure_reason": "java.lang.AssertionError: AIR_OUTPUT expected exit 5, got Execution[code=0, diagnostic=AIR codec RESOURCE_LIMIT $: Output byte limit exceeded", "baseline_exit_code": 0, "baseline_digest": "cd076a74f28972878fb5d3f95f722ef506e92a338fdf2585dbf32ca2c6b2520a", "restored_digest": "cd076a74f28972878fb5d3f95f722ef506e92a338fdf2585dbf32ca2c6b2520a", "restoration_status": "RESTORED", "green_command": "python3 scripts/harness/run.py semantic; focal semantic (isolated copy)", "green_exit_code": 0, "baseline_output_sha256": "974652519993f3bd6d18de4d811c03fc82d4288c3841397e76281819a2f318a9", "red_output_sha256": "3940f1e4988dc7b90b78cd13e2a316dafaf456debc0b72d4aa45c32b4289a078", "restored_output_sha256": "b41d06ffd12df9f1b6d574d50f15df8e02e8a3690f63d812d0d9eb1f807e4420"}
{"id": "CORE-CODEC", "mutation": "</dependencies> -> <dependency><groupId>io.github.gustavo2358</groupId><artifactId>air-json</artifactId></dependency></dependencies>", "expected_oracle": "ARCH_DEPENDENCY", "observed_exit_code": 1, "failure_reason": "FAIL ARCH_DEPENDENCY ('io.github.gustavo2358', 'air-json', '0.1.0-SNAPSHOT')", "baseline_exit_code": 0, "baseline_digest": "f458f5bfdc296cff14799178890267fa974684936568e7b0be48034b56efbf6b", "restored_digest": "f458f5bfdc296cff14799178890267fa974684936568e7b0be48034b56efbf6b", "restoration_status": "RESTORED", "green_command": "python3 scripts/harness/run.py semantic; focal architecture (isolated copy)", "green_exit_code": 0, "baseline_output_sha256": "6bda098ed2564c3a90a84418ebbddd37d0d0f7373560a5629e1dbdc552712c34", "red_output_sha256": "7beb7f7626834aef7d40952a8973416d362d7152f57b138d2885ae33d0ab812b", "restored_output_sha256": "5292203228f84c0c86a72ea0e185fa12e219acf4790f0e2743608db7033685c7"}
{"id": "SUITE-REMOVED", "mutation": "<execution><id>air-output-suite</id> -> remove execution", "expected_oracle": "AIR output tests absent/zero/duplicate", "observed_exit_code": 1, "failure_reason": "FAIL AIR output tests absent/zero/duplicate", "baseline_exit_code": 0, "baseline_digest": "15f07ac8c8f091863027a013d63c1796b656d4862bafb46383642c8c7893f7b8", "restored_digest": "15f07ac8c8f091863027a013d63c1796b656d4862bafb46383642c8c7893f7b8", "restoration_status": "RESTORED", "green_command": "python3 scripts/harness/run.py semantic; focal semantic (isolated copy)", "green_exit_code": 0, "baseline_output_sha256": "366dc3ba14ba66e857d21a3ae8169787ba94d7ca7c349ee571abf11082bf19cc", "red_output_sha256": "e5a25403d488bc154db373dfc08d5b1b375657892b4fa5ee24ead5839ea89666", "restored_output_sha256": "58e655dd4d6a10dc8388f595cb3c384362a38599804ca884becde22d71c85a74"}
{"id": "SUITE-SKIPPED", "mutation": "<mainClass>io.github.gustavo2358.lower.adapters.air.AirOutputSuite</mainClass> -> <skip>true</skip><mainClass>io.github.gustavo2358.lower.adapters.air.AirOutputSuite</mainClass>", "expected_oracle": "AIR output tests absent/zero/duplicate", "observed_exit_code": 1, "failure_reason": "FAIL AIR output tests absent/zero/duplicate", "baseline_exit_code": 0, "baseline_digest": "15f07ac8c8f091863027a013d63c1796b656d4862bafb46383642c8c7893f7b8", "restored_digest": "15f07ac8c8f091863027a013d63c1796b656d4862bafb46383642c8c7893f7b8", "restoration_status": "RESTORED", "green_command": "python3 scripts/harness/run.py semantic; focal semantic (isolated copy)", "green_exit_code": 0, "baseline_output_sha256": "7b31e1d9a6bdc0f365660f2c9c4e860538116389e47947c9ded15956db2d7a2f", "red_output_sha256": "c71b7fe0144cb3096edd3b9c695d394c576e9ffc32ba3f3afee29bdd59fe5b29", "restored_output_sha256": "0e0b88b59086a099e6f7302f8329a9711aff83c6c43609ee87af6f3c67a3e653"}
{"id": "OUTPUT-BEFORE-ENCODE", "mutation": "byte[] bytes = codec.encode(publication);\n        Path target = destination.toAbsolutePath();\n        Path temporary = files.temporary(target.getParent()); -> Path target = destination.toAbsolutePath();\n        Path temporary = files.temporary(target.getParent());\n        byte[] bytes = codec.encode(publication);", "expected_oracle": "encode completes before any physical publication", "observed_exit_code": 1, "failure_reason": "java.lang.AssertionError: AIR_OUTPUT encode completes before any physical publication", "baseline_exit_code": 0, "baseline_digest": "f2abf9d185c5e19624334955397538a97f25e0e381704a52bd4e5fcea12f477d", "restored_digest": "f2abf9d185c5e19624334955397538a97f25e0e381704a52bd4e5fcea12f477d", "restoration_status": "RESTORED", "green_command": "python3 scripts/harness/run.py semantic; focal semantic (isolated copy)", "green_exit_code": 0, "baseline_output_sha256": "de036a57bc1d1bb65a53bf46d6df130ac617d54997853b925aa7b2704f1d077d", "red_output_sha256": "7680abe57b11dd28584d20c593b7d3696c36a91bcafd854a2439a915bb6e4076", "restored_output_sha256": "fa0775214e3a9d013e8302772a47c5fa5039a79f6e9d9e99d18d8de7c683e943"}
PASS AIR OUTPUT CHALLENGE: 9 restored falsifications and second GREEN
{"id": "program-point-successor", "mutation": [["core/src/main/java/io/github/gustavo2358/lower/application/ScalarMoveAdmission.java", "current = move.normalContinuation().statement().orElseThrow();", "current = input.statements().stream().filter(s -> s.header().programPoint() > move.header().programPoint()).min(java.util.Comparator.comparingInt(s -> s.header().programPoint())).map(s -> s.header().id()).orElse(move.header().id());"]], "expected_oracle": "SCALAR reject unavailable dangling cyclic continuation", "baseline_exit_code": 0, "observed_exit_code": 1, "failure_reason": "java.lang.AssertionError: SCALAR reject unavailable dangling cyclic continuation", "baseline_digest": "6d0f74cda355f12f6e50f955d53d4680cfd4f16ca5a648c50087376db705f0e7", "restored_digest": "6d0f74cda355f12f6e50f955d53d4680cfd4f16ca5a648c50087376db705f0e7", "restoration_status": "RESTORED", "green_command": "mvn -pl core test-compile exec:java -Dexec.mainClass=io.github.gustavo2358.lower.testing.ScalarSuite -Dexec.classpathScope=test (isolated; pinned m2)", "green_exit_code": 0, "red_log_sha256": "dba0f673ef2b87b44e99111377537c8fb7617c2c50da6dce4d17543c68df97dc", "second_green_log_sha256": "d44c2816899f224e25ba1e2bd73ce98f075b8525011ac1108a8b129b80c0f838"}
{"id": "ignore-full-identity", "mutation": [["core/src/main/java/io/github/gustavo2358/lower/application/ScalarMoveAdmission.java", "m.copySemantics() == CopySemantics.FULL_IDENTITY", "true"]], "expected_oracle": "SCALAR reject FULL_IDENTITY absent", "baseline_exit_code": 0, "observed_exit_code": 1, "failure_reason": "java.lang.AssertionError: SCALAR reject FULL_IDENTITY absent", "baseline_digest": "6d0f74cda355f12f6e50f955d53d4680cfd4f16ca5a648c50087376db705f0e7", "restored_digest": "6d0f74cda355f12f6e50f955d53d4680cfd4f16ca5a648c50087376db705f0e7", "restoration_status": "RESTORED", "green_command": "mvn -pl core test-compile exec:java -Dexec.mainClass=io.github.gustavo2358.lower.testing.ScalarSuite -Dexec.classpathScope=test (isolated; pinned m2)", "green_exit_code": 0, "red_log_sha256": "67efc82d434f218840f1898b9654a07811db4edb8a2c7b157572aebb82a45504", "second_green_log_sha256": "4cc156051dcb3ba04b4f5a3b53b29eed6bbfa54694c256470412607122503f6e"}
{"id": "invent-whole-access", "mutation": [["core/src/main/java/io/github/gustavo2358/lower/domain/SpInput.java", "Objects.requireNonNull(wholeItemAccess); Objects.requireNonNull(provenance);", "Objects.requireNonNull(wholeItemAccess); wholeItemAccess = wholeItemAccess.or(() -> binding.selected().map(WholeItemAccess::new)); Objects.requireNonNull(provenance);"]], "expected_oracle": "SCALAR reject wholeItemAccess absent", "baseline_exit_code": 0, "observed_exit_code": 1, "failure_reason": "java.lang.AssertionError: SCALAR reject wholeItemAccess absent", "baseline_digest": "97a2eb1bf61ed28df140e9d54224073c6fe78a7bcb191902fb013d851a700e03", "restored_digest": "97a2eb1bf61ed28df140e9d54224073c6fe78a7bcb191902fb013d851a700e03", "restoration_status": "RESTORED", "green_command": "mvn -pl core test-compile exec:java -Dexec.mainClass=io.github.gustavo2358.lower.testing.ScalarSuite -Dexec.classpathScope=test (isolated; pinned m2)", "green_exit_code": 0, "red_log_sha256": "84b43372587ec6b3157c9368b994ef7a9b0fe8bba3936872f9979235222b6786", "second_green_log_sha256": "46f020f6fce3b77656cc93a56193e8b54ce892f8740299f1eec986b5e7e245c1"}
{"id": "ignore-selected-mismatch", "mutation": [["core/src/main/java/io/github/gustavo2358/lower/application/ScalarMoveAdmission.java", "b.selected().equals(Optional.of(data.id()))", "true"]], "expected_oracle": "SCALAR reject selected wholeItem mismatch", "baseline_exit_code": 0, "observed_exit_code": 1, "failure_reason": "java.lang.AssertionError: SCALAR reject selected wholeItem mismatch", "baseline_digest": "6d0f74cda355f12f6e50f955d53d4680cfd4f16ca5a648c50087376db705f0e7", "restored_digest": "6d0f74cda355f12f6e50f955d53d4680cfd4f16ca5a648c50087376db705f0e7", "restoration_status": "RESTORED", "green_command": "mvn -pl core test-compile exec:java -Dexec.mainClass=io.github.gustavo2358.lower.testing.ScalarSuite -Dexec.classpathScope=test (isolated; pinned m2)", "green_exit_code": 0, "red_log_sha256": "39f7102d8a4bf5bac8a9df09999ff62b4e9dc4b8b1efbb37678089569744231f", "second_green_log_sha256": "df012e676cd1bdeb828c88979924e2a8741977e08dad9f065e4b396389a278d0"}
{"id": "object-per-reference", "mutation": [["core/src/main/java/io/github/gustavo2358/lower/application/ScalarMoveLowerer.java", "ScalarDataTranslator.translate(plan.data(),", "ScalarDataTranslator.translate(plan.moves().stream().map(m -> plan.data().stream().filter(d -> d.id().equals(m.target().binding().selected().orElseThrow())).findFirst().orElseThrow()).toList(),"]], "expected_oracle": "SCALAR one Object per declaration", "baseline_exit_code": 0, "observed_exit_code": 1, "failure_reason": "java.lang.AssertionError: SCALAR one Object per declaration", "baseline_digest": "bdaaf91fb66f38eb9e865b089c5b1ef60c8ac9e2b37aaf6871f5d2fddf8b9537", "restored_digest": "bdaaf91fb66f38eb9e865b089c5b1ef60c8ac9e2b37aaf6871f5d2fddf8b9537", "restoration_status": "RESTORED", "green_command": "mvn -pl core test-compile exec:java -Dexec.mainClass=io.github.gustavo2358.lower.testing.ScalarSuite -Dexec.classpathScope=test (isolated; pinned m2)", "green_exit_code": 0, "red_log_sha256": "4b7360781872036b5e02630f5abbe1b7644d4b9a4b6124136d88e248c6bf42be", "second_green_log_sha256": "971b4857e8713ca9aec42354b25bc22fccfd2bc5cdaab5744f8ebde9a4a2f29d"}
{"id": "cell-per-move", "mutation": [["core/src/main/java/io/github/gustavo2358/lower/application/ScalarMoveLowerer.java", "List.of(body), data.storage(),", "List.of(body), java.util.Collections.nCopies(plan.moves().size(), data.storage().getFirst()),"]], "expected_oracle": "SCALAR precise input must lower", "baseline_exit_code": 0, "observed_exit_code": 1, "failure_reason": "java.lang.AssertionError: SCALAR precise input must lower: OUTPUT_INVALID []", "baseline_digest": "bdaaf91fb66f38eb9e865b089c5b1ef60c8ac9e2b37aaf6871f5d2fddf8b9537", "restored_digest": "bdaaf91fb66f38eb9e865b089c5b1ef60c8ac9e2b37aaf6871f5d2fddf8b9537", "restoration_status": "RESTORED", "green_command": "mvn -pl core test-compile exec:java -Dexec.mainClass=io.github.gustavo2358.lower.testing.ScalarSuite -Dexec.classpathScope=test (isolated; pinned m2)", "green_exit_code": 0, "red_log_sha256": "0371c92584beec88d8452057a6719ed10d94370c94aef5779267ee695decdb80", "second_green_log_sha256": "85b8217e101ff22a6dfe98def415de584975351768e11482a9e2bee652978fb1"}
{"id": "name-join", "mutation": [["core/src/main/java/io/github/gustavo2358/lower/application/ScalarSequenceAssembler.java", "var target = data.index().get(move.target().wholeItemAccess().orElseThrow().data());", "var target = data.index().values().stream().filter(link -> data.objects().stream().anyMatch(o -> o.id().equals(link.object()) && o.displayName().equals(data.objects().getFirst().displayName()))).findFirst().orElseThrow();"]], "expected_oracle": "SCALAR destination by DataId, never name", "baseline_exit_code": 0, "observed_exit_code": 1, "failure_reason": "java.lang.AssertionError: SCALAR destination by DataId, never name", "baseline_digest": "ee606cffcb2cb522f03325cf73ce67fbd9903eb1d6d28f90303e495ba1cce356", "restored_digest": "ee606cffcb2cb522f03325cf73ce67fbd9903eb1d6d28f90303e495ba1cce356", "restoration_status": "RESTORED", "green_command": "mvn -pl core test-compile exec:java -Dexec.mainClass=io.github.gustavo2358.lower.testing.ScalarSuite -Dexec.classpathScope=test (isolated; pinned m2)", "green_exit_code": 0, "red_log_sha256": "5c3a1f398e4c54edf4c00e0e7dcccab1ec46641838ba0b84e28e82e35421d25b", "second_green_log_sha256": "52daf08bb34385d05ba0d928cc8b8fe45448f8ad9717b111db41c7e267a48ea8"}
{"id": "write-as-read", "mutation": [["core/src/main/java/io/github/gustavo2358/lower/application/MoveHandler.java", "Operand.Role.VALUE_WRITE", "Operand.Role.VALUE_READ"]], "expected_oracle": "SCALAR precise input must lower: OUTPUT_INVALID", "baseline_exit_code": 0, "observed_exit_code": 1, "failure_reason": "java.lang.AssertionError: SCALAR precise input must lower: OUTPUT_INVALID []", "baseline_digest": "2cd5b1452aedf60b243b7207687e448b0834b8373898a35e7632e5a46ec267a8", "restored_digest": "2cd5b1452aedf60b243b7207687e448b0834b8373898a35e7632e5a46ec267a8", "restoration_status": "RESTORED", "green_command": "mvn -pl core test-compile exec:java -Dexec.mainClass=io.github.gustavo2358.lower.testing.ScalarSuite -Dexec.classpathScope=test (isolated; pinned m2)", "green_exit_code": 0, "red_log_sha256": "9b844b2bd218815441b3609c487f8e908f4a30f4ce60977cca2e569e4eb84a1a", "second_green_log_sha256": "d1d82b028b0247f24c62d224ee8eefd9b826cd7911b623f0d85a74fd947b1e57"}
{"id": "literal-as-unknown", "mutation": [["core/src/main/java/io/github/gustavo2358/lower/application/MoveHandler.java", "new Expressions.Literal(new Operand.Header(source, Operand.Role.VALUE_READ, sourceOrigin),\n            new Values.TextValue(move.textAdjustment().map(a -> a.result().value()).orElseGet(() -> move.source().logicalValue().orElseThrow().value())))", "new Expressions.Unknown(new Operand.Header(source, Operand.Role.VALUE_READ, sourceOrigin), Types.known(Types.Builtin.TEXT), List.of(), Scopes.NoMemory.INSTANCE, new UncertaintyId(unit.publication(), ids.id(\"uncertainty\", \"scalar-entry-inventory\", unit.localId(), \"0\")))"]], "expected_oracle": "SCALAR literal exact logical text, never UNKNOWN", "baseline_exit_code": 0, "observed_exit_code": 1, "failure_reason": "java.lang.AssertionError: SCALAR literal exact logical text, never UNKNOWN", "baseline_digest": "2cd5b1452aedf60b243b7207687e448b0834b8373898a35e7632e5a46ec267a8", "restored_digest": "2cd5b1452aedf60b243b7207687e448b0834b8373898a35e7632e5a46ec267a8", "restoration_status": "RESTORED", "green_command": "mvn -pl core test-compile exec:java -Dexec.mainClass=io.github.gustavo2358.lower.testing.ScalarSuite -Dexec.classpathScope=test (isolated; pinned m2)", "green_exit_code": 0, "red_log_sha256": "be232cf3f87969e3e1274b93f7dc0fb5446c10f656106f485f59e295cea00678", "second_green_log_sha256": "1f2169f9cb210102cd7b0507ac76ae603d5e799931708b89218ece4e87a46198"}
{"id": "drop-data-link", "mutation": [["core/src/main/java/io/github/gustavo2358/lower/application/ScalarMoveLowerer.java", "List.copyOf(data.index().values()), operands", "List.of(), operands"]], "expected_oracle": "SCALAR DATA correlation complete", "baseline_exit_code": 0, "observed_exit_code": 1, "failure_reason": "java.lang.AssertionError: SCALAR DATA correlation complete", "baseline_digest": "bdaaf91fb66f38eb9e865b089c5b1ef60c8ac9e2b37aaf6871f5d2fddf8b9537", "restored_digest": "bdaaf91fb66f38eb9e865b089c5b1ef60c8ac9e2b37aaf6871f5d2fddf8b9537", "restoration_status": "RESTORED", "green_command": "mvn -pl core test-compile exec:java -Dexec.mainClass=io.github.gustavo2358.lower.testing.ScalarSuite -Dexec.classpathScope=test (isolated; pinned m2)", "green_exit_code": 0, "red_log_sha256": "99f49102f4f03aa2ff21a0e77d534d1d2baf6d7e68947704ec7a2daac6d59b7c", "second_green_log_sha256": "88f5b8a8c5d36ab12cf7ee3cd70cb2a1a1987e0e57aafe8c0e8968cbe2ec4121"}
{"id": "lose-literal-provenance", "mutation": [["core/src/main/java/io/github/gustavo2358/lower/application/MoveHandler.java", "move.source().id().handle(), move.source().provenance()", "move.source().id().handle(), move.header().provenance()"]], "expected_oracle": "SCALAR literal provenance preserved", "baseline_exit_code": 0, "observed_exit_code": 1, "failure_reason": "java.lang.AssertionError: SCALAR literal provenance preserved", "baseline_digest": "2cd5b1452aedf60b243b7207687e448b0834b8373898a35e7632e5a46ec267a8", "restored_digest": "2cd5b1452aedf60b243b7207687e448b0834b8373898a35e7632e5a46ec267a8", "restoration_status": "RESTORED", "green_command": "mvn -pl core test-compile exec:java -Dexec.mainClass=io.github.gustavo2358.lower.testing.ScalarSuite -Dexec.classpathScope=test (isolated; pinned m2)", "green_exit_code": 0, "red_log_sha256": "172d61722d04d907a986c2518b15ca053d02b119271775295eb3801bc4e63fcd", "second_green_log_sha256": "83dee42d4c35fa1d38ca57b05b292ef0456d520e4a1a24a19e79ea06f163954e"}
{"id": "lose-target-provenance", "mutation": [["core/src/main/java/io/github/gustavo2358/lower/application/MoveHandler.java", "move.target().id().handle(), move.target().provenance()", "move.target().id().handle(), move.header().provenance()"]], "expected_oracle": "SCALAR target provenance preserved", "baseline_exit_code": 0, "observed_exit_code": 1, "failure_reason": "java.lang.AssertionError: SCALAR target provenance preserved", "baseline_digest": "2cd5b1452aedf60b243b7207687e448b0834b8373898a35e7632e5a46ec267a8", "restored_digest": "2cd5b1452aedf60b243b7207687e448b0834b8373898a35e7632e5a46ec267a8", "restoration_status": "RESTORED", "green_command": "mvn -pl core test-compile exec:java -Dexec.mainClass=io.github.gustavo2358.lower.testing.ScalarSuite -Dexec.classpathScope=test (isolated; pinned m2)", "green_exit_code": 0, "red_log_sha256": "817348aa4a7a6dd43a42012b9e2e9fa77b6284d626f4cd551810c5e999ed073c", "second_green_log_sha256": "944335cbad0b437f763eaef5a66f0ad86ca078faeebc31e4c33f8aa72c0789d6"}
{"id": "goback-halt", "mutation": [["core/src/main/java/io/github/gustavo2358/lower/application/GobackHandler.java", "static Operations.Return translate", "static Terminator translate"], ["core/src/main/java/io/github/gustavo2358/lower/application/GobackHandler.java", "new Operations.Return(header, List.of())", "new Operations.Halt(header, Operations.HaltKind.NORMAL)"]], "expected_oracle": "SCALAR GOBACK Return never Halt", "baseline_exit_code": 0, "observed_exit_code": 1, "failure_reason": "java.lang.AssertionError: SCALAR GOBACK Return never Halt", "baseline_digest": "2e617f06043b712a664924659b482f24af2b7203e0325cf244a478f54cd770af", "restored_digest": "2e617f06043b712a664924659b482f24af2b7203e0325cf244a478f54cd770af", "restoration_status": "RESTORED", "green_command": "mvn -pl core test-compile exec:java -Dexec.mainClass=io.github.gustavo2358.lower.testing.ScalarSuite -Dexec.classpathScope=test (isolated; pinned m2)", "green_exit_code": 0, "red_log_sha256": "c3598741428143e4e506c9ed6959558d5bba12cd21636bbae920850af99c60bf", "second_green_log_sha256": "56faea1059a0c9c5d8dfaf560f46b4f229997cdad1e7d62ba9cf399fe9037a12"}
{"id": "two-sequences", "mutation": [["core/src/main/java/io/github/gustavo2358/lower/application/ScalarMoveLowerer.java", "List.of(entry), List.of(sequence),", "List.of(entry), List.of(sequence, new Sequence(new LabelId(unit, \"extra-label\"), List.of(), new Operations.Return(new Operations.Header(new OperationId(unit, \"extra-return\"), sequence.terminator().header().origin(), sequence.terminator().header().coverage(), sequence.terminator().header().precision(), sequence.terminator().header().uncertainties()), List.of()), sequence.origin())),"]], "expected_oracle": "SCALAR one Sequence for linear chain", "baseline_exit_code": 0, "observed_exit_code": 1, "failure_reason": "java.lang.AssertionError: SCALAR one Sequence for linear chain", "baseline_digest": "bdaaf91fb66f38eb9e865b089c5b1ef60c8ac9e2b37aaf6871f5d2fddf8b9537", "restored_digest": "bdaaf91fb66f38eb9e865b089c5b1ef60c8ac9e2b37aaf6871f5d2fddf8b9537", "restoration_status": "RESTORED", "green_command": "mvn -pl core test-compile exec:java -Dexec.mainClass=io.github.gustavo2358.lower.testing.ScalarSuite -Dexec.classpathScope=test (isolated; pinned m2)", "green_exit_code": 0, "red_log_sha256": "016341f49dffaca06933f4860b21b95ba764556a2e7b68afc1f8c58d63e3af13", "second_green_log_sha256": "b47705fbe10bc6d51609d2f7b553fa1d00c480de86dc3765304dbeadb74e3fc0"}
{"id": "revision-missing-value", "mutation": [["core/src/main/java/io/github/gustavo2358/lower/application/CanonicalRevision.java", "e.word(value.value());", "e.word(\"ignored\");"]], "expected_oracle": "SCALAR new logical value in PublicationId", "baseline_exit_code": 0, "observed_exit_code": 1, "failure_reason": "java.lang.AssertionError: SCALAR new logical value in PublicationId", "baseline_digest": "b626cd9c7855a0868930c38c6f30bf4bb671c923d794987042bddf1033cd452b", "restored_digest": "b626cd9c7855a0868930c38c6f30bf4bb671c923d794987042bddf1033cd452b", "restoration_status": "RESTORED", "green_command": "mvn -pl core test-compile exec:java -Dexec.mainClass=io.github.gustavo2358.lower.testing.ScalarSuite -Dexec.classpathScope=test (isolated; pinned m2)", "green_exit_code": 0, "red_log_sha256": "7c5a82ca10ec18c5501552ebf68efc554dcda1d636f3a1c27512ac90fc2f3db8", "second_green_log_sha256": "de0223b819638ee32db207e80cbd11408c260573b9316217600b4f3c7b6758b5"}
{"id": "expanded-local-id", "mutation": [["core/src/main/java/io/github/gustavo2358/lower/application/LocalIds.java", "return digest;", "return CanonicalRevision.token(namespace + \"/\" + role + \"/\" + owner + \"/\" + key);"]], "expected_oracle": "SCALAR compact ObjectId", "baseline_exit_code": 0, "observed_exit_code": 1, "failure_reason": "java.lang.AssertionError: SCALAR compact ObjectId", "baseline_digest": "b94e310854f480ac23f713c22b9dafca19b19cd0f27bd89d8e5debbee328c65f", "restored_digest": "b94e310854f480ac23f713c22b9dafca19b19cd0f27bd89d8e5debbee328c65f", "restoration_status": "RESTORED", "green_command": "mvn -pl core test-compile exec:java -Dexec.mainClass=io.github.gustavo2358.lower.testing.ScalarSuite -Dexec.classpathScope=test (isolated; pinned m2)", "green_exit_code": 0, "red_log_sha256": "066a4d02729d577a6d2ddc2eedbd9cc87b80471af6a327b69f88cddd2094ff02", "second_green_log_sha256": "41b81ccf2d6680653434b39ef03710d292b3768e854066d08970ec067dbe59ef"}
{"id": "scalar-index-scan", "mutation": [["core/src/main/java/io/github/gustavo2358/lower/application/EntryGobackAdmission.java", "StatementFact lookup(StatementId id) { references++; return statements.get(id); }", "StatementFact lookup(StatementId id) { for (var item : statements.entrySet()) { references++; if (item.getKey().equals(id)) return item.getValue(); } return null; }"]], "expected_oracle": "SCALAR scalar reference ledger 7N+3 no scans", "baseline_exit_code": 0, "observed_exit_code": 1, "failure_reason": "java.lang.AssertionError: SCALAR scalar reference ledger 7N+3 no scans", "baseline_digest": "819e5481e99b0363a48b534d5c8099503206b7f1dad6cbde399c29fc8c096c82", "restored_digest": "819e5481e99b0363a48b534d5c8099503206b7f1dad6cbde399c29fc8c096c82", "restoration_status": "RESTORED", "green_command": "mvn -pl core test-compile exec:java -Dexec.mainClass=io.github.gustavo2358.lower.testing.ScalarSuite -Dexec.classpathScope=test (isolated; pinned m2)", "green_exit_code": 0, "red_log_sha256": "a1c56a7a05f011d83c37006cf68579f3e54068a290d50ede0fa7758124fd2aa4", "second_green_log_sha256": "cb844bdb00a049b9bcdad903dbf87fa33ae73adcdf0191871abd1b0d6d10fb8e"}
PASS SCALAR CHALLENGE: 17 compiled semantic RED, exact restore and second GREEN
PRODUCTION_CHALLENGE_PREPARED_CORE=current isolated source and tests
{"id": "literal-value-coherence", "mutation": [["adapters/src/main/java/io/github/gustavo2358/lower/adapters/sp/SpJsonDecoder.java", "if (!source.value().equals(logical.value()))", "if (false && !source.value().equals(logical.value()))"]], "expected_oracle": "literal normalized value mismatch", "baseline_exit_code": 0, "observed_exit_code": 1, "failure_reason": "java.lang.AssertionError: SCALAR_WIRE strict physical rejection literal normalized value mismatch", "baseline_digest": "4caf440c702b26f2205202b4754e573312efd6b390ca4ab0706bef3c877fb355", "restored_digest": "4caf440c702b26f2205202b4754e573312efd6b390ca4ab0706bef3c877fb355", "restoration_status": "RESTORED", "green_exit_code": 0, "green_command": "compiled isolated coherence production challenge; pinned m2", "baseline_log_sha256": "b770fd7ff3c87df32fb3ffa211f073cea3285c3e2abce91e745522601a830d47", "red_log_sha256": "23d591f10f72e3e4cb8a777fbbe7746e362c3e3770b5839bdae59298050dce36", "second_green_log_sha256": "1efa5e33ccdd54bd806d0a8036b57b7208639d947814cd473eec5a7b36450da2", "kind": "compiled semantic/gate"}
{"id": "literal-codepoints", "mutation": [["adapters/src/main/java/io/github/gustavo2358/lower/adapters/sp/SpJsonDecoder.java", "logical.logicalExtent() != logical.value().codePointCount(0, logical.value().length())", "false"]], "expected_oracle": "literal code point extent mismatch", "baseline_exit_code": 0, "observed_exit_code": 1, "failure_reason": "java.lang.AssertionError: SCALAR_WIRE strict physical rejection literal code point extent mismatch", "baseline_digest": "4caf440c702b26f2205202b4754e573312efd6b390ca4ab0706bef3c877fb355", "restored_digest": "4caf440c702b26f2205202b4754e573312efd6b390ca4ab0706bef3c877fb355", "restoration_status": "RESTORED", "green_exit_code": 0, "green_command": "compiled isolated coherence production challenge; pinned m2", "baseline_log_sha256": "cdeb1bf1e71f8692c3f498a2e22786baeae3d881718a2012d1446c95930a7975", "red_log_sha256": "36068d4b7fcdf572f9ff9c41b60d1d3933502f30353dcc9f2203f035b11e34a9", "second_green_log_sha256": "162db686e8681bc89d1cb15d330b35e63541e215c4e599aef23ec9f8469080f2", "kind": "compiled semantic/gate"}
{"id": "old-production-bytes", "mutation": [["adapters/src/main/java/io/github/gustavo2358/lower/adapters/sp/SpFileInput.java", "byte[] bytes = input.readAllBytes();", "byte[] bytes = input.readAllBytes(); if (bytes.length > 100_000) return new SpJsonDecoder.Rejected(new SpJsonDecoder.Diagnostic(SpJsonDecoder.Code.IMPLEMENTATION_LIMIT, \"physical\", \"$ file byte limit\"));"]], "expected_oracle": "large SP success exit0", "baseline_exit_code": 0, "observed_exit_code": 1, "failure_reason": "java.lang.AssertionError: PRODUCTION large SP success exit0: SP IMPLEMENTATION_LIMIT physical $ file byte limit", "baseline_digest": "3c4d482b65cb461fdcb3913013d20527cbcae5ba2b0817113bdd1a3124b95e62", "restored_digest": "3c4d482b65cb461fdcb3913013d20527cbcae5ba2b0817113bdd1a3124b95e62", "restoration_status": "RESTORED", "green_exit_code": 0, "green_command": "compiled isolated success production challenge; pinned m2", "baseline_log_sha256": "05c709e7598ea61c66d8586bdb19e54f8973f706da3cf45eb8a828f7463b6ea5", "red_log_sha256": "4d6b76bdc3d4749dc478770f4ec764b9f902b81c3bedd897493c21b724b2c0df", "second_green_log_sha256": "1e641f7f8df7e85d30ff1bbebae53db81ab78718b05ff15b456cac8719ee9a89", "kind": "compiled semantic/gate"}
{"id": "old-production-nodes", "mutation": [["adapters/src/main/java/io/github/gustavo2358/lower/adapters/sp/SpJsonDecoder.java", "meter.nodes++;", "if (++meter.nodes > 50_000) return reject(Code.IMPLEMENTATION_LIMIT, \"$\");"]], "expected_oracle": "large SP success exit0", "baseline_exit_code": 0, "observed_exit_code": 1, "failure_reason": "java.lang.AssertionError: PRODUCTION large SP success exit0: SP IMPLEMENTATION_LIMIT physical $", "baseline_digest": "4caf440c702b26f2205202b4754e573312efd6b390ca4ab0706bef3c877fb355", "restored_digest": "4caf440c702b26f2205202b4754e573312efd6b390ca4ab0706bef3c877fb355", "restoration_status": "RESTORED", "green_exit_code": 0, "green_command": "compiled isolated success production challenge; pinned m2", "baseline_log_sha256": "921e871797fb694fbb03a5a99ec88c54191614d4fde6c09d7633acc44a13e572", "red_log_sha256": "109283c8ad07d477cd6dd3bd5dbc06e124972f351d2f68b9418bb0b7ec52e953", "second_green_log_sha256": "a1ebdf4892a6719a5b0167ba23b52937266d1153c94be8b844e7d0a892967c6c", "kind": "compiled semantic/gate"}
{"id": "old-production-entities", "mutation": [["core/src/main/java/io/github/gustavo2358/lower/application/EntryGobackAdmission.java", "entities++;", "if (++entities > 100_000) throw new LimitReached();"]], "expected_oracle": "10k lowering passes production admission", "baseline_exit_code": 0, "observed_exit_code": 1, "failure_reason": "java.lang.AssertionError: PRODUCTION 10k lowering passes production admission: IMPLEMENTATION_LIMIT", "baseline_digest": "1088e1a0350a6086a5eb3c8cc8068f1769539bc18712515d80eaeb2a730733a6", "restored_digest": "1088e1a0350a6086a5eb3c8cc8068f1769539bc18712515d80eaeb2a730733a6", "restoration_status": "RESTORED", "green_exit_code": 0, "green_command": "compiled isolated large production challenge; pinned m2", "baseline_log_sha256": "67e3890ecdd87b88baeed35bb4f7f738e551e3e28eee52ac378aa484ceffe648", "red_log_sha256": "3d0217d9bbec59fc827d12d836faa35e3676bf4aba3923c1e0eadbed8cc0356f", "second_green_log_sha256": "8cc9855bbf88dc99538eb3a6c6bbf4a13f48175a4f9efaaf42860a29d6c36ed3", "kind": "compiled semantic/gate"}
{"id": "remove-production-probe", "mutation": [["adapters/src/test/java/io/github/gustavo2358/lower/adapters/air/AirOutputSuite.java", "int production = ProductionPathSuite.run();", "int production = 1;"]], "expected_oracle": "production path probe absent/zero", "baseline_exit_code": 0, "observed_exit_code": 1, "failure_reason": "FAIL production path probe absent/zero", "baseline_digest": "9714272c89017481d5ca8e69054676ccfda35a3843965e726cec6151ed7c9588", "restored_digest": "9714272c89017481d5ca8e69054676ccfda35a3843965e726cec6151ed7c9588", "restoration_status": "RESTORED", "green_exit_code": 0, "green_command": "compiled isolated semantic production challenge; pinned m2", "baseline_log_sha256": "9a70986abb535dfc21c6ce942aa90d6c7433b0ec689a32d1f2b33e1c1bfd27e8", "red_log_sha256": "00b64bb5659c96571a82f8f4fc495fa5a59dce3894f800991c3df02ead22c514", "second_green_log_sha256": "016faf79423f07a238437979afc2cabd7e56faff2a96449f1e10d1772d2670a4", "kind": "compiled semantic/gate"}
{"id": "input-failure-as-expected", "mutation": [["adapters/src/main/java/io/github/gustavo2358/lower/adapters/sp/SpFileInput.java", "byte[] bytes = input.readAllBytes();", "byte[] bytes = input.readAllBytes(); if (bytes.length > 100_000) return new SpJsonDecoder.Rejected(new SpJsonDecoder.Diagnostic(SpJsonDecoder.Code.IMPLEMENTATION_LIMIT, \"physical\", \"$ file byte limit\"));"], ["adapters/src/test/java/io/github/gustavo2358/lower/adapters/air/ProductionPathSuite.java", "check(code == CobolLower.SUCCESS,", "check(code == CobolLower.INPUT,"]], "expected_oracle": "successful production output exists", "baseline_exit_code": 0, "observed_exit_code": 1, "failure_reason": "java.lang.AssertionError: PRODUCTION successful production output exists", "baseline_digest": "7d78a43b9b0ae6152fe1ed98e6aa5f7e21c3b5f48f2eb4fcbe6997290f3ee7ee", "restored_digest": "7d78a43b9b0ae6152fe1ed98e6aa5f7e21c3b5f48f2eb4fcbe6997290f3ee7ee", "restoration_status": "RESTORED", "green_exit_code": 0, "green_command": "compiled isolated success production challenge; pinned m2", "baseline_log_sha256": "90832aa1b7d92c217c02d1ce5f76764e887d84fce95f6e6cb8bbabd0d15509ec", "red_log_sha256": "404167195989305c6601abc36a80d34bec9d8ee465d78b6a12f159db555292a6", "second_green_log_sha256": "949240477f7be84e55a62d868d0f01a179893a2226df083831f85d836cd3b097", "kind": "compiled semantic/gate"}
{"id": "raise-air-limit", "mutation": [["adapters/src/main/java/io/github/gustavo2358/lower/adapters/air/AirFileOutput.java", "this(new AirJson(), new FileOperations());", "this(new AirJson(new AirJson.Limits(512 * 1024 * 1024, 128), io.github.gustavo2358.air.validation.ValidationOptions.defaults()), new FileOperations());"]], "expected_oracle": "PRODUCTION_SCOPE immutable transport/core", "baseline_exit_code": 0, "observed_exit_code": 1, "failure_reason": "PRODUCTION_SCOPE immutable transport/core adapters/src/main/java/io/github/gustavo2358/lower/adapters/air/AirFileOutput.java", "baseline_digest": "9148d624336a0d3658007341d0c12885e23c48f90780067c13eb7fb91baf78ba", "restored_digest": "9148d624336a0d3658007341d0c12885e23c48f90780067c13eb7fb91baf78ba", "restoration_status": "RESTORED", "green_exit_code": 0, "green_command": "compiled isolated scope production challenge; pinned m2", "baseline_log_sha256": "0f29ccc65b48635110e635117515dfc623d7887848690a62e4640d11071abfab", "red_log_sha256": "62c2a0773efc20c793fd81be2711d15c7de3ac63f5fc143b972adbcd57f30df6", "second_green_log_sha256": "6a93c7df3360af03b7e7fad5138ed473df1b10e0cc10b9728b0ce88f2f73df98", "kind": "scope/diff guard after compilation"}
{"id": "new-streaming-codec", "mutation": [["adapters/src/main/java/io/github/gustavo2358/lower/adapters/sp/StreamingSpReader.java", null, "package io.github.gustavo2358.lower.adapters.sp; final class StreamingSpReader {}\n"]], "expected_oracle": "PRODUCTION_SCOPE unexpected source", "baseline_exit_code": 0, "observed_exit_code": 1, "failure_reason": "PRODUCTION_SCOPE unexpected source adapters/src/main/java/io/github/gustavo2358/lower/adapters/sp/StreamingSpReader.java", "baseline_digest": "20ad4f0a5fb49d9aaf1697fe0b8e85416bb628ae3e23157828ce0c572f91b554", "restored_digest": "20ad4f0a5fb49d9aaf1697fe0b8e85416bb628ae3e23157828ce0c572f91b554", "restoration_status": "RESTORED", "green_exit_code": 0, "green_command": "compiled isolated scope production challenge; pinned m2", "baseline_log_sha256": "d1743a6ffb80ce3f04c237ba6bd9b7cd783555b11ae87fff7f9de3abc62691ae", "red_log_sha256": "8255109fbedc3a0e0d56d4d17c5427378bb18987e0946fc7a3336d6b2af0a33d", "second_green_log_sha256": "b2a2c7659ab7e5c23ca6e4de3d92dd09880b0155976546cdbc94baa761a866fc", "kind": "scope/diff guard after compilation"}
PASS PRODUCTION CHALLENGE: 9 compiled RED, exact restore and second GREEN
PRODUCTION_CHALLENGE_PREPARED_CORE=current isolated source and tests
{"id": "file-32mib", "mutation": [["adapters/src/main/java/io/github/gustavo2358/lower/adapters/sp/SpFileInput.java", "byte[] bytes = input.readAllBytes();", "byte[] bytes = input.readAllBytes(); if (bytes.length > 32 * 1024 * 1024) return new SpJsonDecoder.Rejected(new SpJsonDecoder.Diagnostic(SpJsonDecoder.Code.IMPLEMENTATION_LIMIT, \"physical\", \"$ file byte limit\"));"]], "expected_oracle": "CAPACITY supported SP decodes", "baseline_exit_code": 0, "observed_exit_code": 1, "failure_reason": "java.lang.AssertionError: CAPACITY supported SP decodes: Rejected[diagnostic=Diagnostic[code=IMPLEMENTATION_LIMIT, phase=physical, location=$ file byte limit]]", "baseline_digest": "3c4d482b65cb461fdcb3913013d20527cbcae5ba2b0817113bdd1a3124b95e62", "restored_digest": "3c4d482b65cb461fdcb3913013d20527cbcae5ba2b0817113bdd1a3124b95e62", "restoration_status": "RESTORED", "green_exit_code": 0, "green_command": "compiled isolated capacity production challenge; pinned m2", "baseline_log_sha256": "5950c0a7184c5351ff2d9fc2d552d163185e23fb45df2dd7747c64462fc72bbe", "red_log_sha256": "075bd3ea343df37c9b3d65b8ffb0a55aa7e865d47b8c6b14027664ed46c416ac", "second_green_log_sha256": "cd36b7c28fd0c7b58edf16b2c8aa0de4acbcc0def8a0f05576590aee44753f26", "kind": "compiled semantic/gate"}
{"id": "decoder-32mib", "mutation": [["adapters/src/main/java/io/github/gustavo2358/lower/adapters/sp/SpJsonDecoder.java", "meter.bytes = bytes.length;", "if (bytes.length > 32 * 1024 * 1024) return reject(Code.IMPLEMENTATION_LIMIT, \"$ byte limit\"); meter.bytes = bytes.length;"]], "expected_oracle": "CAPACITY supported SP decodes", "baseline_exit_code": 0, "observed_exit_code": 1, "failure_reason": "java.lang.AssertionError: CAPACITY supported SP decodes: Rejected[diagnostic=Diagnostic[code=IMPLEMENTATION_LIMIT, phase=physical, location=$ byte limit]]", "baseline_digest": "4caf440c702b26f2205202b4754e573312efd6b390ca4ab0706bef3c877fb355", "restored_digest": "4caf440c702b26f2205202b4754e573312efd6b390ca4ab0706bef3c877fb355", "restoration_status": "RESTORED", "green_exit_code": 0, "green_command": "compiled isolated capacity production challenge; pinned m2", "baseline_log_sha256": "a2a4c05c74becc2cee5e25d7b936e55d7c250896a890b872691f599fcde6d8a5", "red_log_sha256": "814a4004ed2c3308bfe074f275241648964e8f31b6625f2e6401736881f0e880", "second_green_log_sha256": "2f34050cdb7666c19854624ecb0d131840cd0a076d637d57e59d85903d1fe97d", "kind": "compiled semantic/gate"}
{"id": "nodes-1500000", "mutation": [["adapters/src/main/java/io/github/gustavo2358/lower/adapters/sp/SpJsonDecoder.java", "meter.nodes++;", "if (++meter.nodes > 1_500_000) return reject(Code.IMPLEMENTATION_LIMIT, \"$ node limit\");"]], "expected_oracle": "CAPACITY supported SP decodes", "baseline_exit_code": 0, "observed_exit_code": 1, "failure_reason": "java.lang.AssertionError: CAPACITY supported SP decodes: Rejected[diagnostic=Diagnostic[code=IMPLEMENTATION_LIMIT, phase=physical, location=$ node limit]]", "baseline_digest": "4caf440c702b26f2205202b4754e573312efd6b390ca4ab0706bef3c877fb355", "restored_digest": "4caf440c702b26f2205202b4754e573312efd6b390ca4ab0706bef3c877fb355", "restoration_status": "RESTORED", "green_exit_code": 0, "green_command": "compiled isolated capacity production challenge; pinned m2", "baseline_log_sha256": "07212fe699269decabeb7f36a8bc3b90131373786742c33e2df7b02a1cfd6b78", "red_log_sha256": "de9997220389aa89199e61405b0997718a7b6525ec2afc65f3f020265c2d5ada", "second_green_log_sha256": "df03de10b9bb3e9ea2d48e9a0f398f3e465105c939650111c99ac573d1db631d", "kind": "compiled semantic/gate"}
{"id": "visits-250000", "mutation": [["core/src/main/java/io/github/gustavo2358/lower/application/EntryGobackAdmission.java", "entities++;", "if (++entities > 250_000) throw new LimitReached();"]], "expected_oracle": "CAPACITY supported SP lowers", "baseline_exit_code": 0, "observed_exit_code": 1, "failure_reason": "java.lang.AssertionError: CAPACITY supported SP lowers: IMPLEMENTATION_LIMIT []", "baseline_digest": "1088e1a0350a6086a5eb3c8cc8068f1769539bc18712515d80eaeb2a730733a6", "restored_digest": "1088e1a0350a6086a5eb3c8cc8068f1769539bc18712515d80eaeb2a730733a6", "restoration_status": "RESTORED", "green_exit_code": 0, "green_command": "compiled isolated capacity production challenge; pinned m2", "baseline_log_sha256": "39fd9f73051fe8e7fa93c00c2191f3ef88996586b36f083f3e9df46994c445be", "red_log_sha256": "9e4c2cf2d189a37b8ca7bc69404cb1fda5ad901a9792ebe5b2c170d4821edee4", "second_green_log_sha256": "37f33f3c4d55628c487a3afb0414139d003245a9a88032933ef40c05ce1039bc", "kind": "compiled semantic/gate"}
PASS PRODUCTION CHALLENGE: 4 compiled RED, exact restore and second GREEN
{"id": "old-null-comparison", "mutation": "initial_pr = record[\"checkpoint\"] == \"CP0\" and record[\"pull_request\"] is None -> initial_pr = False", "expected_oracle": "CI_BOOTSTRAP initial CP0 selects historical head", "baseline_exit_code": 0, "observed_exit_code": 1, "failure_reason": "AssertionError: CI_BOOTSTRAP initial CP0 selects historical head", "baseline_digest": "fe69a9966f7bc39f62d1898ed0b4df19a6b4bb74dd3bd2e3685c45817089bbca", "restored_digest": "fe69a9966f7bc39f62d1898ed0b4df19a6b4bb74dd3bd2e3685c45817089bbca", "digest_scope": "scripts/harness/run.py", "restoration_status": "RESTORED", "green_exit_code": 0, "green_command": "python3 -B scripts/harness/tests/test_ci_bootstrap.py CiBootstrap.test_initial_cp0_selects_historical_head -v (isolated)", "baseline_log_sha256": "c315e1f74f286f83b924a01f45708894dbc34982b35d9f1ee334a5e2e5e8d644", "red_log_sha256": "73e035a12471d3428bc15aa3bca2d5cb1b73bec002c997a23e5f877ccbd60e5d", "second_green_log_sha256": "8e2cfbb4b04e80f1d0b038f27d2f556d171a677390484976c7512fa973080569"}
{"id": "null-beyond-cp0", "mutation": "initial_pr = record[\"checkpoint\"] == \"CP0\" and record[\"pull_request\"] is None -> initial_pr = record[\"pull_request\"] is None", "expected_oracle": "CI_BOOTSTRAP null later checkpoint rejected", "baseline_exit_code": 0, "observed_exit_code": 1, "failure_reason": "AssertionError: CI_BOOTSTRAP null later checkpoint rejected", "baseline_digest": "fe69a9966f7bc39f62d1898ed0b4df19a6b4bb74dd3bd2e3685c45817089bbca", "restored_digest": "fe69a9966f7bc39f62d1898ed0b4df19a6b4bb74dd3bd2e3685c45817089bbca", "digest_scope": "scripts/harness/run.py", "restoration_status": "RESTORED", "green_exit_code": 0, "green_command": "python3 -B scripts/harness/tests/test_ci_bootstrap.py CiBootstrap.test_null_later_checkpoint_rejected -v (isolated)", "baseline_log_sha256": "63f1f04ec9bdb14adf76ac88fb829641c2253c062d685eb7368fcd1b9912095b", "red_log_sha256": "82fde5cc141514ddc71eb766841c9da52d2cc3b7541c1159c0347575dd28ed37", "second_green_log_sha256": "63f1f04ec9bdb14adf76ac88fb829641c2253c062d685eb7368fcd1b9912095b"}
{"id": "wrong-explicit-pr", "mutation": "(not initial_pr and record[\"pull_request\"] != pr[\"number\"]) -> False", "expected_oracle": "CI_BOOTSTRAP explicit wrong PR rejected", "baseline_exit_code": 0, "observed_exit_code": 1, "failure_reason": "AssertionError: CI_BOOTSTRAP explicit wrong PR rejected", "baseline_digest": "fe69a9966f7bc39f62d1898ed0b4df19a6b4bb74dd3bd2e3685c45817089bbca", "restored_digest": "fe69a9966f7bc39f62d1898ed0b4df19a6b4bb74dd3bd2e3685c45817089bbca", "digest_scope": "scripts/harness/run.py", "restoration_status": "RESTORED", "green_exit_code": 0, "green_command": "python3 -B scripts/harness/tests/test_ci_bootstrap.py CiBootstrap.test_explicit_wrong_pr_rejected -v (isolated)", "baseline_log_sha256": "00e264b3a640b1ccff9b00d3b4f4fd31ccfcd3083d27c6148fc197654923b123", "red_log_sha256": "efa2b6d2c74d724de411c6608c72fec2664cbf13500bbf1c0ba73fbdc0401c43", "second_green_log_sha256": "00e264b3a640b1ccff9b00d3b4f4fd31ccfcd3083d27c6148fc197654923b123"}
{"id": "wrong-branch", "mutation": "record[\"branch\"] != pr[\"head\"][\"ref\"] -> False", "expected_oracle": "CI_BOOTSTRAP wrong branch rejected", "baseline_exit_code": 0, "observed_exit_code": 1, "failure_reason": "AssertionError: CI_BOOTSTRAP wrong branch rejected", "baseline_digest": "fe69a9966f7bc39f62d1898ed0b4df19a6b4bb74dd3bd2e3685c45817089bbca", "restored_digest": "fe69a9966f7bc39f62d1898ed0b4df19a6b4bb74dd3bd2e3685c45817089bbca", "digest_scope": "scripts/harness/run.py", "restoration_status": "RESTORED", "green_exit_code": 0, "green_command": "python3 -B scripts/harness/tests/test_ci_bootstrap.py CiBootstrap.test_wrong_branch_rejected -v (isolated)", "baseline_log_sha256": "6040a08e71975f74df6bf7018c15b06d56f17a4ce488fa8755e5465391d99abd", "red_log_sha256": "36b6f5bc6a663e12aad215412580a0593777bf4271e714b19758982b3167f19e", "second_green_log_sha256": "a8cab98de48a4c6030cb5abaf605415122b56d4de58017ec7e1c3c9a1f87f363"}
{"id": "altered-evidence", "mutation": "json.loads(git(ROOT, \"show\", sha + \":\" + path)) != record -> False", "expected_oracle": "CI_BOOTSTRAP altered merge evidence rejected", "baseline_exit_code": 0, "observed_exit_code": 1, "failure_reason": "AssertionError: CI_BOOTSTRAP altered merge evidence rejected", "baseline_digest": "fe69a9966f7bc39f62d1898ed0b4df19a6b4bb74dd3bd2e3685c45817089bbca", "restored_digest": "fe69a9966f7bc39f62d1898ed0b4df19a6b4bb74dd3bd2e3685c45817089bbca", "digest_scope": "scripts/harness/run.py", "restoration_status": "RESTORED", "green_exit_code": 0, "green_command": "python3 -B scripts/harness/tests/test_ci_bootstrap.py CiBootstrap.test_altered_merge_evidence_rejected -v (isolated)", "baseline_log_sha256": "6b1feb7e1e08e14d2244ffec9f0b346b55cbb67b8f3a8d974ae9d10c70213b1f", "red_log_sha256": "d00666619f54ee503cdc2b7ce8dca1ac5601af9b8e4393759c44720cbb8eeb3f", "second_green_log_sha256": "17fe0e2aa853e62f731a40bb3de89afcdea14cd446395aff3581df506a8244dd"}
{"id": "missing-ancestry", "mutation": "git(ROOT, \"merge-base\", \"--is-ancestor\", certified, sha) -> None # skipped ancestry", "expected_oracle": "CI_BOOTSTRAP unrelated head rejected", "baseline_exit_code": 0, "observed_exit_code": 1, "failure_reason": "AssertionError: CI_BOOTSTRAP unrelated head rejected", "baseline_digest": "fe69a9966f7bc39f62d1898ed0b4df19a6b4bb74dd3bd2e3685c45817089bbca", "restored_digest": "fe69a9966f7bc39f62d1898ed0b4df19a6b4bb74dd3bd2e3685c45817089bbca", "digest_scope": "scripts/harness/run.py", "restoration_status": "RESTORED", "green_exit_code": 0, "green_command": "python3 -B scripts/harness/tests/test_ci_bootstrap.py CiBootstrap.test_unrelated_head_rejected -v (isolated)", "baseline_log_sha256": "1986793bc2932f58343c36f6d504732ebeeaad16328f4b98d949eb744f8ee2ae", "red_log_sha256": "c1c30e50191e0d74a2695f6db2d45e54ecda7a041bf5bfe6e7e7d0d87dcc6d6c", "second_green_log_sha256": "2ff38071af125e24a6e8dcbf20f501265ca4351bf4c34a5ee29eb7c2e4e8a157"}
PASS CI BOOTSTRAP CHALLENGE: 6 restored falsifications and second GREEN
dynamic-to-literal: semantic RED, byte-exact restoration, second GREEN
wrong-object: semantic RED, byte-exact restoration, second GREEN
erase-x8-padding: semantic RED, byte-exact restoration, second GREEN
invent-x5-padding: semantic RED, byte-exact restoration, second GREEN
wrong-normal-label: semantic RED, byte-exact restoration, second GREEN
pure-effects: semantic RED, byte-exact restoration, second GREEN
closed-outcomes: semantic RED, byte-exact restoration, second GREEN
invented-contract: semantic RED, byte-exact restoration, second GREEN
name-canonicalization: semantic RED, byte-exact restoration, second GREEN
exact-name-policy: semantic RED, byte-exact restoration, second GREEN
admit-using: semantic RED, byte-exact restoration, second GREEN
admit-ambiguous: semantic RED, byte-exact restoration, second GREEN
ignore-call-revision: semantic RED, byte-exact restoration, second GREEN
PASS CALL CHALLENGE: 13 compiled mutations
FULL_COMPONENT_PASS=challenge
PASS full
