docs/quality/WORK-LOWER-010/air-build-network.log:4: trailing whitespace.
+[INFO] 
docs/quality/WORK-LOWER-010/air-build-network.log:8: trailing whitespace.
+[INFO] 
docs/quality/WORK-LOWER-010/air-build-network.log:13: trailing whitespace.
+[INFO] 
docs/quality/WORK-LOWER-010/air-build-network.log:15: trailing whitespace.
+[INFO] 
docs/quality/WORK-LOWER-010/air-build-network.log:18: trailing whitespace.
+[INFO] 
docs/quality/WORK-LOWER-010/air-build-network.log:21: trailing whitespace.
+[INFO] 
docs/quality/WORK-LOWER-010/air-build-network.log:26: trailing whitespace.
+[INFO] 
docs/quality/WORK-LOWER-010/air-build-network.log:28: trailing whitespace.
+[INFO] 
docs/quality/WORK-LOWER-010/air-build-network.log:31: trailing whitespace.
+[INFO] 
docs/quality/WORK-LOWER-010/air-build-network.log:35: trailing whitespace.
+[INFO] 
docs/quality/WORK-LOWER-010/air-build-network.log:38: trailing whitespace.
+[INFO] 
docs/quality/WORK-LOWER-010/air-build-network.log:42: trailing whitespace.
+[INFO] 
docs/quality/WORK-LOWER-010/air-build-network.log:44: trailing whitespace.
+[INFO] 
docs/quality/WORK-LOWER-010/air-build-network.log:46: trailing whitespace.
+[INFO] 
docs/quality/WORK-LOWER-010/air-build-network.log:49: trailing whitespace.
+[INFO] 
docs/quality/WORK-LOWER-010/air-build-network.log:52: trailing whitespace.
+[INFO] 
docs/quality/WORK-LOWER-010/air-build-network.log:55: trailing whitespace.
+[INFO] 
docs/quality/WORK-LOWER-010/air-build-network.log:250: trailing whitespace.
+[INFO] 
docs/quality/WORK-LOWER-010/air-build-network.log:254: trailing whitespace.
+[INFO] 
docs/quality/WORK-LOWER-010/air-build-network.log:259: trailing whitespace.
+[INFO] 
docs/quality/WORK-LOWER-010/air-build-network.log:261: trailing whitespace.
+[INFO] 
docs/quality/WORK-LOWER-010/air-build-network.log:264: trailing whitespace.
+[INFO] 
docs/quality/WORK-LOWER-010/air-build-network.log:268: trailing whitespace.
+[INFO] 
docs/quality/WORK-LOWER-010/air-build-network.log:271: trailing whitespace.
+[INFO] 
docs/quality/WORK-LOWER-010/air-build-network.log:275: trailing whitespace.
+[INFO] 
docs/quality/WORK-LOWER-010/air-build-network.log:277: trailing whitespace.
+[INFO] 
docs/quality/WORK-LOWER-010/air-build-network.log:279: trailing whitespace.
+[INFO] 
docs/quality/WORK-LOWER-010/air-build-network.log:282: trailing whitespace.
+[INFO] 
docs/quality/WORK-LOWER-010/air-build-network.log:285: trailing whitespace.
+[INFO] 
docs/quality/WORK-LOWER-010/air-build-network.log:288: trailing whitespace.
+[INFO] 
docs/quality/WORK-LOWER-010/air-build-network.log:403: trailing whitespace.
+[INFO] 
docs/quality/WORK-LOWER-010/air-build-network.log:409: trailing whitespace.
+[INFO] 
docs/quality/WORK-LOWER-010/bootstrap.log:12: trailing whitespace.
+[INFO] 
docs/quality/WORK-LOWER-010/bootstrap.log:16: trailing whitespace.
+[INFO] 
docs/quality/WORK-LOWER-010/bootstrap.log:21: trailing whitespace.
+[INFO] 
docs/quality/WORK-LOWER-010/bootstrap.log:23: trailing whitespace.
+[INFO] 
docs/quality/WORK-LOWER-010/bootstrap.log:26: trailing whitespace.
+[INFO] 
docs/quality/WORK-LOWER-010/bootstrap.log:29: trailing whitespace.
+[INFO] 
docs/quality/WORK-LOWER-010/bootstrap.log:34: trailing whitespace.
+[INFO] 
docs/quality/WORK-LOWER-010/bootstrap.log:37: trailing whitespace.
+[INFO] 
docs/quality/WORK-LOWER-010/bootstrap.log:40: trailing whitespace.
+[INFO] 
docs/quality/WORK-LOWER-010/bootstrap.log:44: trailing whitespace.
+[INFO] 
docs/quality/WORK-LOWER-010/bootstrap.log:47: trailing whitespace.
+[INFO] 
docs/quality/WORK-LOWER-010/bootstrap.log:51: trailing whitespace.
+[INFO] 
docs/quality/WORK-LOWER-010/bootstrap.log:53: trailing whitespace.
+[INFO] 
docs/quality/WORK-LOWER-010/bootstrap.log:55: trailing whitespace.
+[INFO] 
docs/quality/WORK-LOWER-010/bootstrap.log:58: trailing whitespace.
+[INFO] 
docs/quality/WORK-LOWER-010/bootstrap.log:61: trailing whitespace.
+[INFO] 
docs/quality/WORK-LOWER-010/bootstrap.log:64: trailing whitespace.
+[INFO] 
docs/quality/WORK-LOWER-010/bootstrap.log:259: trailing whitespace.
+[INFO] 
docs/quality/WORK-LOWER-010/bootstrap.log:263: trailing whitespace.
+[INFO] 
docs/quality/WORK-LOWER-010/bootstrap.log:268: trailing whitespace.
+[INFO] 
docs/quality/WORK-LOWER-010/bootstrap.log:271: trailing whitespace.
+[INFO] 
docs/quality/WORK-LOWER-010/bootstrap.log:274: trailing whitespace.
+[INFO] 
docs/quality/WORK-LOWER-010/bootstrap.log:278: trailing whitespace.
+[INFO] 
docs/quality/WORK-LOWER-010/bootstrap.log:281: trailing whitespace.
+[INFO] 
docs/quality/WORK-LOWER-010/bootstrap.log:285: trailing whitespace.
+[INFO] 
docs/quality/WORK-LOWER-010/bootstrap.log:287: trailing whitespace.
+[INFO] 
docs/quality/WORK-LOWER-010/bootstrap.log:289: trailing whitespace.
+[INFO] 
docs/quality/WORK-LOWER-010/bootstrap.log:292: trailing whitespace.
+[INFO] 
docs/quality/WORK-LOWER-010/bootstrap.log:295: trailing whitespace.
+[INFO] 
docs/quality/WORK-LOWER-010/bootstrap.log:298: trailing whitespace.
+[INFO] 
docs/quality/WORK-LOWER-010/bootstrap.log:413: trailing whitespace.
+[INFO] 
docs/quality/WORK-LOWER-010/bootstrap.log:419: trailing whitespace.
+[INFO] 
docs/quality/WORK-LOWER-010/capacity-challenge-logs/decoder-32mib-baseline.log:4: trailing whitespace.
+[INFO] 
docs/quality/WORK-LOWER-010/capacity-challenge-logs/decoder-32mib-baseline.log:7: trailing whitespace.
+[INFO] 
docs/quality/WORK-LOWER-010/capacity-challenge-logs/decoder-32mib-baseline.log:12: trailing whitespace.
+[INFO] 
docs/quality/WORK-LOWER-010/capacity-challenge-logs/decoder-32mib-baseline.log:15: trailing whitespace.
+[INFO] 
docs/quality/WORK-LOWER-010/capacity-challenge-logs/decoder-32mib-baseline.log:20: trailing whitespace.
+[INFO] 
docs/quality/WORK-LOWER-010/capacity-challenge-logs/decoder-32mib-baseline.log:23: trailing whitespace.
+[INFO] 
docs/quality/WORK-LOWER-010/capacity-challenge-logs/decoder-32mib-baseline.log:26: trailing whitespace.
+[INFO] 
docs/quality/WORK-LOWER-010/capacity-challenge-logs/decoder-32mib-baseline.log:29: trailing whitespace.
+[INFO] 
docs/quality/WORK-LOWER-010/capacity-challenge-logs/decoder-32mib-baseline.log:32: trailing whitespace.
+[INFO] 
docs/quality/WORK-LOWER-010/capacity-challenge-logs/decoder-32mib-baseline.log:34: trailing whitespace.
+[INFO] 
docs/quality/WORK-LOWER-010/capacity-challenge-logs/decoder-32mib-baseline.log:37: trailing whitespace.
+[INFO] 
docs/quality/WORK-LOWER-010/capacity-challenge-logs/decoder-32mib-baseline.log:39: trailing whitespace.
+[INFO] 
docs/quality/WORK-LOWER-010/capacity-challenge-logs/decoder-32mib-baseline.log:41: trailing whitespace.
+[INFO] 
docs/quality/WORK-LOWER-010/capacity-challenge-logs/decoder-32mib-baseline.log:48: trailing whitespace.
+[INFO] 
docs/quality/WORK-LOWER-010/capacity-challenge-logs/decoder-32mib-baseline.log:58: trailing whitespace.
+[INFO] 
docs/quality/WORK-LOWER-010/capacity-challenge-logs/decoder-32mib-baseline.log:63: trailing whitespace.
+[INFO] 
docs/quality/WORK-LOWER-010/capacity-challenge-logs/decoder-32mib-baseline.log:66: trailing whitespace.
+[INFO] 
docs/quality/WORK-LOWER-010/capacity-challenge-logs/decoder-32mib-baseline.log:69: trailing whitespace.
+[INFO] 
docs/quality/WORK-LOWER-010/capacity-challenge-logs/decoder-32mib-baseline.log:72: trailing whitespace.
+[INFO] 
docs/quality/WORK-LOWER-010/capacity-challenge-logs/decoder-32mib-baseline.log:75: trailing whitespace.
+[INFO] 
docs/quality/WORK-LOWER-010/capacity-challenge-logs/decoder-32mib-red.log:4: trailing whitespace.
+[INFO] 
docs/quality/WORK-LOWER-010/capacity-challenge-logs/decoder-32mib-red.log:7: trailing whitespace.
+[INFO] 
docs/quality/WORK-LOWER-010/capacity-challenge-logs/decoder-32mib-red.log:12: trailing whitespace.
+[INFO] 
docs/quality/WORK-LOWER-010/capacity-challenge-logs/decoder-32mib-red.log:15: trailing whitespace.
+[INFO] 
docs/quality/WORK-LOWER-010/capacity-challenge-logs/decoder-32mib-red.log:20: trailing whitespace.
+[INFO] 
docs/quality/WORK-LOWER-010/capacity-challenge-logs/decoder-32mib-red.log:23: trailing whitespace.
+[INFO] 
docs/quality/WORK-LOWER-010/capacity-challenge-logs/decoder-32mib-red.log:26: trailing whitespace.
+[INFO] 
docs/quality/WORK-LOWER-010/capacity-challenge-logs/decoder-32mib-red.log:29: trailing whitespace.
+[INFO] 
docs/quality/WORK-LOWER-010/capacity-challenge-logs/decoder-32mib-red.log:32: trailing whitespace.
+[INFO] 
docs/quality/WORK-LOWER-010/capacity-challenge-logs/decoder-32mib-red.log:34: trailing whitespace.
+[INFO] 
docs/quality/WORK-LOWER-010/capacity-challenge-logs/decoder-32mib-red.log:37: trailing whitespace.
+[INFO] 
docs/quality/WORK-LOWER-010/capacity-challenge-logs/decoder-32mib-red.log:39: trailing whitespace.
+[INFO] 
docs/quality/WORK-LOWER-010/capacity-challenge-logs/decoder-32mib-red.log:41: trailing whitespace.
+[INFO] 
docs/quality/WORK-LOWER-010/capacity-challenge-logs/decoder-32mib-red.log:48: trailing whitespace.
+[INFO] 
docs/quality/WORK-LOWER-010/capacity-challenge-logs/decoder-32mib-red.log:58: trailing whitespace.
+[INFO] 
docs/quality/WORK-LOWER-010/capacity-challenge-logs/decoder-32mib-red.log:63: trailing whitespace.
+[INFO] 
docs/quality/WORK-LOWER-010/capacity-challenge-logs/decoder-32mib-red.log:66: trailing whitespace.
+[INFO] 
docs/quality/WORK-LOWER-010/capacity-challenge-logs/decoder-32mib-red.log:70: trailing whitespace.
+[INFO] 
docs/quality/WORK-LOWER-010/capacity-challenge-logs/decoder-32mib-red.log:73: trailing whitespace.
+[INFO] 
docs/quality/WORK-LOWER-010/capacity-challenge-logs/decoder-32mib-red.log:77: trailing whitespace.
+[INFO] 
docs/quality/WORK-LOWER-010/capacity-challenge-logs/decoder-32mib-red.log:80: trailing whitespace.
+[WARNING] 
docs/quality/WORK-LOWER-010/capacity-challenge-logs/decoder-32mib-red.log:97: trailing whitespace.
+[ERROR] 
docs/quality/WORK-LOWER-010/capacity-challenge-logs/decoder-32mib-red.log:100: trailing whitespace.
+[ERROR] 
docs/quality/WORK-LOWER-010/capacity-challenge-logs/decoder-32mib-restored.log:4: trailing whitespace.
+[INFO] 
docs/quality/WORK-LOWER-010/capacity-challenge-logs/decoder-32mib-restored.log:7: trailing whitespace.
+[INFO] 
docs/quality/WORK-LOWER-010/capacity-challenge-logs/decoder-32mib-restored.log:12: trailing whitespace.
+[INFO] 
docs/quality/WORK-LOWER-010/capacity-challenge-logs/decoder-32mib-restored.log:15: trailing whitespace.
+[INFO] 
docs/quality/WORK-LOWER-010/capacity-challenge-logs/decoder-32mib-restored.log:20: trailing whitespace.
+[INFO] 
docs/quality/WORK-LOWER-010/capacity-challenge-logs/decoder-32mib-restored.log:23: trailing whitespace.
+[INFO] 
docs/quality/WORK-LOWER-010/capacity-challenge-logs/decoder-32mib-restored.log:26: trailing whitespace.
+[INFO] 
docs/quality/WORK-LOWER-010/capacity-challenge-logs/decoder-32mib-restored.log:29: trailing whitespace.
+[INFO] 
docs/quality/WORK-LOWER-010/capacity-challenge-logs/decoder-32mib-restored.log:32: trailing whitespace.
+[INFO] 
docs/quality/WORK-LOWER-010/capacity-challenge-logs/decoder-32mib-restored.log:34: trailing whitespace.
+[INFO] 
docs/quality/WORK-LOWER-010/capacity-challenge-logs/decoder-32mib-restored.log:37: trailing whitespace.
+[INFO] 
docs/quality/WORK-LOWER-010/capacity-challenge-logs/decoder-32mib-restored.log:39: trailing whitespace.
+[INFO] 
docs/quality/WORK-LOWER-010/capacity-challenge-logs/decoder-32mib-restored.log:41: trailing whitespace.
+[INFO] 
docs/quality/WORK-LOWER-010/capacity-challenge-logs/decoder-32mib-restored.log:48: trailing whitespace.
+[INFO] 
docs/quality/WORK-LOWER-010/capacity-challenge-logs/decoder-32mib-restored.log:58: trailing whitespace.
+[INFO] 
docs/quality/WORK-LOWER-010/capacity-challenge-logs/decoder-32mib-restored.log:63: trailing whitespace.
+[INFO] 
docs/quality/WORK-LOWER-010/capacity-challenge-logs/decoder-32mib-restored.log:66: trailing whitespace.
+[INFO] 
docs/quality/WORK-LOWER-010/capacity-challenge-logs/decoder-32mib-restored.log:70: trailing whitespace.
+[INFO] 
docs/quality/WORK-LOWER-010/capacity-challenge-logs/decoder-32mib-restored.log:73: trailing whitespace.
+[INFO] 
docs/quality/WORK-LOWER-010/capacity-challenge-logs/decoder-32mib-restored.log:77: trailing whitespace.
+[INFO] 
docs/quality/WORK-LOWER-010/capacity-challenge-logs/file-32mib-baseline.log:4: trailing whitespace.
+[INFO] 
docs/quality/WORK-LOWER-010/capacity-challenge-logs/file-32mib-baseline.log:7: trailing whitespace.
+[INFO] 
docs/quality/WORK-LOWER-010/capacity-challenge-logs/file-32mib-baseline.log:12: trailing whitespace.
+[INFO] 
docs/quality/WORK-LOWER-010/capacity-challenge-logs/file-32mib-baseline.log:15: trailing whitespace.
+[INFO] 
docs/quality/WORK-LOWER-010/capacity-challenge-logs/file-32mib-baseline.log:20: trailing whitespace.
+[INFO] 
docs/quality/WORK-LOWER-010/capacity-challenge-logs/file-32mib-baseline.log:23: trailing whitespace.
+[INFO] 
docs/quality/WORK-LOWER-010/capacity-challenge-logs/file-32mib-baseline.log:26: trailing whitespace.
+[INFO] 
docs/quality/WORK-LOWER-010/capacity-challenge-logs/file-32mib-baseline.log:29: trailing whitespace.
+[INFO] 
docs/quality/WORK-LOWER-010/capacity-challenge-logs/file-32mib-baseline.log:32: trailing whitespace.
+[INFO] 
docs/quality/WORK-LOWER-010/capacity-challenge-logs/file-32mib-baseline.log:34: trailing whitespace.
+[INFO] 
docs/quality/WORK-LOWER-010/capacity-challenge-logs/file-32mib-baseline.log:37: trailing whitespace.
+[INFO] 
docs/quality/WORK-LOWER-010/capacity-challenge-logs/file-32mib-baseline.log:39: trailing whitespace.
+[INFO] 
docs/quality/WORK-LOWER-010/capacity-challenge-logs/file-32mib-baseline.log:41: trailing whitespace.
+[INFO] 
docs/quality/WORK-LOWER-010/capacity-challenge-logs/file-32mib-baseline.log:48: trailing whitespace.
+[INFO] 
docs/quality/WORK-LOWER-010/capacity-challenge-logs/file-32mib-baseline.log:58: trailing whitespace.
+[INFO] 
docs/quality/WORK-LOWER-010/capacity-challenge-logs/file-32mib-baseline.log:63: trailing whitespace.
+[INFO] 
docs/quality/WORK-LOWER-010/capacity-challenge-logs/file-32mib-baseline.log:66: trailing whitespace.
+[INFO] 
docs/quality/WORK-LOWER-010/capacity-challenge-logs/file-32mib-baseline.log:70: trailing whitespace.
+[INFO] 
docs/quality/WORK-LOWER-010/capacity-challenge-logs/file-32mib-baseline.log:73: trailing whitespace.
+[INFO] 
docs/quality/WORK-LOWER-010/capacity-challenge-logs/file-32mib-baseline.log:77: trailing whitespace.
+[INFO] 
docs/quality/WORK-LOWER-010/capacity-challenge-logs/file-32mib-red.log:4: trailing whitespace.
+[INFO] 
docs/quality/WORK-LOWER-010/capacity-challenge-logs/file-32mib-red.log:7: trailing whitespace.
+[INFO] 
docs/quality/WORK-LOWER-010/capacity-challenge-logs/file-32mib-red.log:12: trailing whitespace.
+[INFO] 
docs/quality/WORK-LOWER-010/capacity-challenge-logs/file-32mib-red.log:15: trailing whitespace.
+[INFO] 
docs/quality/WORK-LOWER-010/capacity-challenge-logs/file-32mib-red.log:20: trailing whitespace.
+[INFO] 
docs/quality/WORK-LOWER-010/capacity-challenge-logs/file-32mib-red.log:23: trailing whitespace.
+[INFO] 
docs/quality/WORK-LOWER-010/capacity-challenge-logs/file-32mib-red.log:26: trailing whitespace.
+[INFO] 
docs/quality/WORK-LOWER-010/capacity-challenge-logs/file-32mib-red.log:29: trailing whitespace.
+[INFO] 
docs/quality/WORK-LOWER-010/capacity-challenge-logs/file-32mib-red.log:32: trailing whitespace.
+[INFO] 
docs/quality/WORK-LOWER-010/capacity-challenge-logs/file-32mib-red.log:34: trailing whitespace.
+[INFO] 
docs/quality/WORK-LOWER-010/capacity-challenge-logs/file-32mib-red.log:37: trailing whitespace.
+[INFO] 
docs/quality/WORK-LOWER-010/capacity-challenge-logs/file-32mib-red.log:39: trailing whitespace.
+[INFO] 
docs/quality/WORK-LOWER-010/capacity-challenge-logs/file-32mib-red.log:41: trailing whitespace.
+[INFO] 
docs/quality/WORK-LOWER-010/capacity-challenge-logs/file-32mib-red.log:48: trailing whitespace.
+[INFO] 
docs/quality/WORK-LOWER-010/capacity-challenge-logs/file-32mib-red.log:58: trailing whitespace.
+[INFO] 
docs/quality/WORK-LOWER-010/capacity-challenge-logs/file-32mib-red.log:63: trailing whitespace.
+[INFO] 
docs/quality/WORK-LOWER-010/capacity-challenge-logs/file-32mib-red.log:66: trailing whitespace.
+[INFO] 
docs/quality/WORK-LOWER-010/capacity-challenge-logs/file-32mib-red.log:70: trailing whitespace.
+[INFO] 
docs/quality/WORK-LOWER-010/capacity-challenge-logs/file-32mib-red.log:73: trailing whitespace.
+[INFO] 
docs/quality/WORK-LOWER-010/capacity-challenge-logs/file-32mib-red.log:77: trailing whitespace.
+[INFO] 
docs/quality/WORK-LOWER-010/capacity-challenge-logs/file-32mib-red.log:80: trailing whitespace.
+[WARNING] 
docs/quality/WORK-LOWER-010/capacity-challenge-logs/file-32mib-red.log:97: trailing whitespace.
+[ERROR] 
docs/quality/WORK-LOWER-010/capacity-challenge-logs/file-32mib-red.log:100: trailing whitespace.
+[ERROR] 
docs/quality/WORK-LOWER-010/capacity-challenge-logs/file-32mib-restored.log:4: trailing whitespace.
+[INFO] 
docs/quality/WORK-LOWER-010/capacity-challenge-logs/file-32mib-restored.log:7: trailing whitespace.
+[INFO] 
docs/quality/WORK-LOWER-010/capacity-challenge-logs/file-32mib-restored.log:12: trailing whitespace.
+[INFO] 
docs/quality/WORK-LOWER-010/capacity-challenge-logs/file-32mib-restored.log:15: trailing whitespace.
+[INFO] 
docs/quality/WORK-LOWER-010/capacity-challenge-logs/file-32mib-restored.log:20: trailing whitespace.
+[INFO] 
docs/quality/WORK-LOWER-010/capacity-challenge-logs/file-32mib-restored.log:23: trailing whitespace.
+[INFO] 
docs/quality/WORK-LOWER-010/capacity-challenge-logs/file-32mib-restored.log:26: trailing whitespace.
+[INFO] 
docs/quality/WORK-LOWER-010/capacity-challenge-logs/file-32mib-restored.log:29: trailing whitespace.
+[INFO] 
docs/quality/WORK-LOWER-010/capacity-challenge-logs/file-32mib-restored.log:32: trailing whitespace.
+[INFO] 
docs/quality/WORK-LOWER-010/capacity-challenge-logs/file-32mib-restored.log:34: trailing whitespace.
+[INFO] 
docs/quality/WORK-LOWER-010/capacity-challenge-logs/file-32mib-restored.log:37: trailing whitespace.
+[INFO] 
docs/quality/WORK-LOWER-010/capacity-challenge-logs/file-32mib-restored.log:39: trailing whitespace.
+[INFO] 
docs/quality/WORK-LOWER-010/capacity-challenge-logs/file-32mib-restored.log:41: trailing whitespace.
+[INFO] 
docs/quality/WORK-LOWER-010/capacity-challenge-logs/file-32mib-restored.log:48: trailing whitespace.
+[INFO] 
docs/quality/WORK-LOWER-010/capacity-challenge-logs/file-32mib-restored.log:58: trailing whitespace.
+[INFO] 
docs/quality/WORK-LOWER-010/capacity-challenge-logs/file-32mib-restored.log:63: trailing whitespace.
+[INFO] 
docs/quality/WORK-LOWER-010/capacity-challenge-logs/file-32mib-restored.log:66: trailing whitespace.
+[INFO] 
docs/quality/WORK-LOWER-010/capacity-challenge-logs/file-32mib-restored.log:70: trailing whitespace.
+[INFO] 
docs/quality/WORK-LOWER-010/capacity-challenge-logs/file-32mib-restored.log:73: trailing whitespace.
+[INFO] 
docs/quality/WORK-LOWER-010/capacity-challenge-logs/file-32mib-restored.log:77: trailing whitespace.
+[INFO] 
docs/quality/WORK-LOWER-010/capacity-challenge-logs/nodes-1500000-baseline.log:4: trailing whitespace.
+[INFO] 
docs/quality/WORK-LOWER-010/capacity-challenge-logs/nodes-1500000-baseline.log:7: trailing whitespace.
+[INFO] 
docs/quality/WORK-LOWER-010/capacity-challenge-logs/nodes-1500000-baseline.log:12: trailing whitespace.
+[INFO] 
docs/quality/WORK-LOWER-010/capacity-challenge-logs/nodes-1500000-baseline.log:15: trailing whitespace.
+[INFO] 
docs/quality/WORK-LOWER-010/capacity-challenge-logs/nodes-1500000-baseline.log:20: trailing whitespace.
+[INFO] 
docs/quality/WORK-LOWER-010/capacity-challenge-logs/nodes-1500000-baseline.log:23: trailing whitespace.
+[INFO] 
docs/quality/WORK-LOWER-010/capacity-challenge-logs/nodes-1500000-baseline.log:26: trailing whitespace.
+[INFO] 
docs/quality/WORK-LOWER-010/capacity-challenge-logs/nodes-1500000-baseline.log:29: trailing whitespace.
+[INFO] 
docs/quality/WORK-LOWER-010/capacity-challenge-logs/nodes-1500000-baseline.log:32: trailing whitespace.
+[INFO] 
docs/quality/WORK-LOWER-010/capacity-challenge-logs/nodes-1500000-baseline.log:34: trailing whitespace.
+[INFO] 
docs/quality/WORK-LOWER-010/capacity-challenge-logs/nodes-1500000-baseline.log:37: trailing whitespace.
+[INFO] 
docs/quality/WORK-LOWER-010/capacity-challenge-logs/nodes-1500000-baseline.log:39: trailing whitespace.
+[INFO] 
docs/quality/WORK-LOWER-010/capacity-challenge-logs/nodes-1500000-baseline.log:41: trailing whitespace.
+[INFO] 
docs/quality/WORK-LOWER-010/capacity-challenge-logs/nodes-1500000-baseline.log:48: trailing whitespace.
+[INFO] 
docs/quality/WORK-LOWER-010/capacity-challenge-logs/nodes-1500000-baseline.log:58: trailing whitespace.
+[INFO] 
docs/quality/WORK-LOWER-010/capacity-challenge-logs/nodes-1500000-baseline.log:63: trailing whitespace.
+[INFO] 
docs/quality/WORK-LOWER-010/capacity-challenge-logs/nodes-1500000-baseline.log:66: trailing whitespace.
+[INFO] 
docs/quality/WORK-LOWER-010/capacity-challenge-logs/nodes-1500000-baseline.log:69: trailing whitespace.
+[INFO] 
docs/quality/WORK-LOWER-010/capacity-challenge-logs/nodes-1500000-baseline.log:72: trailing whitespace.
+[INFO] 
docs/quality/WORK-LOWER-010/capacity-challenge-logs/nodes-1500000-baseline.log:75: trailing whitespace.
+[INFO] 
docs/quality/WORK-LOWER-010/capacity-challenge-logs/nodes-1500000-red.log:4: trailing whitespace.
+[INFO] 
docs/quality/WORK-LOWER-010/capacity-challenge-logs/nodes-1500000-red.log:7: trailing whitespace.
+[INFO] 
docs/quality/WORK-LOWER-010/capacity-challenge-logs/nodes-1500000-red.log:12: trailing whitespace.
+[INFO] 
docs/quality/WORK-LOWER-010/capacity-challenge-logs/nodes-1500000-red.log:15: trailing whitespace.
+[INFO] 
docs/quality/WORK-LOWER-010/capacity-challenge-logs/nodes-1500000-red.log:20: trailing whitespace.
+[INFO] 
docs/quality/WORK-LOWER-010/capacity-challenge-logs/nodes-1500000-red.log:23: trailing whitespace.
+[INFO] 
docs/quality/WORK-LOWER-010/capacity-challenge-logs/nodes-1500000-red.log:26: trailing whitespace.
+[INFO] 
docs/quality/WORK-LOWER-010/capacity-challenge-logs/nodes-1500000-red.log:29: trailing whitespace.
+[INFO] 
docs/quality/WORK-LOWER-010/capacity-challenge-logs/nodes-1500000-red.log:32: trailing whitespace.
+[INFO] 
docs/quality/WORK-LOWER-010/capacity-challenge-logs/nodes-1500000-red.log:34: trailing whitespace.
+[INFO] 
docs/quality/WORK-LOWER-010/capacity-challenge-logs/nodes-1500000-red.log:37: trailing whitespace.
+[INFO] 
docs/quality/WORK-LOWER-010/capacity-challenge-logs/nodes-1500000-red.log:39: trailing whitespace.
+[INFO] 
docs/quality/WORK-LOWER-010/capacity-challenge-logs/nodes-1500000-red.log:41: trailing whitespace.
+[INFO] 
docs/quality/WORK-LOWER-010/capacity-challenge-logs/nodes-1500000-red.log:48: trailing whitespace.
+[INFO] 
docs/quality/WORK-LOWER-010/capacity-challenge-logs/nodes-1500000-red.log:58: trailing whitespace.
+[INFO] 
docs/quality/WORK-LOWER-010/capacity-challenge-logs/nodes-1500000-red.log:63: trailing whitespace.
+[INFO] 
docs/quality/WORK-LOWER-010/capacity-challenge-logs/nodes-1500000-red.log:66: trailing whitespace.
+[INFO] 
docs/quality/WORK-LOWER-010/capacity-challenge-logs/nodes-1500000-red.log:70: trailing whitespace.
+[INFO] 
docs/quality/WORK-LOWER-010/capacity-challenge-logs/nodes-1500000-red.log:73: trailing whitespace.
+[INFO] 
docs/quality/WORK-LOWER-010/capacity-challenge-logs/nodes-1500000-red.log:77: trailing whitespace.
+[INFO] 
docs/quality/WORK-LOWER-010/capacity-challenge-logs/nodes-1500000-red.log:80: trailing whitespace.
+[WARNING] 
docs/quality/WORK-LOWER-010/capacity-challenge-logs/nodes-1500000-red.log:97: trailing whitespace.
+[ERROR] 
docs/quality/WORK-LOWER-010/capacity-challenge-logs/nodes-1500000-red.log:100: trailing whitespace.
+[ERROR] 
docs/quality/WORK-LOWER-010/capacity-challenge-logs/nodes-1500000-restored.log:4: trailing whitespace.
+[INFO] 
docs/quality/WORK-LOWER-010/capacity-challenge-logs/nodes-1500000-restored.log:7: trailing whitespace.
+[INFO] 
docs/quality/WORK-LOWER-010/capacity-challenge-logs/nodes-1500000-restored.log:12: trailing whitespace.
+[INFO] 
docs/quality/WORK-LOWER-010/capacity-challenge-logs/nodes-1500000-restored.log:15: trailing whitespace.
+[INFO] 
docs/quality/WORK-LOWER-010/capacity-challenge-logs/nodes-1500000-restored.log:20: trailing whitespace.
+[INFO] 
docs/quality/WORK-LOWER-010/capacity-challenge-logs/nodes-1500000-restored.log:23: trailing whitespace.
+[INFO] 
docs/quality/WORK-LOWER-010/capacity-challenge-logs/nodes-1500000-restored.log:26: trailing whitespace.
+[INFO] 
docs/quality/WORK-LOWER-010/capacity-challenge-logs/nodes-1500000-restored.log:29: trailing whitespace.
+[INFO] 
docs/quality/WORK-LOWER-010/capacity-challenge-logs/nodes-1500000-restored.log:32: trailing whitespace.
+[INFO] 
docs/quality/WORK-LOWER-010/capacity-challenge-logs/nodes-1500000-restored.log:34: trailing whitespace.
+[INFO] 
docs/quality/WORK-LOWER-010/capacity-challenge-logs/nodes-1500000-restored.log:37: trailing whitespace.
+[INFO] 
docs/quality/WORK-LOWER-010/capacity-challenge-logs/nodes-1500000-restored.log:39: trailing whitespace.
+[INFO] 
docs/quality/WORK-LOWER-010/capacity-challenge-logs/nodes-1500000-restored.log:41: trailing whitespace.
+[INFO] 
docs/quality/WORK-LOWER-010/capacity-challenge-logs/nodes-1500000-restored.log:48: trailing whitespace.
+[INFO] 
docs/quality/WORK-LOWER-010/capacity-challenge-logs/nodes-1500000-restored.log:58: trailing whitespace.
+[INFO] 
docs/quality/WORK-LOWER-010/capacity-challenge-logs/nodes-1500000-restored.log:63: trailing whitespace.
+[INFO] 
docs/quality/WORK-LOWER-010/capacity-challenge-logs/nodes-1500000-restored.log:66: trailing whitespace.
+[INFO] 
docs/quality/WORK-LOWER-010/capacity-challenge-logs/nodes-1500000-restored.log:70: trailing whitespace.
+[INFO] 
docs/quality/WORK-LOWER-010/capacity-challenge-logs/nodes-1500000-restored.log:73: trailing whitespace.
+[INFO] 
docs/quality/WORK-LOWER-010/capacity-challenge-logs/nodes-1500000-restored.log:77: trailing whitespace.
+[INFO] 
docs/quality/WORK-LOWER-010/capacity-challenge-logs/prepare-core.log:4: trailing whitespace.
+[INFO] 
docs/quality/WORK-LOWER-010/capacity-challenge-logs/prepare-core.log:7: trailing whitespace.
+[INFO] 
docs/quality/WORK-LOWER-010/capacity-challenge-logs/prepare-core.log:12: trailing whitespace.
+[INFO] 
docs/quality/WORK-LOWER-010/capacity-challenge-logs/prepare-core.log:15: trailing whitespace.
+[INFO] 
docs/quality/WORK-LOWER-010/capacity-challenge-logs/prepare-core.log:20: trailing whitespace.
+[INFO] 
docs/quality/WORK-LOWER-010/capacity-challenge-logs/prepare-core.log:23: trailing whitespace.
+[INFO] 
docs/quality/WORK-LOWER-010/capacity-challenge-logs/prepare-core.log:27: trailing whitespace.
+[INFO] 
docs/quality/WORK-LOWER-010/capacity-challenge-logs/prepare-core.log:30: trailing whitespace.
+[INFO] 
docs/quality/WORK-LOWER-010/capacity-challenge-logs/prepare-core.log:34: trailing whitespace.
+[INFO] 
docs/quality/WORK-LOWER-010/capacity-challenge-logs/prepare-core.log:36: trailing whitespace.
+[INFO] 
docs/quality/WORK-LOWER-010/capacity-challenge-logs/prepare-core.log:367: trailing whitespace.
+[INFO] 
docs/quality/WORK-LOWER-010/capacity-challenge-logs/prepare-core.log:370: trailing whitespace.
+[INFO] 
docs/quality/WORK-LOWER-010/capacity-challenge-logs/prepare-core.log:373: trailing whitespace.
+[INFO] 
docs/quality/WORK-LOWER-010/capacity-challenge-logs/prepare-core.log:380: trailing whitespace.
+[INFO] 
docs/quality/WORK-LOWER-010/capacity-challenge-logs/visits-250000-baseline.log:4: trailing whitespace.
+[INFO] 
docs/quality/WORK-LOWER-010/capacity-challenge-logs/visits-250000-baseline.log:7: trailing whitespace.
+[INFO] 
docs/quality/WORK-LOWER-010/capacity-challenge-logs/visits-250000-baseline.log:12: trailing whitespace.
+[INFO] 
docs/quality/WORK-LOWER-010/capacity-challenge-logs/visits-250000-baseline.log:15: trailing whitespace.
+[INFO] 
docs/quality/WORK-LOWER-010/capacity-challenge-logs/visits-250000-baseline.log:20: trailing whitespace.
+[INFO] 
docs/quality/WORK-LOWER-010/capacity-challenge-logs/visits-250000-baseline.log:23: trailing whitespace.
+[INFO] 
docs/quality/WORK-LOWER-010/capacity-challenge-logs/visits-250000-baseline.log:26: trailing whitespace.
+[INFO] 
docs/quality/WORK-LOWER-010/capacity-challenge-logs/visits-250000-baseline.log:29: trailing whitespace.
+[INFO] 
docs/quality/WORK-LOWER-010/capacity-challenge-logs/visits-250000-baseline.log:32: trailing whitespace.
+[INFO] 
docs/quality/WORK-LOWER-010/capacity-challenge-logs/visits-250000-baseline.log:34: trailing whitespace.
+[INFO] 
docs/quality/WORK-LOWER-010/capacity-challenge-logs/visits-250000-baseline.log:37: trailing whitespace.
+[INFO] 
docs/quality/WORK-LOWER-010/capacity-challenge-logs/visits-250000-baseline.log:39: trailing whitespace.
+[INFO] 
docs/quality/WORK-LOWER-010/capacity-challenge-logs/visits-250000-baseline.log:41: trailing whitespace.
+[INFO] 
docs/quality/WORK-LOWER-010/capacity-challenge-logs/visits-250000-baseline.log:48: trailing whitespace.
+[INFO] 
docs/quality/WORK-LOWER-010/capacity-challenge-logs/visits-250000-baseline.log:58: trailing whitespace.
+[INFO] 
docs/quality/WORK-LOWER-010/capacity-challenge-logs/visits-250000-baseline.log:63: trailing whitespace.
+[INFO] 
docs/quality/WORK-LOWER-010/capacity-challenge-logs/visits-250000-baseline.log:66: trailing whitespace.
+[INFO] 
docs/quality/WORK-LOWER-010/capacity-challenge-logs/visits-250000-baseline.log:69: trailing whitespace.
+[INFO] 
docs/quality/WORK-LOWER-010/capacity-challenge-logs/visits-250000-baseline.log:72: trailing whitespace.
+[INFO] 
docs/quality/WORK-LOWER-010/capacity-challenge-logs/visits-250000-baseline.log:75: trailing whitespace.
+[INFO] 
docs/quality/WORK-LOWER-010/capacity-challenge-logs/visits-250000-red.log:4: trailing whitespace.
+[INFO] 
docs/quality/WORK-LOWER-010/capacity-challenge-logs/visits-250000-red.log:7: trailing whitespace.
+[INFO] 
docs/quality/WORK-LOWER-010/capacity-challenge-logs/visits-250000-red.log:12: trailing whitespace.
+[INFO] 
docs/quality/WORK-LOWER-010/capacity-challenge-logs/visits-250000-red.log:15: trailing whitespace.
+[INFO] 
docs/quality/WORK-LOWER-010/capacity-challenge-logs/visits-250000-red.log:20: trailing whitespace.
+[INFO] 
docs/quality/WORK-LOWER-010/capacity-challenge-logs/visits-250000-red.log:23: trailing whitespace.
+[INFO] 
docs/quality/WORK-LOWER-010/capacity-challenge-logs/visits-250000-red.log:27: trailing whitespace.
+[INFO] 
docs/quality/WORK-LOWER-010/capacity-challenge-logs/visits-250000-red.log:30: trailing whitespace.
+[INFO] 
docs/quality/WORK-LOWER-010/capacity-challenge-logs/visits-250000-red.log:34: trailing whitespace.
+[INFO] 
docs/quality/WORK-LOWER-010/capacity-challenge-logs/visits-250000-red.log:36: trailing whitespace.
+[INFO] 
docs/quality/WORK-LOWER-010/capacity-challenge-logs/visits-250000-red.log:39: trailing whitespace.
+[INFO] 
docs/quality/WORK-LOWER-010/capacity-challenge-logs/visits-250000-red.log:42: trailing whitespace.
+[INFO] 
docs/quality/WORK-LOWER-010/capacity-challenge-logs/visits-250000-red.log:45: trailing whitespace.
+[INFO] 
docs/quality/WORK-LOWER-010/capacity-challenge-logs/visits-250000-red.log:52: trailing whitespace.
+[INFO] 
docs/quality/WORK-LOWER-010/capacity-challenge-logs/visits-250000-red.log:62: trailing whitespace.
+[INFO] 
docs/quality/WORK-LOWER-010/capacity-challenge-logs/visits-250000-red.log:67: trailing whitespace.
+[INFO] 
docs/quality/WORK-LOWER-010/capacity-challenge-logs/visits-250000-red.log:70: trailing whitespace.
+[INFO] 
docs/quality/WORK-LOWER-010/capacity-challenge-logs/visits-250000-red.log:73: trailing whitespace.
+[INFO] 
docs/quality/WORK-LOWER-010/capacity-challenge-logs/visits-250000-red.log:76: trailing whitespace.
+[INFO] 
docs/quality/WORK-LOWER-010/capacity-challenge-logs/visits-250000-red.log:79: trailing whitespace.
+[INFO] 
docs/quality/WORK-LOWER-010/capacity-challenge-logs/visits-250000-red.log:82: trailing whitespace.
+[WARNING] 
docs/quality/WORK-LOWER-010/capacity-challenge-logs/visits-250000-red.log:99: trailing whitespace.
+[ERROR] 
docs/quality/WORK-LOWER-010/capacity-challenge-logs/visits-250000-red.log:102: trailing whitespace.
+[ERROR] 
docs/quality/WORK-LOWER-010/capacity-challenge-logs/visits-250000-restored.log:4: trailing whitespace.
+[INFO] 
docs/quality/WORK-LOWER-010/capacity-challenge-logs/visits-250000-restored.log:7: trailing whitespace.
+[INFO] 
docs/quality/WORK-LOWER-010/capacity-challenge-logs/visits-250000-restored.log:12: trailing whitespace.
+[INFO] 
docs/quality/WORK-LOWER-010/capacity-challenge-logs/visits-250000-restored.log:15: trailing whitespace.
+[INFO] 
docs/quality/WORK-LOWER-010/capacity-challenge-logs/visits-250000-restored.log:20: trailing whitespace.
+[INFO] 
docs/quality/WORK-LOWER-010/capacity-challenge-logs/visits-250000-restored.log:23: trailing whitespace.
+[INFO] 
docs/quality/WORK-LOWER-010/capacity-challenge-logs/visits-250000-restored.log:27: trailing whitespace.
+[INFO] 
docs/quality/WORK-LOWER-010/capacity-challenge-logs/visits-250000-restored.log:30: trailing whitespace.
+[INFO] 
docs/quality/WORK-LOWER-010/capacity-challenge-logs/visits-250000-restored.log:34: trailing whitespace.
+[INFO] 
docs/quality/WORK-LOWER-010/capacity-challenge-logs/visits-250000-restored.log:36: trailing whitespace.
+[INFO] 
docs/quality/WORK-LOWER-010/capacity-challenge-logs/visits-250000-restored.log:39: trailing whitespace.
+[INFO] 
docs/quality/WORK-LOWER-010/capacity-challenge-logs/visits-250000-restored.log:42: trailing whitespace.
+[INFO] 
docs/quality/WORK-LOWER-010/capacity-challenge-logs/visits-250000-restored.log:45: trailing whitespace.
+[INFO] 
docs/quality/WORK-LOWER-010/capacity-challenge-logs/visits-250000-restored.log:52: trailing whitespace.
+[INFO] 
docs/quality/WORK-LOWER-010/capacity-challenge-logs/visits-250000-restored.log:62: trailing whitespace.
+[INFO] 
docs/quality/WORK-LOWER-010/capacity-challenge-logs/visits-250000-restored.log:67: trailing whitespace.
+[INFO] 
docs/quality/WORK-LOWER-010/capacity-challenge-logs/visits-250000-restored.log:70: trailing whitespace.
+[INFO] 
docs/quality/WORK-LOWER-010/capacity-challenge-logs/visits-250000-restored.log:73: trailing whitespace.
+[INFO] 
docs/quality/WORK-LOWER-010/capacity-challenge-logs/visits-250000-restored.log:76: trailing whitespace.
+[INFO] 
docs/quality/WORK-LOWER-010/capacity-challenge-logs/visits-250000-restored.log:79: trailing whitespace.
+[INFO] 
docs/quality/WORK-LOWER-010/decoder-build-01.log:4: trailing whitespace.
+[INFO] 
docs/quality/WORK-LOWER-010/decoder-build-01.log:8: trailing whitespace.
+[INFO] 
docs/quality/WORK-LOWER-010/decoder-build-01.log:13: trailing whitespace.
+[INFO] 
docs/quality/WORK-LOWER-010/decoder-build-01.log:18: trailing whitespace.
+[INFO] 
docs/quality/WORK-LOWER-010/decoder-build-01.log:21: trailing whitespace.
+[INFO] 
docs/quality/WORK-LOWER-010/decoder-build-01.log:25: trailing whitespace.
+[INFO] 
docs/quality/WORK-LOWER-010/decoder-build-01.log:28: trailing whitespace.
+[INFO] 
docs/quality/WORK-LOWER-010/decoder-build-01.log:32: trailing whitespace.
+[INFO] 
docs/quality/WORK-LOWER-010/decoder-build-01.log:35: trailing whitespace.
+[INFO] 
docs/quality/WORK-LOWER-010/decoder-build-01.log:38: trailing whitespace.
+[INFO] 
docs/quality/WORK-LOWER-010/decoder-build-01.log:41: trailing whitespace.
+[INFO] 
docs/quality/WORK-LOWER-010/decoder-build-01.log:44: trailing whitespace.
+[INFO] 
docs/quality/WORK-LOWER-010/decoder-build-01.log:49: trailing whitespace.
+[INFO] 
docs/quality/WORK-LOWER-010/decoder-build-01.log:52: trailing whitespace.
+[INFO] 
docs/quality/WORK-LOWER-010/decoder-build-01.log:56: trailing whitespace.
+[INFO] 
docs/quality/WORK-LOWER-010/decoder-build-01.log:59: trailing whitespace.
+[INFO] 
docs/quality/WORK-LOWER-010/decoder-build-01.log:63: trailing whitespace.
+[INFO] 
docs/quality/WORK-LOWER-010/decoder-build-01.log:66: trailing whitespace.
+[INFO] 
docs/quality/WORK-LOWER-010/decoder-build-01.log:69: trailing whitespace.
+[INFO] 
docs/quality/WORK-LOWER-010/decoder-build-01.log:72: trailing whitespace.
+[INFO] 
docs/quality/WORK-LOWER-010/decoder-build-01.log:77: trailing whitespace.
+[INFO] 
docs/quality/WORK-LOWER-010/decoder-build.log:9: trailing whitespace.
+[ERROR] 
docs/quality/WORK-LOWER-010/decoder-build.log:12: trailing whitespace.
+[ERROR] 
docs/quality/WORK-LOWER-010/decoder-only.patch:93: trailing whitespace.
+ 
docs/quality/WORK-LOWER-010/decoder-only.patch:129: trailing whitespace.
+ 
docs/quality/WORK-LOWER-010/decoder-only.patch:207: trailing whitespace.
+ 
docs/quality/WORK-LOWER-010/fast.log:2: trailing whitespace.
+[INFO] 
docs/quality/WORK-LOWER-010/fast.log:7: trailing whitespace.
+[INFO] 
docs/quality/WORK-LOWER-010/first-green-attempt.log:4: trailing whitespace.
+[INFO] 
docs/quality/WORK-LOWER-010/first-green-attempt.log:8: trailing whitespace.
+[INFO] 
docs/quality/WORK-LOWER-010/first-green-attempt.log:13: trailing whitespace.
+[INFO] 
docs/quality/WORK-LOWER-010/first-green-attempt.log:18: trailing whitespace.
+[INFO] 
docs/quality/WORK-LOWER-010/first-green-attempt.log:21: trailing whitespace.
+[INFO] 
docs/quality/WORK-LOWER-010/first-green-attempt.log:25: trailing whitespace.
+[INFO] 
docs/quality/WORK-LOWER-010/first-green-attempt.log:28: trailing whitespace.
+[INFO] 
docs/quality/WORK-LOWER-010/first-green-attempt.log:32: trailing whitespace.
+[INFO] 
docs/quality/WORK-LOWER-010/first-green-attempt.log:34: trailing whitespace.
+[INFO] 
docs/quality/WORK-LOWER-010/first-green-attempt.log:365: trailing whitespace.
+[INFO] 
docs/quality/WORK-LOWER-010/first-green-attempt.log:368: trailing whitespace.
+[INFO] 
docs/quality/WORK-LOWER-010/first-green-attempt.log:371: trailing whitespace.
+[INFO] 
docs/quality/WORK-LOWER-010/first-green-attempt.log:376: trailing whitespace.
+[INFO] 
docs/quality/WORK-LOWER-010/first-green-attempt.log:379: trailing whitespace.
+[INFO] 
docs/quality/WORK-LOWER-010/first-green-attempt.log:383: trailing whitespace.
+[INFO] 
docs/quality/WORK-LOWER-010/first-green-attempt.log:386: trailing whitespace.
+[INFO] 
docs/quality/WORK-LOWER-010/first-green-attempt.log:390: trailing whitespace.
+[INFO] 
docs/quality/WORK-LOWER-010/first-green-attempt.log:392: trailing whitespace.
+[INFO] 
docs/quality/WORK-LOWER-010/first-green-attempt.log:397: trailing whitespace.
+[WARNING] 
docs/quality/WORK-LOWER-010/first-green-attempt.log:409: trailing whitespace.
+[INFO] 
docs/quality/WORK-LOWER-010/first-green-attempt.log:420: trailing whitespace.
+[ERROR] 
docs/quality/WORK-LOWER-010/first-green-attempt.log:423: trailing whitespace.
+[ERROR] 
docs/quality/WORK-LOWER-010/first-green-attempt.log:426: trailing whitespace.
+[ERROR] 
docs/quality/WORK-LOWER-010/full-initial-scope-failure.log:5: trailing whitespace.
+[INFO] 
docs/quality/WORK-LOWER-010/full-initial-scope-failure.log:9: trailing whitespace.
+[INFO] 
docs/quality/WORK-LOWER-010/full-initial-scope-failure.log:14: trailing whitespace.
+[INFO] 
docs/quality/WORK-LOWER-010/full-initial-scope-failure.log:19: trailing whitespace.
+[INFO] 
docs/quality/WORK-LOWER-010/full-initial-scope-failure.log:22: trailing whitespace.
+[INFO] 
docs/quality/WORK-LOWER-010/full-initial-scope-failure.log:25: trailing whitespace.
+[INFO] 
docs/quality/WORK-LOWER-010/full-initial-scope-failure.log:28: trailing whitespace.
+[INFO] 
docs/quality/WORK-LOWER-010/full-initial-scope-failure.log:31: trailing whitespace.
+[INFO] 
docs/quality/WORK-LOWER-010/full-initial-scope-failure.log:33: trailing whitespace.
+[INFO] 
docs/quality/WORK-LOWER-010/full-initial-scope-failure.log:364: trailing whitespace.
+[INFO] 
docs/quality/WORK-LOWER-010/full-initial-scope-failure.log:366: trailing whitespace.
+[INFO] 
docs/quality/WORK-LOWER-010/full-initial-scope-failure.log:368: trailing whitespace.
+[INFO] 
docs/quality/WORK-LOWER-010/full-initial-scope-failure.log:373: trailing whitespace.
+[INFO] 
docs/quality/WORK-LOWER-010/full-initial-scope-failure.log:376: trailing whitespace.
+[INFO] 
docs/quality/WORK-LOWER-010/full-initial-scope-failure.log:379: trailing whitespace.
+[INFO] 
docs/quality/WORK-LOWER-010/full-initial-scope-failure.log:382: trailing whitespace.
+[INFO] 
docs/quality/WORK-LOWER-010/full-initial-scope-failure.log:385: trailing whitespace.
+[INFO] 
docs/quality/WORK-LOWER-010/full-initial-scope-failure.log:387: trailing whitespace.
+[INFO] 
docs/quality/WORK-LOWER-010/full-initial-scope-failure.log:394: trailing whitespace.
+[INFO] 
docs/quality/WORK-LOWER-010/full-initial-scope-failure.log:401: trailing whitespace.
+[INFO] 
docs/quality/WORK-LOWER-010/full-initial-scope-failure.log:405: trailing whitespace.
+[INFO] 
docs/quality/WORK-LOWER-010/full-initial-scope-failure.log:420: trailing whitespace.
+[INFO] 
docs/quality/WORK-LOWER-010/full-initial-scope-failure.log:424: trailing whitespace.
+[INFO] 
docs/quality/WORK-LOWER-010/full-initial-scope-failure.log:429: trailing whitespace.
+[INFO] 
docs/quality/WORK-LOWER-010/full-initial-scope-failure.log:434: trailing whitespace.
+[INFO] 
docs/quality/WORK-LOWER-010/full-initial-scope-failure.log:437: trailing whitespace.
+[INFO] 
docs/quality/WORK-LOWER-010/full-initial-scope-failure.log:440: trailing whitespace.
+[INFO] 
docs/quality/WORK-LOWER-010/full-initial-scope-failure.log:443: trailing whitespace.
+[INFO] 
docs/quality/WORK-LOWER-010/full-initial-scope-failure.log:446: trailing whitespace.
+[INFO] 
docs/quality/WORK-LOWER-010/full-initial-scope-failure.log:448: trailing whitespace.
+[INFO] 
docs/quality/WORK-LOWER-010/full-initial-scope-failure.log:790: trailing whitespace.
+[INFO] 
docs/quality/WORK-LOWER-010/full-initial-scope-failure.log:792: trailing whitespace.
+[INFO] 
docs/quality/WORK-LOWER-010/full-initial-scope-failure.log:794: trailing whitespace.
+[INFO] 
docs/quality/WORK-LOWER-010/full-initial-scope-failure.log:799: trailing whitespace.
+[INFO] 
docs/quality/WORK-LOWER-010/full-initial-scope-failure.log:802: trailing whitespace.
+[INFO] 
docs/quality/WORK-LOWER-010/full-initial-scope-failure.log:805: trailing whitespace.
+[INFO] 
docs/quality/WORK-LOWER-010/full-initial-scope-failure.log:808: trailing whitespace.
+[INFO] 
docs/quality/WORK-LOWER-010/full-initial-scope-failure.log:811: trailing whitespace.
+[INFO] 
docs/quality/WORK-LOWER-010/full-initial-scope-failure.log:813: trailing whitespace.
+[INFO] 
docs/quality/WORK-LOWER-010/full-initial-scope-failure.log:826: trailing whitespace.
+[INFO] 
docs/quality/WORK-LOWER-010/full-initial-scope-failure.log:844: trailing whitespace.
+[INFO] 
docs/quality/WORK-LOWER-010/full-initial-scope-failure.log:848: trailing whitespace.
+[INFO] 
docs/quality/WORK-LOWER-010/full-initial-scope-failure.log:862: trailing whitespace.
+[INFO] 
docs/quality/WORK-LOWER-010/full-initial-scope-failure.log:867: trailing whitespace.
+[INFO] 
docs/quality/WORK-LOWER-010/full-output-oracle-order-failure.log:5: trailing whitespace.
+[INFO] 
docs/quality/WORK-LOWER-010/full-output-oracle-order-failure.log:9: trailing whitespace.
+[INFO] 
docs/quality/WORK-LOWER-010/full-output-oracle-order-failure.log:14: trailing whitespace.
+[INFO] 
docs/quality/WORK-LOWER-010/full-output-oracle-order-failure.log:19: trailing whitespace.
+[INFO] 
docs/quality/WORK-LOWER-010/full-output-oracle-order-failure.log:22: trailing whitespace.
+[INFO] 
docs/quality/WORK-LOWER-010/full-output-oracle-order-failure.log:25: trailing whitespace.
+[INFO] 
docs/quality/WORK-LOWER-010/full-output-oracle-order-failure.log:28: trailing whitespace.
+[INFO] 
docs/quality/WORK-LOWER-010/full-output-oracle-order-failure.log:31: trailing whitespace.
+[INFO] 
docs/quality/WORK-LOWER-010/full-output-oracle-order-failure.log:33: trailing whitespace.
+[INFO] 
docs/quality/WORK-LOWER-010/full-output-oracle-order-failure.log:364: trailing whitespace.
+[INFO] 
docs/quality/WORK-LOWER-010/full-output-oracle-order-failure.log:366: trailing whitespace.
+[INFO] 
docs/quality/WORK-LOWER-010/full-output-oracle-order-failure.log:368: trailing whitespace.
+[INFO] 
docs/quality/WORK-LOWER-010/full-output-oracle-order-failure.log:373: trailing whitespace.
+[INFO] 
docs/quality/WORK-LOWER-010/full-output-oracle-order-failure.log:376: trailing whitespace.
+[INFO] 
docs/quality/WORK-LOWER-010/full-output-oracle-order-failure.log:379: trailing whitespace.
+[INFO] 
docs/quality/WORK-LOWER-010/full-output-oracle-order-failure.log:382: trailing whitespace.
+[INFO] 
docs/quality/WORK-LOWER-010/full-output-oracle-order-failure.log:385: trailing whitespace.
+[INFO] 
docs/quality/WORK-LOWER-010/full-output-oracle-order-failure.log:387: trailing whitespace.
+[INFO] 
docs/quality/WORK-LOWER-010/full-output-oracle-order-failure.log:394: trailing whitespace.
+[INFO] 
docs/quality/WORK-LOWER-010/full-output-oracle-order-failure.log:401: trailing whitespace.
+[INFO] 
docs/quality/WORK-LOWER-010/full-output-oracle-order-failure.log:405: trailing whitespace.
+[INFO] 
docs/quality/WORK-LOWER-010/full-output-oracle-order-failure.log:420: trailing whitespace.
+[INFO] 
docs/quality/WORK-LOWER-010/full-output-oracle-order-failure.log:424: trailing whitespace.
+[INFO] 
docs/quality/WORK-LOWER-010/full-output-oracle-order-failure.log:429: trailing whitespace.
+[INFO] 
docs/quality/WORK-LOWER-010/full-output-oracle-order-failure.log:434: trailing whitespace.
+[INFO] 
docs/quality/WORK-LOWER-010/full-output-oracle-order-failure.log:437: trailing whitespace.
+[INFO] 
docs/quality/WORK-LOWER-010/full-output-oracle-order-failure.log:440: trailing whitespace.
+[INFO] 
docs/quality/WORK-LOWER-010/full-output-oracle-order-failure.log:443: trailing whitespace.
+[INFO] 
docs/quality/WORK-LOWER-010/full-output-oracle-order-failure.log:446: trailing whitespace.
+[INFO] 
docs/quality/WORK-LOWER-010/full-output-oracle-order-failure.log:448: trailing whitespace.
+[INFO] 
docs/quality/WORK-LOWER-010/full-output-oracle-order-failure.log:790: trailing whitespace.
+[INFO] 
docs/quality/WORK-LOWER-010/full-output-oracle-order-failure.log:792: trailing whitespace.
+[INFO] 
docs/quality/WORK-LOWER-010/full-output-oracle-order-failure.log:794: trailing whitespace.
+[INFO] 
docs/quality/WORK-LOWER-010/full-output-oracle-order-failure.log:799: trailing whitespace.
+[INFO] 
docs/quality/WORK-LOWER-010/full-output-oracle-order-failure.log:802: trailing whitespace.
+[INFO] 
docs/quality/WORK-LOWER-010/full-output-oracle-order-failure.log:805: trailing whitespace.
+[INFO] 
docs/quality/WORK-LOWER-010/full-output-oracle-order-failure.log:808: trailing whitespace.
+[INFO] 
docs/quality/WORK-LOWER-010/full-output-oracle-order-failure.log:811: trailing whitespace.
+[INFO] 
docs/quality/WORK-LOWER-010/full-output-oracle-order-failure.log:813: trailing whitespace.
+[INFO] 
docs/quality/WORK-LOWER-010/full-output-oracle-order-failure.log:826: trailing whitespace.
+[INFO] 
docs/quality/WORK-LOWER-010/full-output-oracle-order-failure.log:844: trailing whitespace.
+[INFO] 
docs/quality/WORK-LOWER-010/full-output-oracle-order-failure.log:848: trailing whitespace.
+[INFO] 
docs/quality/WORK-LOWER-010/full-output-oracle-order-failure.log:862: trailing whitespace.
+[INFO] 
docs/quality/WORK-LOWER-010/full-output-oracle-order-failure.log:867: trailing whitespace.
+[INFO] 
docs/quality/WORK-LOWER-010/full-output-oracle-order-failure.log:1125: trailing whitespace.
+[INFO] 
docs/quality/WORK-LOWER-010/full-output-oracle-order-failure.log:1129: trailing whitespace.
+[INFO] 
docs/quality/WORK-LOWER-010/full-output-oracle-order-failure.log:1134: trailing whitespace.
+[INFO] 
docs/quality/WORK-LOWER-010/full-output-oracle-order-failure.log:1139: trailing whitespace.
+[INFO] 
docs/quality/WORK-LOWER-010/full-output-oracle-order-failure.log:1142: trailing whitespace.
+[INFO] 
docs/quality/WORK-LOWER-010/full-output-oracle-order-failure.log:1145: trailing whitespace.
+[INFO] 
docs/quality/WORK-LOWER-010/full-output-oracle-order-failure.log:1148: trailing whitespace.
+[INFO] 
docs/quality/WORK-LOWER-010/full-output-oracle-order-failure.log:1151: trailing whitespace.
+[INFO] 
docs/quality/WORK-LOWER-010/full-output-oracle-order-failure.log:1153: trailing whitespace.
+[INFO] 
docs/quality/WORK-LOWER-010/full-output-oracle-order-failure.log:1484: trailing whitespace.
+[INFO] 
docs/quality/WORK-LOWER-010/full-output-oracle-order-failure.log:1486: trailing whitespace.
+[INFO] 
docs/quality/WORK-LOWER-010/full-output-oracle-order-failure.log:1488: trailing whitespace.
+[INFO] 
docs/quality/WORK-LOWER-010/full-output-oracle-order-failure.log:1493: trailing whitespace.
+[INFO] 
docs/quality/WORK-LOWER-010/full-output-oracle-order-failure.log:1496: trailing whitespace.
+[INFO] 
docs/quality/WORK-LOWER-010/full-output-oracle-order-failure.log:1500: trailing whitespace.
+[INFO] 
docs/quality/WORK-LOWER-010/full-output-oracle-order-failure.log:1503: trailing whitespace.
+[INFO] 
docs/quality/WORK-LOWER-010/full-output-oracle-order-failure.log:1507: trailing whitespace.
+[INFO] 
docs/quality/WORK-LOWER-010/full-output-oracle-order-failure.log:1509: trailing whitespace.
+[INFO] 
docs/quality/WORK-LOWER-010/full-output-oracle-order-failure.log:1513: trailing whitespace.
+[WARNING] 
docs/quality/WORK-LOWER-010/full-output-oracle-order-failure.log:1527: trailing whitespace.
+[INFO] 
docs/quality/WORK-LOWER-010/full-output-oracle-order-failure.log:1538: trailing whitespace.
+[ERROR] 
docs/quality/WORK-LOWER-010/full-output-oracle-order-failure.log:1541: trailing whitespace.
+[ERROR] 
docs/quality/WORK-LOWER-010/full-output-oracle-order-failure.log:1544: trailing whitespace.
+[ERROR] 
docs/quality/WORK-LOWER-010/full.log:5: trailing whitespace.
+[INFO] 
docs/quality/WORK-LOWER-010/full.log:9: trailing whitespace.
+[INFO] 
docs/quality/WORK-LOWER-010/full.log:14: trailing whitespace.
+[INFO] 
docs/quality/WORK-LOWER-010/full.log:19: trailing whitespace.
+[INFO] 
docs/quality/WORK-LOWER-010/full.log:22: trailing whitespace.
+[INFO] 
docs/quality/WORK-LOWER-010/full.log:25: trailing whitespace.
+[INFO] 
docs/quality/WORK-LOWER-010/full.log:28: trailing whitespace.
+[INFO] 
docs/quality/WORK-LOWER-010/full.log:31: trailing whitespace.
+[INFO] 
docs/quality/WORK-LOWER-010/full.log:33: trailing whitespace.
+[INFO] 
docs/quality/WORK-LOWER-010/full.log:364: trailing whitespace.
+[INFO] 
docs/quality/WORK-LOWER-010/full.log:366: trailing whitespace.
+[INFO] 
docs/quality/WORK-LOWER-010/full.log:368: trailing whitespace.
+[INFO] 
docs/quality/WORK-LOWER-010/full.log:373: trailing whitespace.
+[INFO] 
docs/quality/WORK-LOWER-010/full.log:376: trailing whitespace.
+[INFO] 
docs/quality/WORK-LOWER-010/full.log:379: trailing whitespace.
+[INFO] 
docs/quality/WORK-LOWER-010/full.log:382: trailing whitespace.
+[INFO] 
docs/quality/WORK-LOWER-010/full.log:385: trailing whitespace.
+[INFO] 
docs/quality/WORK-LOWER-010/full.log:387: trailing whitespace.
+[INFO] 
docs/quality/WORK-LOWER-010/full.log:394: trailing whitespace.
+[INFO] 
docs/quality/WORK-LOWER-010/full.log:401: trailing whitespace.
+[INFO] 
docs/quality/WORK-LOWER-010/full.log:405: trailing whitespace.
+[INFO] 
docs/quality/WORK-LOWER-010/full.log:420: trailing whitespace.
+[INFO] 
docs/quality/WORK-LOWER-010/full.log:424: trailing whitespace.
+[INFO] 
docs/quality/WORK-LOWER-010/full.log:429: trailing whitespace.
+[INFO] 
docs/quality/WORK-LOWER-010/full.log:434: trailing whitespace.
+[INFO] 
docs/quality/WORK-LOWER-010/full.log:437: trailing whitespace.
+[INFO] 
docs/quality/WORK-LOWER-010/full.log:440: trailing whitespace.
+[INFO] 
docs/quality/WORK-LOWER-010/full.log:443: trailing whitespace.
+[INFO] 
docs/quality/WORK-LOWER-010/full.log:446: trailing whitespace.
+[INFO] 
docs/quality/WORK-LOWER-010/full.log:448: trailing whitespace.
+[INFO] 
docs/quality/WORK-LOWER-010/full.log:790: trailing whitespace.
+[INFO] 
docs/quality/WORK-LOWER-010/full.log:792: trailing whitespace.
+[INFO] 
docs/quality/WORK-LOWER-010/full.log:794: trailing whitespace.
+[INFO] 
docs/quality/WORK-LOWER-010/full.log:799: trailing whitespace.
+[INFO] 
docs/quality/WORK-LOWER-010/full.log:802: trailing whitespace.
+[INFO] 
docs/quality/WORK-LOWER-010/full.log:805: trailing whitespace.
+[INFO] 
docs/quality/WORK-LOWER-010/full.log:808: trailing whitespace.
+[INFO] 
docs/quality/WORK-LOWER-010/full.log:811: trailing whitespace.
+[INFO] 
docs/quality/WORK-LOWER-010/full.log:813: trailing whitespace.
+[INFO] 
docs/quality/WORK-LOWER-010/full.log:826: trailing whitespace.
+[INFO] 
docs/quality/WORK-LOWER-010/full.log:844: trailing whitespace.
+[INFO] 
docs/quality/WORK-LOWER-010/full.log:848: trailing whitespace.
+[INFO] 
docs/quality/WORK-LOWER-010/full.log:862: trailing whitespace.
+[INFO] 
docs/quality/WORK-LOWER-010/full.log:867: trailing whitespace.
+[INFO] 
docs/quality/WORK-LOWER-010/green-before-full.log:4: trailing whitespace.
+[INFO] 
docs/quality/WORK-LOWER-010/green-before-full.log:8: trailing whitespace.
+[INFO] 
docs/quality/WORK-LOWER-010/green-before-full.log:13: trailing whitespace.
+[INFO] 
docs/quality/WORK-LOWER-010/green-before-full.log:18: trailing whitespace.
+[INFO] 
docs/quality/WORK-LOWER-010/green-before-full.log:21: trailing whitespace.
+[INFO] 
docs/quality/WORK-LOWER-010/green-before-full.log:24: trailing whitespace.
+[INFO] 
docs/quality/WORK-LOWER-010/green-before-full.log:27: trailing whitespace.
+[INFO] 
docs/quality/WORK-LOWER-010/green-before-full.log:31: trailing whitespace.
+[INFO] 
docs/quality/WORK-LOWER-010/green-before-full.log:33: trailing whitespace.
+[INFO] 
docs/quality/WORK-LOWER-010/green-before-full.log:364: trailing whitespace.
+[INFO] 
docs/quality/WORK-LOWER-010/green-before-full.log:366: trailing whitespace.
+[INFO] 
docs/quality/WORK-LOWER-010/green-before-full.log:369: trailing whitespace.
+[INFO] 
docs/quality/WORK-LOWER-010/green-before-full.log:374: trailing whitespace.
+[INFO] 
docs/quality/WORK-LOWER-010/green-before-full.log:377: trailing whitespace.
+[INFO] 
docs/quality/WORK-LOWER-010/green-before-full.log:380: trailing whitespace.
+[INFO] 
docs/quality/WORK-LOWER-010/green-before-full.log:383: trailing whitespace.
+[INFO] 
docs/quality/WORK-LOWER-010/green-before-full.log:387: trailing whitespace.
+[INFO] 
docs/quality/WORK-LOWER-010/green-before-full.log:389: trailing whitespace.
+[INFO] 
docs/quality/WORK-LOWER-010/green-before-full.log:396: trailing whitespace.
+[INFO] 
docs/quality/WORK-LOWER-010/green-before-full.log:403: trailing whitespace.
+[INFO] 
docs/quality/WORK-LOWER-010/green-before-full.log:407: trailing whitespace.
+[INFO] 
docs/quality/WORK-LOWER-010/lower-baseline-build-network.log:4: trailing whitespace.
+[INFO] 
docs/quality/WORK-LOWER-010/lower-baseline-build-network.log:8: trailing whitespace.
+[INFO] 
docs/quality/WORK-LOWER-010/lower-baseline-build-network.log:13: trailing whitespace.
+[INFO] 
docs/quality/WORK-LOWER-010/lower-baseline-build-network.log:18: trailing whitespace.
+[INFO] 
docs/quality/WORK-LOWER-010/lower-baseline-build-network.log:21: trailing whitespace.
+[INFO] 
docs/quality/WORK-LOWER-010/lower-baseline-build-network.log:25: trailing whitespace.
+[INFO] 
docs/quality/WORK-LOWER-010/lower-baseline-build-network.log:28: trailing whitespace.
+[INFO] 
docs/quality/WORK-LOWER-010/lower-baseline-build-network.log:32: trailing whitespace.
+[INFO] 
docs/quality/WORK-LOWER-010/lower-baseline-build-network.log:35: trailing whitespace.
+[INFO] 
docs/quality/WORK-LOWER-010/lower-baseline-build-network.log:38: trailing whitespace.
+[INFO] 
docs/quality/WORK-LOWER-010/lower-baseline-build-network.log:41: trailing whitespace.
+[INFO] 
docs/quality/WORK-LOWER-010/lower-baseline-build-network.log:44: trailing whitespace.
+[INFO] 
docs/quality/WORK-LOWER-010/lower-baseline-build-network.log:49: trailing whitespace.
+[INFO] 
docs/quality/WORK-LOWER-010/lower-baseline-build-network.log:52: trailing whitespace.
+[INFO] 
docs/quality/WORK-LOWER-010/lower-baseline-build-network.log:56: trailing whitespace.
+[INFO] 
docs/quality/WORK-LOWER-010/lower-baseline-build-network.log:59: trailing whitespace.
+[INFO] 
docs/quality/WORK-LOWER-010/lower-baseline-build-network.log:63: trailing whitespace.
+[INFO] 
docs/quality/WORK-LOWER-010/lower-baseline-build-network.log:66: trailing whitespace.
+[INFO] 
docs/quality/WORK-LOWER-010/lower-baseline-build-network.log:69: trailing whitespace.
+[INFO] 
docs/quality/WORK-LOWER-010/lower-baseline-build-network.log:72: trailing whitespace.
+[INFO] 
docs/quality/WORK-LOWER-010/lower-baseline-build-network.log:77: trailing whitespace.
+[INFO] 
docs/quality/WORK-LOWER-010/maven-clean-verify.log:4: trailing whitespace.
+[INFO] 
docs/quality/WORK-LOWER-010/maven-clean-verify.log:8: trailing whitespace.
+[INFO] 
docs/quality/WORK-LOWER-010/maven-clean-verify.log:13: trailing whitespace.
+[INFO] 
docs/quality/WORK-LOWER-010/maven-clean-verify.log:15: trailing whitespace.
+[INFO] 
docs/quality/WORK-LOWER-010/maven-clean-verify.log:20: trailing whitespace.
+[INFO] 
docs/quality/WORK-LOWER-010/maven-clean-verify.log:23: trailing whitespace.
+[INFO] 
docs/quality/WORK-LOWER-010/maven-clean-verify.log:26: trailing whitespace.
+[INFO] 
docs/quality/WORK-LOWER-010/maven-clean-verify.log:30: trailing whitespace.
+[INFO] 
docs/quality/WORK-LOWER-010/maven-clean-verify.log:33: trailing whitespace.
+[INFO] 
docs/quality/WORK-LOWER-010/maven-clean-verify.log:37: trailing whitespace.
+[INFO] 
docs/quality/WORK-LOWER-010/maven-clean-verify.log:39: trailing whitespace.
+[INFO] 
docs/quality/WORK-LOWER-010/maven-clean-verify.log:370: trailing whitespace.
+[INFO] 
docs/quality/WORK-LOWER-010/maven-clean-verify.log:373: trailing whitespace.
+[INFO] 
docs/quality/WORK-LOWER-010/maven-clean-verify.log:376: trailing whitespace.
+[INFO] 
docs/quality/WORK-LOWER-010/maven-clean-verify.log:381: trailing whitespace.
+[INFO] 
docs/quality/WORK-LOWER-010/maven-clean-verify.log:384: trailing whitespace.
+[INFO] 
docs/quality/WORK-LOWER-010/maven-clean-verify.log:387: trailing whitespace.
+[INFO] 
docs/quality/WORK-LOWER-010/maven-clean-verify.log:391: trailing whitespace.
+[INFO] 
docs/quality/WORK-LOWER-010/maven-clean-verify.log:394: trailing whitespace.
+[INFO] 
docs/quality/WORK-LOWER-010/maven-clean-verify.log:398: trailing whitespace.
+[INFO] 
docs/quality/WORK-LOWER-010/maven-clean-verify.log:400: trailing whitespace.
+[INFO] 
docs/quality/WORK-LOWER-010/maven-clean-verify.log:407: trailing whitespace.
+[INFO] 
docs/quality/WORK-LOWER-010/maven-clean-verify.log:414: trailing whitespace.
+[INFO] 
docs/quality/WORK-LOWER-010/maven-clean-verify.log:419: trailing whitespace.
+[INFO] 
docs/quality/WORK-LOWER-010/placement-challenge-initial-failure.log:4: trailing whitespace.
+[INFO] 
docs/quality/WORK-LOWER-010/placement-challenge-initial-failure.log:8: trailing whitespace.
+[INFO] 
docs/quality/WORK-LOWER-010/placement-challenge-initial-failure.log:13: trailing whitespace.
+[INFO] 
docs/quality/WORK-LOWER-010/placement-challenge-initial-failure.log:18: trailing whitespace.
+[INFO] 
docs/quality/WORK-LOWER-010/placement-challenge-initial-failure.log:21: trailing whitespace.
+[INFO] 
docs/quality/WORK-LOWER-010/placement-challenge-initial-failure.log:24: trailing whitespace.
+[INFO] 
docs/quality/WORK-LOWER-010/placement-challenge-initial-failure.log:27: trailing whitespace.
+[INFO] 
docs/quality/WORK-LOWER-010/placement-challenge-initial-failure.log:31: trailing whitespace.
+[INFO] 
docs/quality/WORK-LOWER-010/placement-challenge-initial-failure.log:33: trailing whitespace.
+[INFO] 
docs/quality/WORK-LOWER-010/placement-challenge-initial-failure.log:364: trailing whitespace.
+[INFO] 
docs/quality/WORK-LOWER-010/placement-challenge-initial-failure.log:366: trailing whitespace.
+[INFO] 
docs/quality/WORK-LOWER-010/placement-challenge-initial-failure.log:369: trailing whitespace.
+[INFO] 
docs/quality/WORK-LOWER-010/placement-challenge-initial-failure.log:374: trailing whitespace.
+[INFO] 
docs/quality/WORK-LOWER-010/placement-challenge-initial-failure.log:377: trailing whitespace.
+[INFO] 
docs/quality/WORK-LOWER-010/placement-challenge-initial-failure.log:380: trailing whitespace.
+[INFO] 
docs/quality/WORK-LOWER-010/placement-challenge-initial-failure.log:383: trailing whitespace.
+[INFO] 
docs/quality/WORK-LOWER-010/placement-challenge-initial-failure.log:387: trailing whitespace.
+[INFO] 
docs/quality/WORK-LOWER-010/placement-challenge-initial-failure.log:389: trailing whitespace.
+[INFO] 
docs/quality/WORK-LOWER-010/placement-challenge-initial-failure.log:393: trailing whitespace.
+[WARNING] 
docs/quality/WORK-LOWER-010/placement-challenge-initial-failure.log:404: trailing whitespace.
+[INFO] 
docs/quality/WORK-LOWER-010/placement-challenge-initial-failure.log:415: trailing whitespace.
+[ERROR] 
docs/quality/WORK-LOWER-010/placement-challenge-initial-failure.log:418: trailing whitespace.
+[ERROR] 
docs/quality/WORK-LOWER-010/placement-challenge-initial-failure.log:421: trailing whitespace.
+[ERROR] 
docs/quality/WORK-LOWER-010/producer-build.log:2: trailing whitespace.
+[INFO] 
docs/quality/WORK-LOWER-010/producer-build.log:7: trailing whitespace.
+[INFO] 
docs/quality/WORK-LOWER-010/producer-build.log:12: trailing whitespace.
+[INFO] 
docs/quality/WORK-LOWER-010/producer-build.log:15: trailing whitespace.
+[INFO] 
docs/quality/WORK-LOWER-010/producer-build.log:19: trailing whitespace.
+[INFO] 
docs/quality/WORK-LOWER-010/producer-build.log:22: trailing whitespace.
+[INFO] 
docs/quality/WORK-LOWER-010/producer-build.log:26: trailing whitespace.
+[INFO] 
docs/quality/WORK-LOWER-010/producer-build.log:29: trailing whitespace.
+[INFO] 
docs/quality/WORK-LOWER-010/production-challenge-logs/input-failure-as-expected-baseline.log:2: trailing whitespace.
+[INFO] 
docs/quality/WORK-LOWER-010/production-challenge-logs/input-failure-as-expected-baseline.log:7: trailing whitespace.
+[INFO] 
docs/quality/WORK-LOWER-010/production-challenge-logs/input-failure-as-expected-baseline.log:10: trailing whitespace.
+[INFO] 
docs/quality/WORK-LOWER-010/production-challenge-logs/input-failure-as-expected-baseline.log:13: trailing whitespace.
+[INFO] 
docs/quality/WORK-LOWER-010/production-challenge-logs/input-failure-as-expected-baseline.log:16: trailing whitespace.
+[INFO] 
docs/quality/WORK-LOWER-010/production-challenge-logs/input-failure-as-expected-baseline.log:19: trailing whitespace.
+[INFO] 
docs/quality/WORK-LOWER-010/production-challenge-logs/input-failure-as-expected-red.log:2: trailing whitespace.
+[INFO] 
docs/quality/WORK-LOWER-010/production-challenge-logs/input-failure-as-expected-red.log:7: trailing whitespace.
+[INFO] 
docs/quality/WORK-LOWER-010/production-challenge-logs/input-failure-as-expected-red.log:10: trailing whitespace.
+[INFO] 
docs/quality/WORK-LOWER-010/production-challenge-logs/input-failure-as-expected-red.log:14: trailing whitespace.
+[INFO] 
docs/quality/WORK-LOWER-010/production-challenge-logs/input-failure-as-expected-red.log:17: trailing whitespace.
+[INFO] 
docs/quality/WORK-LOWER-010/production-challenge-logs/input-failure-as-expected-red.log:21: trailing whitespace.
+[INFO] 
docs/quality/WORK-LOWER-010/production-challenge-logs/input-failure-as-expected-red.log:23: trailing whitespace.
+[WARNING] 
docs/quality/WORK-LOWER-010/production-challenge-logs/input-failure-as-expected-red.log:40: trailing whitespace.
+[ERROR] 
docs/quality/WORK-LOWER-010/production-challenge-logs/input-failure-as-expected-red.log:43: trailing whitespace.
+[ERROR] 
docs/quality/WORK-LOWER-010/production-challenge-logs/input-failure-as-expected-restored.log:2: trailing whitespace.
+[INFO] 
docs/quality/WORK-LOWER-010/production-challenge-logs/input-failure-as-expected-restored.log:7: trailing whitespace.
+[INFO] 
docs/quality/WORK-LOWER-010/production-challenge-logs/input-failure-as-expected-restored.log:10: trailing whitespace.
+[INFO] 
docs/quality/WORK-LOWER-010/production-challenge-logs/input-failure-as-expected-restored.log:14: trailing whitespace.
+[INFO] 
docs/quality/WORK-LOWER-010/production-challenge-logs/input-failure-as-expected-restored.log:17: trailing whitespace.
+[INFO] 
docs/quality/WORK-LOWER-010/production-challenge-logs/input-failure-as-expected-restored.log:21: trailing whitespace.
+[INFO] 
docs/quality/WORK-LOWER-010/production-challenge-logs/literal-codepoints-baseline.log:2: trailing whitespace.
+[INFO] 
docs/quality/WORK-LOWER-010/production-challenge-logs/literal-codepoints-baseline.log:7: trailing whitespace.
+[INFO] 
docs/quality/WORK-LOWER-010/production-challenge-logs/literal-codepoints-baseline.log:10: trailing whitespace.
+[INFO] 
docs/quality/WORK-LOWER-010/production-challenge-logs/literal-codepoints-baseline.log:13: trailing whitespace.
+[INFO] 
docs/quality/WORK-LOWER-010/production-challenge-logs/literal-codepoints-baseline.log:16: trailing whitespace.
+[INFO] 
docs/quality/WORK-LOWER-010/production-challenge-logs/literal-codepoints-baseline.log:19: trailing whitespace.
+[INFO] 
docs/quality/WORK-LOWER-010/production-challenge-logs/literal-codepoints-red.log:2: trailing whitespace.
+[INFO] 
docs/quality/WORK-LOWER-010/production-challenge-logs/literal-codepoints-red.log:7: trailing whitespace.
+[INFO] 
docs/quality/WORK-LOWER-010/production-challenge-logs/literal-codepoints-red.log:10: trailing whitespace.
+[INFO] 
docs/quality/WORK-LOWER-010/production-challenge-logs/literal-codepoints-red.log:14: trailing whitespace.
+[INFO] 
docs/quality/WORK-LOWER-010/production-challenge-logs/literal-codepoints-red.log:17: trailing whitespace.
+[INFO] 
docs/quality/WORK-LOWER-010/production-challenge-logs/literal-codepoints-red.log:21: trailing whitespace.
+[INFO] 
docs/quality/WORK-LOWER-010/production-challenge-logs/literal-codepoints-red.log:23: trailing whitespace.
+[WARNING] 
docs/quality/WORK-LOWER-010/production-challenge-logs/literal-codepoints-red.log:41: trailing whitespace.
+[ERROR] 
docs/quality/WORK-LOWER-010/production-challenge-logs/literal-codepoints-red.log:44: trailing whitespace.
+[ERROR] 
docs/quality/WORK-LOWER-010/production-challenge-logs/literal-codepoints-restored.log:2: trailing whitespace.
+[INFO] 
docs/quality/WORK-LOWER-010/production-challenge-logs/literal-codepoints-restored.log:7: trailing whitespace.
+[INFO] 
docs/quality/WORK-LOWER-010/production-challenge-logs/literal-codepoints-restored.log:10: trailing whitespace.
+[INFO] 
docs/quality/WORK-LOWER-010/production-challenge-logs/literal-codepoints-restored.log:14: trailing whitespace.
+[INFO] 
docs/quality/WORK-LOWER-010/production-challenge-logs/literal-codepoints-restored.log:17: trailing whitespace.
+[INFO] 
docs/quality/WORK-LOWER-010/production-challenge-logs/literal-codepoints-restored.log:21: trailing whitespace.
+[INFO] 
docs/quality/WORK-LOWER-010/production-challenge-logs/literal-value-coherence-baseline.log:2: trailing whitespace.
+[INFO] 
docs/quality/WORK-LOWER-010/production-challenge-logs/literal-value-coherence-baseline.log:7: trailing whitespace.
+[INFO] 
docs/quality/WORK-LOWER-010/production-challenge-logs/literal-value-coherence-baseline.log:10: trailing whitespace.
+[INFO] 
docs/quality/WORK-LOWER-010/production-challenge-logs/literal-value-coherence-baseline.log:14: trailing whitespace.
+[INFO] 
docs/quality/WORK-LOWER-010/production-challenge-logs/literal-value-coherence-baseline.log:17: trailing whitespace.
+[INFO] 
docs/quality/WORK-LOWER-010/production-challenge-logs/literal-value-coherence-baseline.log:21: trailing whitespace.
+[INFO] 
docs/quality/WORK-LOWER-010/production-challenge-logs/literal-value-coherence-red.log:2: trailing whitespace.
+[INFO] 
docs/quality/WORK-LOWER-010/production-challenge-logs/literal-value-coherence-red.log:7: trailing whitespace.
+[INFO] 
docs/quality/WORK-LOWER-010/production-challenge-logs/literal-value-coherence-red.log:10: trailing whitespace.
+[INFO] 
docs/quality/WORK-LOWER-010/production-challenge-logs/literal-value-coherence-red.log:14: trailing whitespace.
+[INFO] 
docs/quality/WORK-LOWER-010/production-challenge-logs/literal-value-coherence-red.log:17: trailing whitespace.
+[INFO] 
docs/quality/WORK-LOWER-010/production-challenge-logs/literal-value-coherence-red.log:21: trailing whitespace.
+[INFO] 
docs/quality/WORK-LOWER-010/production-challenge-logs/literal-value-coherence-red.log:23: trailing whitespace.
+[WARNING] 
docs/quality/WORK-LOWER-010/production-challenge-logs/literal-value-coherence-red.log:41: trailing whitespace.
+[ERROR] 
docs/quality/WORK-LOWER-010/production-challenge-logs/literal-value-coherence-red.log:44: trailing whitespace.
+[ERROR] 
docs/quality/WORK-LOWER-010/production-challenge-logs/literal-value-coherence-restored.log:2: trailing whitespace.
+[INFO] 
docs/quality/WORK-LOWER-010/production-challenge-logs/literal-value-coherence-restored.log:7: trailing whitespace.
+[INFO] 
docs/quality/WORK-LOWER-010/production-challenge-logs/literal-value-coherence-restored.log:10: trailing whitespace.
+[INFO] 
docs/quality/WORK-LOWER-010/production-challenge-logs/literal-value-coherence-restored.log:14: trailing whitespace.
+[INFO] 
docs/quality/WORK-LOWER-010/production-challenge-logs/literal-value-coherence-restored.log:17: trailing whitespace.
+[INFO] 
docs/quality/WORK-LOWER-010/production-challenge-logs/literal-value-coherence-restored.log:21: trailing whitespace.
+[INFO] 
docs/quality/WORK-LOWER-010/production-challenge-logs/new-streaming-codec-baseline.log:2: trailing whitespace.
+[INFO] 
docs/quality/WORK-LOWER-010/production-challenge-logs/new-streaming-codec-baseline.log:7: trailing whitespace.
+[INFO] 
docs/quality/WORK-LOWER-010/production-challenge-logs/new-streaming-codec-baseline.log:10: trailing whitespace.
+[INFO] 
docs/quality/WORK-LOWER-010/production-challenge-logs/new-streaming-codec-baseline.log:13: trailing whitespace.
+[INFO] 
docs/quality/WORK-LOWER-010/production-challenge-logs/new-streaming-codec-baseline.log:16: trailing whitespace.
+[INFO] 
docs/quality/WORK-LOWER-010/production-challenge-logs/new-streaming-codec-baseline.log:25: new blank line at EOF.
docs/quality/WORK-LOWER-010/production-challenge-logs/new-streaming-codec-red.log:2: trailing whitespace.
+[INFO] 
docs/quality/WORK-LOWER-010/production-challenge-logs/new-streaming-codec-red.log:7: trailing whitespace.
+[INFO] 
docs/quality/WORK-LOWER-010/production-challenge-logs/new-streaming-codec-red.log:10: trailing whitespace.
+[INFO] 
docs/quality/WORK-LOWER-010/production-challenge-logs/new-streaming-codec-red.log:14: trailing whitespace.
+[INFO] 
docs/quality/WORK-LOWER-010/production-challenge-logs/new-streaming-codec-red.log:17: trailing whitespace.
+[INFO] 
docs/quality/WORK-LOWER-010/production-challenge-logs/new-streaming-codec-restored.log:2: trailing whitespace.
+[INFO] 
docs/quality/WORK-LOWER-010/production-challenge-logs/new-streaming-codec-restored.log:7: trailing whitespace.
+[INFO] 
docs/quality/WORK-LOWER-010/production-challenge-logs/new-streaming-codec-restored.log:10: trailing whitespace.
+[INFO] 
docs/quality/WORK-LOWER-010/production-challenge-logs/new-streaming-codec-restored.log:14: trailing whitespace.
+[INFO] 
docs/quality/WORK-LOWER-010/production-challenge-logs/new-streaming-codec-restored.log:17: trailing whitespace.
+[INFO] 
docs/quality/WORK-LOWER-010/production-challenge-logs/new-streaming-codec-restored.log:27: new blank line at EOF.
docs/quality/WORK-LOWER-010/production-challenge-logs/old-production-bytes-baseline.log:2: trailing whitespace.
+[INFO] 
docs/quality/WORK-LOWER-010/production-challenge-logs/old-production-bytes-baseline.log:7: trailing whitespace.
+[INFO] 
docs/quality/WORK-LOWER-010/production-challenge-logs/old-production-bytes-baseline.log:10: trailing whitespace.
+[INFO] 
docs/quality/WORK-LOWER-010/production-challenge-logs/old-production-bytes-baseline.log:13: trailing whitespace.
+[INFO] 
docs/quality/WORK-LOWER-010/production-challenge-logs/old-production-bytes-baseline.log:16: trailing whitespace.
+[INFO] 
docs/quality/WORK-LOWER-010/production-challenge-logs/old-production-bytes-baseline.log:19: trailing whitespace.
+[INFO] 
docs/quality/WORK-LOWER-010/production-challenge-logs/old-production-bytes-red.log:2: trailing whitespace.
+[INFO] 
docs/quality/WORK-LOWER-010/production-challenge-logs/old-production-bytes-red.log:7: trailing whitespace.
+[INFO] 
docs/quality/WORK-LOWER-010/production-challenge-logs/old-production-bytes-red.log:10: trailing whitespace.
+[INFO] 
docs/quality/WORK-LOWER-010/production-challenge-logs/old-production-bytes-red.log:14: trailing whitespace.
+[INFO] 
docs/quality/WORK-LOWER-010/production-challenge-logs/old-production-bytes-red.log:17: trailing whitespace.
+[INFO] 
docs/quality/WORK-LOWER-010/production-challenge-logs/old-production-bytes-red.log:21: trailing whitespace.
+[INFO] 
docs/quality/WORK-LOWER-010/production-challenge-logs/old-production-bytes-red.log:23: trailing whitespace.
+[WARNING] 
docs/quality/WORK-LOWER-010/production-challenge-logs/old-production-bytes-red.log:41: trailing whitespace.
+[ERROR] 
docs/quality/WORK-LOWER-010/production-challenge-logs/old-production-bytes-red.log:44: trailing whitespace.
+[ERROR] 
docs/quality/WORK-LOWER-010/production-challenge-logs/old-production-bytes-restored.log:2: trailing whitespace.
+[INFO] 
docs/quality/WORK-LOWER-010/production-challenge-logs/old-production-bytes-restored.log:7: trailing whitespace.
+[INFO] 
docs/quality/WORK-LOWER-010/production-challenge-logs/old-production-bytes-restored.log:10: trailing whitespace.
+[INFO] 
docs/quality/WORK-LOWER-010/production-challenge-logs/old-production-bytes-restored.log:14: trailing whitespace.
+[INFO] 
docs/quality/WORK-LOWER-010/production-challenge-logs/old-production-bytes-restored.log:17: trailing whitespace.
+[INFO] 
docs/quality/WORK-LOWER-010/production-challenge-logs/old-production-bytes-restored.log:21: trailing whitespace.
+[INFO] 
docs/quality/WORK-LOWER-010/production-challenge-logs/old-production-entities-baseline.log:4: trailing whitespace.
+[INFO] 
docs/quality/WORK-LOWER-010/production-challenge-logs/old-production-entities-baseline.log:7: trailing whitespace.
+[INFO] 
docs/quality/WORK-LOWER-010/production-challenge-logs/old-production-entities-baseline.log:12: trailing whitespace.
+[INFO] 
docs/quality/WORK-LOWER-010/production-challenge-logs/old-production-entities-baseline.log:15: trailing whitespace.
+[INFO] 
docs/quality/WORK-LOWER-010/production-challenge-logs/old-production-entities-baseline.log:20: trailing whitespace.
+[INFO] 
docs/quality/WORK-LOWER-010/production-challenge-logs/old-production-entities-baseline.log:23: trailing whitespace.
+[INFO] 
docs/quality/WORK-LOWER-010/production-challenge-logs/old-production-entities-baseline.log:26: trailing whitespace.
+[INFO] 
docs/quality/WORK-LOWER-010/production-challenge-logs/old-production-entities-baseline.log:29: trailing whitespace.
+[INFO] 
docs/quality/WORK-LOWER-010/production-challenge-logs/old-production-entities-baseline.log:32: trailing whitespace.
+[INFO] 
docs/quality/WORK-LOWER-010/production-challenge-logs/old-production-entities-baseline.log:34: trailing whitespace.
+[INFO] 
docs/quality/WORK-LOWER-010/production-challenge-logs/old-production-entities-baseline.log:37: trailing whitespace.
+[INFO] 
docs/quality/WORK-LOWER-010/production-challenge-logs/old-production-entities-baseline.log:39: trailing whitespace.
+[INFO] 
docs/quality/WORK-LOWER-010/production-challenge-logs/old-production-entities-baseline.log:41: trailing whitespace.
+[INFO] 
docs/quality/WORK-LOWER-010/production-challenge-logs/old-production-entities-baseline.log:48: trailing whitespace.
+[INFO] 
docs/quality/WORK-LOWER-010/production-challenge-logs/old-production-entities-baseline.log:58: trailing whitespace.
+[INFO] 
docs/quality/WORK-LOWER-010/production-challenge-logs/old-production-entities-baseline.log:63: trailing whitespace.
+[INFO] 
docs/quality/WORK-LOWER-010/production-challenge-logs/old-production-entities-baseline.log:66: trailing whitespace.
+[INFO] 
docs/quality/WORK-LOWER-010/production-challenge-logs/old-production-entities-baseline.log:69: trailing whitespace.
+[INFO] 
docs/quality/WORK-LOWER-010/production-challenge-logs/old-production-entities-baseline.log:72: trailing whitespace.
+[INFO] 
docs/quality/WORK-LOWER-010/production-challenge-logs/old-production-entities-baseline.log:75: trailing whitespace.
+[INFO] 
docs/quality/WORK-LOWER-010/production-challenge-logs/old-production-entities-red.log:4: trailing whitespace.
+[INFO] 
docs/quality/WORK-LOWER-010/production-challenge-logs/old-production-entities-red.log:7: trailing whitespace.
+[INFO] 
docs/quality/WORK-LOWER-010/production-challenge-logs/old-production-entities-red.log:12: trailing whitespace.
+[INFO] 
docs/quality/WORK-LOWER-010/production-challenge-logs/old-production-entities-red.log:15: trailing whitespace.
+[INFO] 
docs/quality/WORK-LOWER-010/production-challenge-logs/old-production-entities-red.log:20: trailing whitespace.
+[INFO] 
docs/quality/WORK-LOWER-010/production-challenge-logs/old-production-entities-red.log:23: trailing whitespace.
+[INFO] 
docs/quality/WORK-LOWER-010/production-challenge-logs/old-production-entities-red.log:27: trailing whitespace.
+[INFO] 
docs/quality/WORK-LOWER-010/production-challenge-logs/old-production-entities-red.log:30: trailing whitespace.
+[INFO] 
docs/quality/WORK-LOWER-010/production-challenge-logs/old-production-entities-red.log:34: trailing whitespace.
+[INFO] 
docs/quality/WORK-LOWER-010/production-challenge-logs/old-production-entities-red.log:36: trailing whitespace.
+[INFO] 
docs/quality/WORK-LOWER-010/production-challenge-logs/old-production-entities-red.log:39: trailing whitespace.
+[INFO] 
docs/quality/WORK-LOWER-010/production-challenge-logs/old-production-entities-red.log:42: trailing whitespace.
+[INFO] 
docs/quality/WORK-LOWER-010/production-challenge-logs/old-production-entities-red.log:45: trailing whitespace.
+[INFO] 
docs/quality/WORK-LOWER-010/production-challenge-logs/old-production-entities-red.log:52: trailing whitespace.
+[INFO] 
docs/quality/WORK-LOWER-010/production-challenge-logs/old-production-entities-red.log:62: trailing whitespace.
+[INFO] 
docs/quality/WORK-LOWER-010/production-challenge-logs/old-production-entities-red.log:67: trailing whitespace.
+[INFO] 
docs/quality/WORK-LOWER-010/production-challenge-logs/old-production-entities-red.log:70: trailing whitespace.
+[INFO] 
docs/quality/WORK-LOWER-010/production-challenge-logs/old-production-entities-red.log:73: trailing whitespace.
+[INFO] 
docs/quality/WORK-LOWER-010/production-challenge-logs/old-production-entities-red.log:76: trailing whitespace.
+[INFO] 
docs/quality/WORK-LOWER-010/production-challenge-logs/old-production-entities-red.log:79: trailing whitespace.
+[INFO] 
docs/quality/WORK-LOWER-010/production-challenge-logs/old-production-entities-red.log:81: trailing whitespace.
+[WARNING] 
docs/quality/WORK-LOWER-010/production-challenge-logs/old-production-entities-red.log:99: trailing whitespace.
+[ERROR] 
docs/quality/WORK-LOWER-010/production-challenge-logs/old-production-entities-red.log:102: trailing whitespace.
+[ERROR] 
docs/quality/WORK-LOWER-010/production-challenge-logs/old-production-entities-restored.log:4: trailing whitespace.
+[INFO] 
docs/quality/WORK-LOWER-010/production-challenge-logs/old-production-entities-restored.log:7: trailing whitespace.
+[INFO] 
docs/quality/WORK-LOWER-010/production-challenge-logs/old-production-entities-restored.log:12: trailing whitespace.
+[INFO] 
docs/quality/WORK-LOWER-010/production-challenge-logs/old-production-entities-restored.log:15: trailing whitespace.
+[INFO] 
docs/quality/WORK-LOWER-010/production-challenge-logs/old-production-entities-restored.log:20: trailing whitespace.
+[INFO] 
docs/quality/WORK-LOWER-010/production-challenge-logs/old-production-entities-restored.log:23: trailing whitespace.
+[INFO] 
docs/quality/WORK-LOWER-010/production-challenge-logs/old-production-entities-restored.log:27: trailing whitespace.
+[INFO] 
docs/quality/WORK-LOWER-010/production-challenge-logs/old-production-entities-restored.log:30: trailing whitespace.
+[INFO] 
docs/quality/WORK-LOWER-010/production-challenge-logs/old-production-entities-restored.log:34: trailing whitespace.
+[INFO] 
docs/quality/WORK-LOWER-010/production-challenge-logs/old-production-entities-restored.log:36: trailing whitespace.
+[INFO] 
docs/quality/WORK-LOWER-010/production-challenge-logs/old-production-entities-restored.log:39: trailing whitespace.
+[INFO] 
docs/quality/WORK-LOWER-010/production-challenge-logs/old-production-entities-restored.log:42: trailing whitespace.
+[INFO] 
docs/quality/WORK-LOWER-010/production-challenge-logs/old-production-entities-restored.log:45: trailing whitespace.
+[INFO] 
docs/quality/WORK-LOWER-010/production-challenge-logs/old-production-entities-restored.log:52: trailing whitespace.
+[INFO] 
docs/quality/WORK-LOWER-010/production-challenge-logs/old-production-entities-restored.log:62: trailing whitespace.
+[INFO] 
docs/quality/WORK-LOWER-010/production-challenge-logs/old-production-entities-restored.log:67: trailing whitespace.
+[INFO] 
docs/quality/WORK-LOWER-010/production-challenge-logs/old-production-entities-restored.log:70: trailing whitespace.
+[INFO] 
docs/quality/WORK-LOWER-010/production-challenge-logs/old-production-entities-restored.log:73: trailing whitespace.
+[INFO] 
docs/quality/WORK-LOWER-010/production-challenge-logs/old-production-entities-restored.log:76: trailing whitespace.
+[INFO] 
docs/quality/WORK-LOWER-010/production-challenge-logs/old-production-entities-restored.log:79: trailing whitespace.
+[INFO] 
docs/quality/WORK-LOWER-010/production-challenge-logs/old-production-nodes-baseline.log:2: trailing whitespace.
+[INFO] 
docs/quality/WORK-LOWER-010/production-challenge-logs/old-production-nodes-baseline.log:7: trailing whitespace.
+[INFO] 
docs/quality/WORK-LOWER-010/production-challenge-logs/old-production-nodes-baseline.log:10: trailing whitespace.
+[INFO] 
docs/quality/WORK-LOWER-010/production-challenge-logs/old-production-nodes-baseline.log:13: trailing whitespace.
+[INFO] 
docs/quality/WORK-LOWER-010/production-challenge-logs/old-production-nodes-baseline.log:16: trailing whitespace.
+[INFO] 
docs/quality/WORK-LOWER-010/production-challenge-logs/old-production-nodes-baseline.log:19: trailing whitespace.
+[INFO] 
docs/quality/WORK-LOWER-010/production-challenge-logs/old-production-nodes-red.log:2: trailing whitespace.
+[INFO] 
docs/quality/WORK-LOWER-010/production-challenge-logs/old-production-nodes-red.log:7: trailing whitespace.
+[INFO] 
docs/quality/WORK-LOWER-010/production-challenge-logs/old-production-nodes-red.log:10: trailing whitespace.
+[INFO] 
docs/quality/WORK-LOWER-010/production-challenge-logs/old-production-nodes-red.log:14: trailing whitespace.
+[INFO] 
docs/quality/WORK-LOWER-010/production-challenge-logs/old-production-nodes-red.log:17: trailing whitespace.
+[INFO] 
docs/quality/WORK-LOWER-010/production-challenge-logs/old-production-nodes-red.log:21: trailing whitespace.
+[INFO] 
docs/quality/WORK-LOWER-010/production-challenge-logs/old-production-nodes-red.log:23: trailing whitespace.
+[WARNING] 
docs/quality/WORK-LOWER-010/production-challenge-logs/old-production-nodes-red.log:41: trailing whitespace.
+[ERROR] 
docs/quality/WORK-LOWER-010/production-challenge-logs/old-production-nodes-red.log:44: trailing whitespace.
+[ERROR] 
docs/quality/WORK-LOWER-010/production-challenge-logs/old-production-nodes-restored.log:2: trailing whitespace.
+[INFO] 
docs/quality/WORK-LOWER-010/production-challenge-logs/old-production-nodes-restored.log:7: trailing whitespace.
+[INFO] 
docs/quality/WORK-LOWER-010/production-challenge-logs/old-production-nodes-restored.log:10: trailing whitespace.
+[INFO] 
docs/quality/WORK-LOWER-010/production-challenge-logs/old-production-nodes-restored.log:14: trailing whitespace.
+[INFO] 
docs/quality/WORK-LOWER-010/production-challenge-logs/old-production-nodes-restored.log:17: trailing whitespace.
+[INFO] 
docs/quality/WORK-LOWER-010/production-challenge-logs/old-production-nodes-restored.log:21: trailing whitespace.
+[INFO] 
docs/quality/WORK-LOWER-010/production-challenge-logs/prepare-core.log:4: trailing whitespace.
+[INFO] 
docs/quality/WORK-LOWER-010/production-challenge-logs/prepare-core.log:7: trailing whitespace.
+[INFO] 
docs/quality/WORK-LOWER-010/production-challenge-logs/prepare-core.log:12: trailing whitespace.
+[INFO] 
docs/quality/WORK-LOWER-010/production-challenge-logs/prepare-core.log:15: trailing whitespace.
+[INFO] 
docs/quality/WORK-LOWER-010/production-challenge-logs/prepare-core.log:20: trailing whitespace.
+[INFO] 
docs/quality/WORK-LOWER-010/production-challenge-logs/prepare-core.log:23: trailing whitespace.
+[INFO] 
docs/quality/WORK-LOWER-010/production-challenge-logs/prepare-core.log:27: trailing whitespace.
+[INFO] 
docs/quality/WORK-LOWER-010/production-challenge-logs/prepare-core.log:30: trailing whitespace.
+[INFO] 
docs/quality/WORK-LOWER-010/production-challenge-logs/prepare-core.log:34: trailing whitespace.
+[INFO] 
docs/quality/WORK-LOWER-010/production-challenge-logs/prepare-core.log:36: trailing whitespace.
+[INFO] 
docs/quality/WORK-LOWER-010/production-challenge-logs/prepare-core.log:367: trailing whitespace.
+[INFO] 
docs/quality/WORK-LOWER-010/production-challenge-logs/prepare-core.log:370: trailing whitespace.
+[INFO] 
docs/quality/WORK-LOWER-010/production-challenge-logs/prepare-core.log:373: trailing whitespace.
+[INFO] 
docs/quality/WORK-LOWER-010/production-challenge-logs/prepare-core.log:380: trailing whitespace.
+[INFO] 
docs/quality/WORK-LOWER-010/production-challenge-logs/raise-air-limit-baseline.log:2: trailing whitespace.
+[INFO] 
docs/quality/WORK-LOWER-010/production-challenge-logs/raise-air-limit-baseline.log:7: trailing whitespace.
+[INFO] 
docs/quality/WORK-LOWER-010/production-challenge-logs/raise-air-limit-baseline.log:10: trailing whitespace.
+[INFO] 
docs/quality/WORK-LOWER-010/production-challenge-logs/raise-air-limit-baseline.log:13: trailing whitespace.
+[INFO] 
docs/quality/WORK-LOWER-010/production-challenge-logs/raise-air-limit-baseline.log:16: trailing whitespace.
+[INFO] 
docs/quality/WORK-LOWER-010/production-challenge-logs/raise-air-limit-baseline.log:25: new blank line at EOF.
docs/quality/WORK-LOWER-010/production-challenge-logs/raise-air-limit-red.log:2: trailing whitespace.
+[INFO] 
docs/quality/WORK-LOWER-010/production-challenge-logs/raise-air-limit-red.log:7: trailing whitespace.
+[INFO] 
docs/quality/WORK-LOWER-010/production-challenge-logs/raise-air-limit-red.log:10: trailing whitespace.
+[INFO] 
docs/quality/WORK-LOWER-010/production-challenge-logs/raise-air-limit-red.log:14: trailing whitespace.
+[INFO] 
docs/quality/WORK-LOWER-010/production-challenge-logs/raise-air-limit-red.log:17: trailing whitespace.
+[INFO] 
docs/quality/WORK-LOWER-010/production-challenge-logs/raise-air-limit-restored.log:2: trailing whitespace.
+[INFO] 
docs/quality/WORK-LOWER-010/production-challenge-logs/raise-air-limit-restored.log:7: trailing whitespace.
+[INFO] 
docs/quality/WORK-LOWER-010/production-challenge-logs/raise-air-limit-restored.log:10: trailing whitespace.
+[INFO] 
docs/quality/WORK-LOWER-010/production-challenge-logs/raise-air-limit-restored.log:14: trailing whitespace.
+[INFO] 
docs/quality/WORK-LOWER-010/production-challenge-logs/raise-air-limit-restored.log:17: trailing whitespace.
+[INFO] 
docs/quality/WORK-LOWER-010/production-challenge-logs/raise-air-limit-restored.log:27: new blank line at EOF.
docs/quality/WORK-LOWER-010/production-challenge-logs/remove-production-probe-baseline.log:4: trailing whitespace.
+[INFO] 
docs/quality/WORK-LOWER-010/production-challenge-logs/remove-production-probe-baseline.log:8: trailing whitespace.
+[INFO] 
docs/quality/WORK-LOWER-010/production-challenge-logs/remove-production-probe-baseline.log:13: trailing whitespace.
+[INFO] 
docs/quality/WORK-LOWER-010/production-challenge-logs/remove-production-probe-baseline.log:18: trailing whitespace.
+[INFO] 
docs/quality/WORK-LOWER-010/production-challenge-logs/remove-production-probe-baseline.log:21: trailing whitespace.
+[INFO] 
docs/quality/WORK-LOWER-010/production-challenge-logs/remove-production-probe-baseline.log:24: trailing whitespace.
+[INFO] 
docs/quality/WORK-LOWER-010/production-challenge-logs/remove-production-probe-baseline.log:27: trailing whitespace.
+[INFO] 
docs/quality/WORK-LOWER-010/production-challenge-logs/remove-production-probe-baseline.log:30: trailing whitespace.
+[INFO] 
docs/quality/WORK-LOWER-010/production-challenge-logs/remove-production-probe-baseline.log:32: trailing whitespace.
+[INFO] 
docs/quality/WORK-LOWER-010/production-challenge-logs/remove-production-probe-baseline.log:363: trailing whitespace.
+[INFO] 
docs/quality/WORK-LOWER-010/production-challenge-logs/remove-production-probe-baseline.log:365: trailing whitespace.
+[INFO] 
docs/quality/WORK-LOWER-010/production-challenge-logs/remove-production-probe-baseline.log:367: trailing whitespace.
+[INFO] 
docs/quality/WORK-LOWER-010/production-challenge-logs/remove-production-probe-baseline.log:372: trailing whitespace.
+[INFO] 
docs/quality/WORK-LOWER-010/production-challenge-logs/remove-production-probe-baseline.log:375: trailing whitespace.
+[INFO] 
docs/quality/WORK-LOWER-010/production-challenge-logs/remove-production-probe-baseline.log:378: trailing whitespace.
+[INFO] 
docs/quality/WORK-LOWER-010/production-challenge-logs/remove-production-probe-baseline.log:381: trailing whitespace.
+[INFO] 
docs/quality/WORK-LOWER-010/production-challenge-logs/remove-production-probe-baseline.log:384: trailing whitespace.
+[INFO] 
docs/quality/WORK-LOWER-010/production-challenge-logs/remove-production-probe-baseline.log:386: trailing whitespace.
+[INFO] 
docs/quality/WORK-LOWER-010/production-challenge-logs/remove-production-probe-baseline.log:393: trailing whitespace.
+[INFO] 
docs/quality/WORK-LOWER-010/production-challenge-logs/remove-production-probe-baseline.log:400: trailing whitespace.
+[INFO] 
docs/quality/WORK-LOWER-010/production-challenge-logs/remove-production-probe-baseline.log:405: trailing whitespace.
+[INFO] 
docs/quality/WORK-LOWER-010/production-challenge-logs/remove-production-probe-red.log:4: trailing whitespace.
+[INFO] 
docs/quality/WORK-LOWER-010/production-challenge-logs/remove-production-probe-red.log:8: trailing whitespace.
+[INFO] 
docs/quality/WORK-LOWER-010/production-challenge-logs/remove-production-probe-red.log:13: trailing whitespace.
+[INFO] 
docs/quality/WORK-LOWER-010/production-challenge-logs/remove-production-probe-red.log:18: trailing whitespace.
+[INFO] 
docs/quality/WORK-LOWER-010/production-challenge-logs/remove-production-probe-red.log:21: trailing whitespace.
+[INFO] 
docs/quality/WORK-LOWER-010/production-challenge-logs/remove-production-probe-red.log:24: trailing whitespace.
+[INFO] 
docs/quality/WORK-LOWER-010/production-challenge-logs/remove-production-probe-red.log:27: trailing whitespace.
+[INFO] 
docs/quality/WORK-LOWER-010/production-challenge-logs/remove-production-probe-red.log:30: trailing whitespace.
+[INFO] 
docs/quality/WORK-LOWER-010/production-challenge-logs/remove-production-probe-red.log:32: trailing whitespace.
+[INFO] 
docs/quality/WORK-LOWER-010/production-challenge-logs/remove-production-probe-red.log:363: trailing whitespace.
+[INFO] 
docs/quality/WORK-LOWER-010/production-challenge-logs/remove-production-probe-red.log:365: trailing whitespace.
+[INFO] 
docs/quality/WORK-LOWER-010/production-challenge-logs/remove-production-probe-red.log:367: trailing whitespace.
+[INFO] 
docs/quality/WORK-LOWER-010/production-challenge-logs/remove-production-probe-red.log:372: trailing whitespace.
+[INFO] 
docs/quality/WORK-LOWER-010/production-challenge-logs/remove-production-probe-red.log:375: trailing whitespace.
+[INFO] 
docs/quality/WORK-LOWER-010/production-challenge-logs/remove-production-probe-red.log:378: trailing whitespace.
+[INFO] 
docs/quality/WORK-LOWER-010/production-challenge-logs/remove-production-probe-red.log:381: trailing whitespace.
+[INFO] 
docs/quality/WORK-LOWER-010/production-challenge-logs/remove-production-probe-red.log:385: trailing whitespace.
+[INFO] 
docs/quality/WORK-LOWER-010/production-challenge-logs/remove-production-probe-red.log:387: trailing whitespace.
+[INFO] 
docs/quality/WORK-LOWER-010/production-challenge-logs/remove-production-probe-red.log:394: trailing whitespace.
+[INFO] 
docs/quality/WORK-LOWER-010/production-challenge-logs/remove-production-probe-red.log:400: trailing whitespace.
+[INFO] 
docs/quality/WORK-LOWER-010/production-challenge-logs/remove-production-probe-red.log:404: trailing whitespace.
+[INFO] 
docs/quality/WORK-LOWER-010/production-challenge-logs/remove-production-probe-restored.log:4: trailing whitespace.
+[INFO] 
docs/quality/WORK-LOWER-010/production-challenge-logs/remove-production-probe-restored.log:8: trailing whitespace.
+[INFO] 
docs/quality/WORK-LOWER-010/production-challenge-logs/remove-production-probe-restored.log:13: trailing whitespace.
+[INFO] 
docs/quality/WORK-LOWER-010/production-challenge-logs/remove-production-probe-restored.log:18: trailing whitespace.
+[INFO] 
docs/quality/WORK-LOWER-010/production-challenge-logs/remove-production-probe-restored.log:21: trailing whitespace.
+[INFO] 
docs/quality/WORK-LOWER-010/production-challenge-logs/remove-production-probe-restored.log:24: trailing whitespace.
+[INFO] 
docs/quality/WORK-LOWER-010/production-challenge-logs/remove-production-probe-restored.log:27: trailing whitespace.
+[INFO] 
docs/quality/WORK-LOWER-010/production-challenge-logs/remove-production-probe-restored.log:30: trailing whitespace.
+[INFO] 
docs/quality/WORK-LOWER-010/production-challenge-logs/remove-production-probe-restored.log:32: trailing whitespace.
+[INFO] 
docs/quality/WORK-LOWER-010/production-challenge-logs/remove-production-probe-restored.log:363: trailing whitespace.
+[INFO] 
docs/quality/WORK-LOWER-010/production-challenge-logs/remove-production-probe-restored.log:365: trailing whitespace.
+[INFO] 
docs/quality/WORK-LOWER-010/production-challenge-logs/remove-production-probe-restored.log:367: trailing whitespace.
+[INFO] 
docs/quality/WORK-LOWER-010/production-challenge-logs/remove-production-probe-restored.log:372: trailing whitespace.
+[INFO] 
docs/quality/WORK-LOWER-010/production-challenge-logs/remove-production-probe-restored.log:375: trailing whitespace.
+[INFO] 
docs/quality/WORK-LOWER-010/production-challenge-logs/remove-production-probe-restored.log:378: trailing whitespace.
+[INFO] 
docs/quality/WORK-LOWER-010/production-challenge-logs/remove-production-probe-restored.log:381: trailing whitespace.
+[INFO] 
docs/quality/WORK-LOWER-010/production-challenge-logs/remove-production-probe-restored.log:385: trailing whitespace.
+[INFO] 
docs/quality/WORK-LOWER-010/production-challenge-logs/remove-production-probe-restored.log:387: trailing whitespace.
+[INFO] 
docs/quality/WORK-LOWER-010/production-challenge-logs/remove-production-probe-restored.log:394: trailing whitespace.
+[INFO] 
docs/quality/WORK-LOWER-010/production-challenge-logs/remove-production-probe-restored.log:401: trailing whitespace.
+[INFO] 
docs/quality/WORK-LOWER-010/production-challenge-logs/remove-production-probe-restored.log:405: trailing whitespace.
+[INFO] 
docs/quality/WORK-LOWER-010/scalar-challenge-logs/baseline.log:2: trailing whitespace.
+[INFO] 
docs/quality/WORK-LOWER-010/scalar-challenge-logs/baseline.log:7: trailing whitespace.
+[INFO] 
docs/quality/WORK-LOWER-010/scalar-challenge-logs/baseline.log:10: trailing whitespace.
+[INFO] 
docs/quality/WORK-LOWER-010/scalar-challenge-logs/baseline.log:14: trailing whitespace.
+[INFO] 
docs/quality/WORK-LOWER-010/scalar-challenge-logs/baseline.log:17: trailing whitespace.
+[INFO] 
docs/quality/WORK-LOWER-010/scalar-challenge-logs/baseline.log:21: trailing whitespace.
+[INFO] 
docs/quality/WORK-LOWER-010/scalar-challenge-logs/cell-per-move-red.log:2: trailing whitespace.
+[INFO] 
docs/quality/WORK-LOWER-010/scalar-challenge-logs/cell-per-move-red.log:7: trailing whitespace.
+[INFO] 
docs/quality/WORK-LOWER-010/scalar-challenge-logs/cell-per-move-red.log:10: trailing whitespace.
+[INFO] 
docs/quality/WORK-LOWER-010/scalar-challenge-logs/cell-per-move-red.log:14: trailing whitespace.
+[INFO] 
docs/quality/WORK-LOWER-010/scalar-challenge-logs/cell-per-move-red.log:17: trailing whitespace.
+[INFO] 
docs/quality/WORK-LOWER-010/scalar-challenge-logs/cell-per-move-red.log:21: trailing whitespace.
+[INFO] 
docs/quality/WORK-LOWER-010/scalar-challenge-logs/cell-per-move-red.log:23: trailing whitespace.
+[WARNING] 
docs/quality/WORK-LOWER-010/scalar-challenge-logs/cell-per-move-red.log:41: trailing whitespace.
+[ERROR] 
docs/quality/WORK-LOWER-010/scalar-challenge-logs/cell-per-move-red.log:44: trailing whitespace.
+[ERROR] 
docs/quality/WORK-LOWER-010/scalar-challenge-logs/cell-per-move-restored.log:2: trailing whitespace.
+[INFO] 
docs/quality/WORK-LOWER-010/scalar-challenge-logs/cell-per-move-restored.log:7: trailing whitespace.
+[INFO] 
docs/quality/WORK-LOWER-010/scalar-challenge-logs/cell-per-move-restored.log:10: trailing whitespace.
+[INFO] 
docs/quality/WORK-LOWER-010/scalar-challenge-logs/cell-per-move-restored.log:14: trailing whitespace.
+[INFO] 
docs/quality/WORK-LOWER-010/scalar-challenge-logs/cell-per-move-restored.log:17: trailing whitespace.
+[INFO] 
docs/quality/WORK-LOWER-010/scalar-challenge-logs/cell-per-move-restored.log:21: trailing whitespace.
+[INFO] 
docs/quality/WORK-LOWER-010/scalar-challenge-logs/drop-data-link-red.log:2: trailing whitespace.
+[INFO] 
docs/quality/WORK-LOWER-010/scalar-challenge-logs/drop-data-link-red.log:7: trailing whitespace.
+[INFO] 
docs/quality/WORK-LOWER-010/scalar-challenge-logs/drop-data-link-red.log:10: trailing whitespace.
+[INFO] 
docs/quality/WORK-LOWER-010/scalar-challenge-logs/drop-data-link-red.log:14: trailing whitespace.
+[INFO] 
docs/quality/WORK-LOWER-010/scalar-challenge-logs/drop-data-link-red.log:17: trailing whitespace.
+[INFO] 
docs/quality/WORK-LOWER-010/scalar-challenge-logs/drop-data-link-red.log:21: trailing whitespace.
+[INFO] 
docs/quality/WORK-LOWER-010/scalar-challenge-logs/drop-data-link-red.log:23: trailing whitespace.
+[WARNING] 
docs/quality/WORK-LOWER-010/scalar-challenge-logs/drop-data-link-red.log:40: trailing whitespace.
+[ERROR] 
docs/quality/WORK-LOWER-010/scalar-challenge-logs/drop-data-link-red.log:43: trailing whitespace.
+[ERROR] 
docs/quality/WORK-LOWER-010/scalar-challenge-logs/drop-data-link-restored.log:2: trailing whitespace.
+[INFO] 
docs/quality/WORK-LOWER-010/scalar-challenge-logs/drop-data-link-restored.log:7: trailing whitespace.
+[INFO] 
docs/quality/WORK-LOWER-010/scalar-challenge-logs/drop-data-link-restored.log:10: trailing whitespace.
+[INFO] 
docs/quality/WORK-LOWER-010/scalar-challenge-logs/drop-data-link-restored.log:14: trailing whitespace.
+[INFO] 
docs/quality/WORK-LOWER-010/scalar-challenge-logs/drop-data-link-restored.log:17: trailing whitespace.
+[INFO] 
docs/quality/WORK-LOWER-010/scalar-challenge-logs/drop-data-link-restored.log:21: trailing whitespace.
+[INFO] 
docs/quality/WORK-LOWER-010/scalar-challenge-logs/expanded-local-id-red.log:2: trailing whitespace.
+[INFO] 
docs/quality/WORK-LOWER-010/scalar-challenge-logs/expanded-local-id-red.log:7: trailing whitespace.
+[INFO] 
docs/quality/WORK-LOWER-010/scalar-challenge-logs/expanded-local-id-red.log:10: trailing whitespace.
+[INFO] 
docs/quality/WORK-LOWER-010/scalar-challenge-logs/expanded-local-id-red.log:14: trailing whitespace.
+[INFO] 
docs/quality/WORK-LOWER-010/scalar-challenge-logs/expanded-local-id-red.log:17: trailing whitespace.
+[INFO] 
docs/quality/WORK-LOWER-010/scalar-challenge-logs/expanded-local-id-red.log:21: trailing whitespace.
+[INFO] 
docs/quality/WORK-LOWER-010/scalar-challenge-logs/expanded-local-id-red.log:23: trailing whitespace.
+[WARNING] 
docs/quality/WORK-LOWER-010/scalar-challenge-logs/expanded-local-id-red.log:40: trailing whitespace.
+[ERROR] 
docs/quality/WORK-LOWER-010/scalar-challenge-logs/expanded-local-id-red.log:43: trailing whitespace.
+[ERROR] 
docs/quality/WORK-LOWER-010/scalar-challenge-logs/expanded-local-id-restored.log:2: trailing whitespace.
+[INFO] 
docs/quality/WORK-LOWER-010/scalar-challenge-logs/expanded-local-id-restored.log:7: trailing whitespace.
+[INFO] 
docs/quality/WORK-LOWER-010/scalar-challenge-logs/expanded-local-id-restored.log:10: trailing whitespace.
+[INFO] 
docs/quality/WORK-LOWER-010/scalar-challenge-logs/expanded-local-id-restored.log:14: trailing whitespace.
+[INFO] 
docs/quality/WORK-LOWER-010/scalar-challenge-logs/expanded-local-id-restored.log:17: trailing whitespace.
+[INFO] 
docs/quality/WORK-LOWER-010/scalar-challenge-logs/expanded-local-id-restored.log:21: trailing whitespace.
+[INFO] 
docs/quality/WORK-LOWER-010/scalar-challenge-logs/goback-halt-red.log:2: trailing whitespace.
+[INFO] 
docs/quality/WORK-LOWER-010/scalar-challenge-logs/goback-halt-red.log:7: trailing whitespace.
+[INFO] 
docs/quality/WORK-LOWER-010/scalar-challenge-logs/goback-halt-red.log:10: trailing whitespace.
+[INFO] 
docs/quality/WORK-LOWER-010/scalar-challenge-logs/goback-halt-red.log:14: trailing whitespace.
+[INFO] 
docs/quality/WORK-LOWER-010/scalar-challenge-logs/goback-halt-red.log:17: trailing whitespace.
+[INFO] 
docs/quality/WORK-LOWER-010/scalar-challenge-logs/goback-halt-red.log:21: trailing whitespace.
+[INFO] 
docs/quality/WORK-LOWER-010/scalar-challenge-logs/goback-halt-red.log:23: trailing whitespace.
+[WARNING] 
docs/quality/WORK-LOWER-010/scalar-challenge-logs/goback-halt-red.log:40: trailing whitespace.
+[ERROR] 
docs/quality/WORK-LOWER-010/scalar-challenge-logs/goback-halt-red.log:43: trailing whitespace.
+[ERROR] 
docs/quality/WORK-LOWER-010/scalar-challenge-logs/goback-halt-restored.log:2: trailing whitespace.
+[INFO] 
docs/quality/WORK-LOWER-010/scalar-challenge-logs/goback-halt-restored.log:7: trailing whitespace.
+[INFO] 
docs/quality/WORK-LOWER-010/scalar-challenge-logs/goback-halt-restored.log:10: trailing whitespace.
+[INFO] 
docs/quality/WORK-LOWER-010/scalar-challenge-logs/goback-halt-restored.log:14: trailing whitespace.
+[INFO] 
docs/quality/WORK-LOWER-010/scalar-challenge-logs/goback-halt-restored.log:17: trailing whitespace.
+[INFO] 
docs/quality/WORK-LOWER-010/scalar-challenge-logs/goback-halt-restored.log:21: trailing whitespace.
+[INFO] 
docs/quality/WORK-LOWER-010/scalar-challenge-logs/ignore-full-identity-red.log:2: trailing whitespace.
+[INFO] 
docs/quality/WORK-LOWER-010/scalar-challenge-logs/ignore-full-identity-red.log:7: trailing whitespace.
+[INFO] 
docs/quality/WORK-LOWER-010/scalar-challenge-logs/ignore-full-identity-red.log:10: trailing whitespace.
+[INFO] 
docs/quality/WORK-LOWER-010/scalar-challenge-logs/ignore-full-identity-red.log:14: trailing whitespace.
+[INFO] 
docs/quality/WORK-LOWER-010/scalar-challenge-logs/ignore-full-identity-red.log:17: trailing whitespace.
+[INFO] 
docs/quality/WORK-LOWER-010/scalar-challenge-logs/ignore-full-identity-red.log:21: trailing whitespace.
+[INFO] 
docs/quality/WORK-LOWER-010/scalar-challenge-logs/ignore-full-identity-red.log:23: trailing whitespace.
+[WARNING] 
docs/quality/WORK-LOWER-010/scalar-challenge-logs/ignore-full-identity-red.log:41: trailing whitespace.
+[ERROR] 
docs/quality/WORK-LOWER-010/scalar-challenge-logs/ignore-full-identity-red.log:44: trailing whitespace.
+[ERROR] 
docs/quality/WORK-LOWER-010/scalar-challenge-logs/ignore-full-identity-restored.log:2: trailing whitespace.
+[INFO] 
docs/quality/WORK-LOWER-010/scalar-challenge-logs/ignore-full-identity-restored.log:7: trailing whitespace.
+[INFO] 
docs/quality/WORK-LOWER-010/scalar-challenge-logs/ignore-full-identity-restored.log:10: trailing whitespace.
+[INFO] 
docs/quality/WORK-LOWER-010/scalar-challenge-logs/ignore-full-identity-restored.log:14: trailing whitespace.
+[INFO] 
docs/quality/WORK-LOWER-010/scalar-challenge-logs/ignore-full-identity-restored.log:17: trailing whitespace.
+[INFO] 
docs/quality/WORK-LOWER-010/scalar-challenge-logs/ignore-full-identity-restored.log:21: trailing whitespace.
+[INFO] 
docs/quality/WORK-LOWER-010/scalar-challenge-logs/ignore-selected-mismatch-red.log:2: trailing whitespace.
+[INFO] 
docs/quality/WORK-LOWER-010/scalar-challenge-logs/ignore-selected-mismatch-red.log:7: trailing whitespace.
+[INFO] 
docs/quality/WORK-LOWER-010/scalar-challenge-logs/ignore-selected-mismatch-red.log:10: trailing whitespace.
+[INFO] 
docs/quality/WORK-LOWER-010/scalar-challenge-logs/ignore-selected-mismatch-red.log:14: trailing whitespace.
+[INFO] 
docs/quality/WORK-LOWER-010/scalar-challenge-logs/ignore-selected-mismatch-red.log:17: trailing whitespace.
+[INFO] 
docs/quality/WORK-LOWER-010/scalar-challenge-logs/ignore-selected-mismatch-red.log:21: trailing whitespace.
+[INFO] 
docs/quality/WORK-LOWER-010/scalar-challenge-logs/ignore-selected-mismatch-red.log:23: trailing whitespace.
+[WARNING] 
docs/quality/WORK-LOWER-010/scalar-challenge-logs/ignore-selected-mismatch-red.log:41: trailing whitespace.
+[ERROR] 
docs/quality/WORK-LOWER-010/scalar-challenge-logs/ignore-selected-mismatch-red.log:44: trailing whitespace.
+[ERROR] 
docs/quality/WORK-LOWER-010/scalar-challenge-logs/ignore-selected-mismatch-restored.log:2: trailing whitespace.
+[INFO] 
docs/quality/WORK-LOWER-010/scalar-challenge-logs/ignore-selected-mismatch-restored.log:7: trailing whitespace.
+[INFO] 
docs/quality/WORK-LOWER-010/scalar-challenge-logs/ignore-selected-mismatch-restored.log:10: trailing whitespace.
+[INFO] 
docs/quality/WORK-LOWER-010/scalar-challenge-logs/ignore-selected-mismatch-restored.log:14: trailing whitespace.
+[INFO] 
docs/quality/WORK-LOWER-010/scalar-challenge-logs/ignore-selected-mismatch-restored.log:17: trailing whitespace.
+[INFO] 
docs/quality/WORK-LOWER-010/scalar-challenge-logs/ignore-selected-mismatch-restored.log:21: trailing whitespace.
+[INFO] 
docs/quality/WORK-LOWER-010/scalar-challenge-logs/invent-whole-access-red.log:2: trailing whitespace.
+[INFO] 
docs/quality/WORK-LOWER-010/scalar-challenge-logs/invent-whole-access-red.log:7: trailing whitespace.
+[INFO] 
docs/quality/WORK-LOWER-010/scalar-challenge-logs/invent-whole-access-red.log:10: trailing whitespace.
+[INFO] 
docs/quality/WORK-LOWER-010/scalar-challenge-logs/invent-whole-access-red.log:14: trailing whitespace.
+[INFO] 
docs/quality/WORK-LOWER-010/scalar-challenge-logs/invent-whole-access-red.log:17: trailing whitespace.
+[INFO] 
docs/quality/WORK-LOWER-010/scalar-challenge-logs/invent-whole-access-red.log:21: trailing whitespace.
+[INFO] 
docs/quality/WORK-LOWER-010/scalar-challenge-logs/invent-whole-access-red.log:23: trailing whitespace.
+[WARNING] 
docs/quality/WORK-LOWER-010/scalar-challenge-logs/invent-whole-access-red.log:41: trailing whitespace.
+[ERROR] 
docs/quality/WORK-LOWER-010/scalar-challenge-logs/invent-whole-access-red.log:44: trailing whitespace.
+[ERROR] 
docs/quality/WORK-LOWER-010/scalar-challenge-logs/invent-whole-access-restored.log:2: trailing whitespace.
+[INFO] 
docs/quality/WORK-LOWER-010/scalar-challenge-logs/invent-whole-access-restored.log:7: trailing whitespace.
+[INFO] 
docs/quality/WORK-LOWER-010/scalar-challenge-logs/invent-whole-access-restored.log:10: trailing whitespace.
+[INFO] 
docs/quality/WORK-LOWER-010/scalar-challenge-logs/invent-whole-access-restored.log:14: trailing whitespace.
+[INFO] 
docs/quality/WORK-LOWER-010/scalar-challenge-logs/invent-whole-access-restored.log:17: trailing whitespace.
+[INFO] 
docs/quality/WORK-LOWER-010/scalar-challenge-logs/invent-whole-access-restored.log:21: trailing whitespace.
+[INFO] 
docs/quality/WORK-LOWER-010/scalar-challenge-logs/literal-as-unknown-red.log:2: trailing whitespace.
+[INFO] 
docs/quality/WORK-LOWER-010/scalar-challenge-logs/literal-as-unknown-red.log:7: trailing whitespace.
+[INFO] 
docs/quality/WORK-LOWER-010/scalar-challenge-logs/literal-as-unknown-red.log:10: trailing whitespace.
+[INFO] 
docs/quality/WORK-LOWER-010/scalar-challenge-logs/literal-as-unknown-red.log:14: trailing whitespace.
+[INFO] 
docs/quality/WORK-LOWER-010/scalar-challenge-logs/literal-as-unknown-red.log:17: trailing whitespace.
+[INFO] 
docs/quality/WORK-LOWER-010/scalar-challenge-logs/literal-as-unknown-red.log:21: trailing whitespace.
+[INFO] 
docs/quality/WORK-LOWER-010/scalar-challenge-logs/literal-as-unknown-red.log:23: trailing whitespace.
+[WARNING] 
docs/quality/WORK-LOWER-010/scalar-challenge-logs/literal-as-unknown-red.log:40: trailing whitespace.
+[ERROR] 
docs/quality/WORK-LOWER-010/scalar-challenge-logs/literal-as-unknown-red.log:43: trailing whitespace.
+[ERROR] 
docs/quality/WORK-LOWER-010/scalar-challenge-logs/literal-as-unknown-restored.log:2: trailing whitespace.
+[INFO] 
docs/quality/WORK-LOWER-010/scalar-challenge-logs/literal-as-unknown-restored.log:7: trailing whitespace.
+[INFO] 
docs/quality/WORK-LOWER-010/scalar-challenge-logs/literal-as-unknown-restored.log:10: trailing whitespace.
+[INFO] 
docs/quality/WORK-LOWER-010/scalar-challenge-logs/literal-as-unknown-restored.log:14: trailing whitespace.
+[INFO] 
docs/quality/WORK-LOWER-010/scalar-challenge-logs/literal-as-unknown-restored.log:17: trailing whitespace.
+[INFO] 
docs/quality/WORK-LOWER-010/scalar-challenge-logs/literal-as-unknown-restored.log:21: trailing whitespace.
+[INFO] 
docs/quality/WORK-LOWER-010/scalar-challenge-logs/lose-literal-provenance-red.log:2: trailing whitespace.
+[INFO] 
docs/quality/WORK-LOWER-010/scalar-challenge-logs/lose-literal-provenance-red.log:7: trailing whitespace.
+[INFO] 
docs/quality/WORK-LOWER-010/scalar-challenge-logs/lose-literal-provenance-red.log:10: trailing whitespace.
+[INFO] 
docs/quality/WORK-LOWER-010/scalar-challenge-logs/lose-literal-provenance-red.log:14: trailing whitespace.
+[INFO] 
docs/quality/WORK-LOWER-010/scalar-challenge-logs/lose-literal-provenance-red.log:17: trailing whitespace.
+[INFO] 
docs/quality/WORK-LOWER-010/scalar-challenge-logs/lose-literal-provenance-red.log:21: trailing whitespace.
+[INFO] 
docs/quality/WORK-LOWER-010/scalar-challenge-logs/lose-literal-provenance-red.log:23: trailing whitespace.
+[WARNING] 
docs/quality/WORK-LOWER-010/scalar-challenge-logs/lose-literal-provenance-red.log:40: trailing whitespace.
+[ERROR] 
docs/quality/WORK-LOWER-010/scalar-challenge-logs/lose-literal-provenance-red.log:43: trailing whitespace.
+[ERROR] 
docs/quality/WORK-LOWER-010/scalar-challenge-logs/lose-literal-provenance-restored.log:2: trailing whitespace.
+[INFO] 
docs/quality/WORK-LOWER-010/scalar-challenge-logs/lose-literal-provenance-restored.log:7: trailing whitespace.
+[INFO] 
docs/quality/WORK-LOWER-010/scalar-challenge-logs/lose-literal-provenance-restored.log:10: trailing whitespace.
+[INFO] 
docs/quality/WORK-LOWER-010/scalar-challenge-logs/lose-literal-provenance-restored.log:14: trailing whitespace.
+[INFO] 
docs/quality/WORK-LOWER-010/scalar-challenge-logs/lose-literal-provenance-restored.log:17: trailing whitespace.
+[INFO] 
docs/quality/WORK-LOWER-010/scalar-challenge-logs/lose-literal-provenance-restored.log:21: trailing whitespace.
+[INFO] 
docs/quality/WORK-LOWER-010/scalar-challenge-logs/lose-target-provenance-red.log:2: trailing whitespace.
+[INFO] 
docs/quality/WORK-LOWER-010/scalar-challenge-logs/lose-target-provenance-red.log:7: trailing whitespace.
+[INFO] 
docs/quality/WORK-LOWER-010/scalar-challenge-logs/lose-target-provenance-red.log:10: trailing whitespace.
+[INFO] 
docs/quality/WORK-LOWER-010/scalar-challenge-logs/lose-target-provenance-red.log:14: trailing whitespace.
+[INFO] 
docs/quality/WORK-LOWER-010/scalar-challenge-logs/lose-target-provenance-red.log:17: trailing whitespace.
+[INFO] 
docs/quality/WORK-LOWER-010/scalar-challenge-logs/lose-target-provenance-red.log:21: trailing whitespace.
+[INFO] 
docs/quality/WORK-LOWER-010/scalar-challenge-logs/lose-target-provenance-red.log:23: trailing whitespace.
+[WARNING] 
docs/quality/WORK-LOWER-010/scalar-challenge-logs/lose-target-provenance-red.log:40: trailing whitespace.
+[ERROR] 
docs/quality/WORK-LOWER-010/scalar-challenge-logs/lose-target-provenance-red.log:43: trailing whitespace.
+[ERROR] 
docs/quality/WORK-LOWER-010/scalar-challenge-logs/lose-target-provenance-restored.log:2: trailing whitespace.
+[INFO] 
docs/quality/WORK-LOWER-010/scalar-challenge-logs/lose-target-provenance-restored.log:7: trailing whitespace.
+[INFO] 
docs/quality/WORK-LOWER-010/scalar-challenge-logs/lose-target-provenance-restored.log:10: trailing whitespace.
+[INFO] 
docs/quality/WORK-LOWER-010/scalar-challenge-logs/lose-target-provenance-restored.log:14: trailing whitespace.
+[INFO] 
docs/quality/WORK-LOWER-010/scalar-challenge-logs/lose-target-provenance-restored.log:17: trailing whitespace.
+[INFO] 
docs/quality/WORK-LOWER-010/scalar-challenge-logs/lose-target-provenance-restored.log:21: trailing whitespace.
+[INFO] 
docs/quality/WORK-LOWER-010/scalar-challenge-logs/name-join-red.log:2: trailing whitespace.
+[INFO] 
docs/quality/WORK-LOWER-010/scalar-challenge-logs/name-join-red.log:7: trailing whitespace.
+[INFO] 
docs/quality/WORK-LOWER-010/scalar-challenge-logs/name-join-red.log:10: trailing whitespace.
+[INFO] 
docs/quality/WORK-LOWER-010/scalar-challenge-logs/name-join-red.log:14: trailing whitespace.
+[INFO] 
docs/quality/WORK-LOWER-010/scalar-challenge-logs/name-join-red.log:17: trailing whitespace.
+[INFO] 
docs/quality/WORK-LOWER-010/scalar-challenge-logs/name-join-red.log:21: trailing whitespace.
+[INFO] 
docs/quality/WORK-LOWER-010/scalar-challenge-logs/name-join-red.log:23: trailing whitespace.
+[WARNING] 
docs/quality/WORK-LOWER-010/scalar-challenge-logs/name-join-red.log:41: trailing whitespace.
+[ERROR] 
docs/quality/WORK-LOWER-010/scalar-challenge-logs/name-join-red.log:44: trailing whitespace.
+[ERROR] 
docs/quality/WORK-LOWER-010/scalar-challenge-logs/name-join-restored.log:2: trailing whitespace.
+[INFO] 
docs/quality/WORK-LOWER-010/scalar-challenge-logs/name-join-restored.log:7: trailing whitespace.
+[INFO] 
docs/quality/WORK-LOWER-010/scalar-challenge-logs/name-join-restored.log:10: trailing whitespace.
+[INFO] 
docs/quality/WORK-LOWER-010/scalar-challenge-logs/name-join-restored.log:14: trailing whitespace.
+[INFO] 
docs/quality/WORK-LOWER-010/scalar-challenge-logs/name-join-restored.log:17: trailing whitespace.
+[INFO] 
docs/quality/WORK-LOWER-010/scalar-challenge-logs/name-join-restored.log:21: trailing whitespace.
+[INFO] 
docs/quality/WORK-LOWER-010/scalar-challenge-logs/object-per-reference-red.log:2: trailing whitespace.
+[INFO] 
docs/quality/WORK-LOWER-010/scalar-challenge-logs/object-per-reference-red.log:7: trailing whitespace.
+[INFO] 
docs/quality/WORK-LOWER-010/scalar-challenge-logs/object-per-reference-red.log:10: trailing whitespace.
+[INFO] 
docs/quality/WORK-LOWER-010/scalar-challenge-logs/object-per-reference-red.log:14: trailing whitespace.
+[INFO] 
docs/quality/WORK-LOWER-010/scalar-challenge-logs/object-per-reference-red.log:17: trailing whitespace.
+[INFO] 
docs/quality/WORK-LOWER-010/scalar-challenge-logs/object-per-reference-red.log:21: trailing whitespace.
+[INFO] 
docs/quality/WORK-LOWER-010/scalar-challenge-logs/object-per-reference-red.log:23: trailing whitespace.
+[WARNING] 
docs/quality/WORK-LOWER-010/scalar-challenge-logs/object-per-reference-red.log:41: trailing whitespace.
+[ERROR] 
docs/quality/WORK-LOWER-010/scalar-challenge-logs/object-per-reference-red.log:44: trailing whitespace.
+[ERROR] 
docs/quality/WORK-LOWER-010/scalar-challenge-logs/object-per-reference-restored.log:2: trailing whitespace.
+[INFO] 
docs/quality/WORK-LOWER-010/scalar-challenge-logs/object-per-reference-restored.log:7: trailing whitespace.
+[INFO] 
docs/quality/WORK-LOWER-010/scalar-challenge-logs/object-per-reference-restored.log:10: trailing whitespace.
+[INFO] 
docs/quality/WORK-LOWER-010/scalar-challenge-logs/object-per-reference-restored.log:14: trailing whitespace.
+[INFO] 
docs/quality/WORK-LOWER-010/scalar-challenge-logs/object-per-reference-restored.log:17: trailing whitespace.
+[INFO] 
docs/quality/WORK-LOWER-010/scalar-challenge-logs/object-per-reference-restored.log:21: trailing whitespace.
+[INFO] 
docs/quality/WORK-LOWER-010/scalar-challenge-logs/program-point-successor-red.log:2: trailing whitespace.
+[INFO] 
docs/quality/WORK-LOWER-010/scalar-challenge-logs/program-point-successor-red.log:7: trailing whitespace.
+[INFO] 
docs/quality/WORK-LOWER-010/scalar-challenge-logs/program-point-successor-red.log:10: trailing whitespace.
+[INFO] 
docs/quality/WORK-LOWER-010/scalar-challenge-logs/program-point-successor-red.log:14: trailing whitespace.
+[INFO] 
docs/quality/WORK-LOWER-010/scalar-challenge-logs/program-point-successor-red.log:17: trailing whitespace.
+[INFO] 
docs/quality/WORK-LOWER-010/scalar-challenge-logs/program-point-successor-red.log:21: trailing whitespace.
+[INFO] 
docs/quality/WORK-LOWER-010/scalar-challenge-logs/program-point-successor-red.log:23: trailing whitespace.
+[WARNING] 
docs/quality/WORK-LOWER-010/scalar-challenge-logs/program-point-successor-red.log:41: trailing whitespace.
+[ERROR] 
docs/quality/WORK-LOWER-010/scalar-challenge-logs/program-point-successor-red.log:44: trailing whitespace.
+[ERROR] 
docs/quality/WORK-LOWER-010/scalar-challenge-logs/program-point-successor-restored.log:2: trailing whitespace.
+[INFO] 
docs/quality/WORK-LOWER-010/scalar-challenge-logs/program-point-successor-restored.log:7: trailing whitespace.
+[INFO] 
docs/quality/WORK-LOWER-010/scalar-challenge-logs/program-point-successor-restored.log:10: trailing whitespace.
+[INFO] 
docs/quality/WORK-LOWER-010/scalar-challenge-logs/program-point-successor-restored.log:14: trailing whitespace.
+[INFO] 
docs/quality/WORK-LOWER-010/scalar-challenge-logs/program-point-successor-restored.log:17: trailing whitespace.
+[INFO] 
docs/quality/WORK-LOWER-010/scalar-challenge-logs/program-point-successor-restored.log:21: trailing whitespace.
+[INFO] 
docs/quality/WORK-LOWER-010/scalar-challenge-logs/revision-missing-value-red.log:2: trailing whitespace.
+[INFO] 
docs/quality/WORK-LOWER-010/scalar-challenge-logs/revision-missing-value-red.log:7: trailing whitespace.
+[INFO] 
docs/quality/WORK-LOWER-010/scalar-challenge-logs/revision-missing-value-red.log:10: trailing whitespace.
+[INFO] 
docs/quality/WORK-LOWER-010/scalar-challenge-logs/revision-missing-value-red.log:14: trailing whitespace.
+[INFO] 
docs/quality/WORK-LOWER-010/scalar-challenge-logs/revision-missing-value-red.log:17: trailing whitespace.
+[INFO] 
docs/quality/WORK-LOWER-010/scalar-challenge-logs/revision-missing-value-red.log:21: trailing whitespace.
+[INFO] 
docs/quality/WORK-LOWER-010/scalar-challenge-logs/revision-missing-value-red.log:23: trailing whitespace.
+[WARNING] 
docs/quality/WORK-LOWER-010/scalar-challenge-logs/revision-missing-value-red.log:40: trailing whitespace.
+[ERROR] 
docs/quality/WORK-LOWER-010/scalar-challenge-logs/revision-missing-value-red.log:43: trailing whitespace.
+[ERROR] 
docs/quality/WORK-LOWER-010/scalar-challenge-logs/revision-missing-value-restored.log:2: trailing whitespace.
+[INFO] 
docs/quality/WORK-LOWER-010/scalar-challenge-logs/revision-missing-value-restored.log:7: trailing whitespace.
+[INFO] 
docs/quality/WORK-LOWER-010/scalar-challenge-logs/revision-missing-value-restored.log:10: trailing whitespace.
+[INFO] 
docs/quality/WORK-LOWER-010/scalar-challenge-logs/revision-missing-value-restored.log:14: trailing whitespace.
+[INFO] 
docs/quality/WORK-LOWER-010/scalar-challenge-logs/revision-missing-value-restored.log:17: trailing whitespace.
+[INFO] 
docs/quality/WORK-LOWER-010/scalar-challenge-logs/revision-missing-value-restored.log:21: trailing whitespace.
+[INFO] 
docs/quality/WORK-LOWER-010/scalar-challenge-logs/scalar-index-scan-red.log:2: trailing whitespace.
+[INFO] 
docs/quality/WORK-LOWER-010/scalar-challenge-logs/scalar-index-scan-red.log:7: trailing whitespace.
+[INFO] 
docs/quality/WORK-LOWER-010/scalar-challenge-logs/scalar-index-scan-red.log:10: trailing whitespace.
+[INFO] 
docs/quality/WORK-LOWER-010/scalar-challenge-logs/scalar-index-scan-red.log:14: trailing whitespace.
+[INFO] 
docs/quality/WORK-LOWER-010/scalar-challenge-logs/scalar-index-scan-red.log:17: trailing whitespace.
+[INFO] 
docs/quality/WORK-LOWER-010/scalar-challenge-logs/scalar-index-scan-red.log:21: trailing whitespace.
+[INFO] 
docs/quality/WORK-LOWER-010/scalar-challenge-logs/scalar-index-scan-red.log:23: trailing whitespace.
+[WARNING] 
docs/quality/WORK-LOWER-010/scalar-challenge-logs/scalar-index-scan-red.log:39: trailing whitespace.
+[ERROR] 
docs/quality/WORK-LOWER-010/scalar-challenge-logs/scalar-index-scan-red.log:42: trailing whitespace.
+[ERROR] 
docs/quality/WORK-LOWER-010/scalar-challenge-logs/scalar-index-scan-restored.log:2: trailing whitespace.
+[INFO] 
docs/quality/WORK-LOWER-010/scalar-challenge-logs/scalar-index-scan-restored.log:7: trailing whitespace.
+[INFO] 
docs/quality/WORK-LOWER-010/scalar-challenge-logs/scalar-index-scan-restored.log:10: trailing whitespace.
+[INFO] 
docs/quality/WORK-LOWER-010/scalar-challenge-logs/scalar-index-scan-restored.log:14: trailing whitespace.
+[INFO] 
docs/quality/WORK-LOWER-010/scalar-challenge-logs/scalar-index-scan-restored.log:17: trailing whitespace.
+[INFO] 
docs/quality/WORK-LOWER-010/scalar-challenge-logs/scalar-index-scan-restored.log:21: trailing whitespace.
+[INFO] 
docs/quality/WORK-LOWER-010/scalar-challenge-logs/two-sequences-red.log:2: trailing whitespace.
+[INFO] 
docs/quality/WORK-LOWER-010/scalar-challenge-logs/two-sequences-red.log:7: trailing whitespace.
+[INFO] 
docs/quality/WORK-LOWER-010/scalar-challenge-logs/two-sequences-red.log:10: trailing whitespace.
+[INFO] 
docs/quality/WORK-LOWER-010/scalar-challenge-logs/two-sequences-red.log:14: trailing whitespace.
+[INFO] 
docs/quality/WORK-LOWER-010/scalar-challenge-logs/two-sequences-red.log:17: trailing whitespace.
+[INFO] 
docs/quality/WORK-LOWER-010/scalar-challenge-logs/two-sequences-red.log:21: trailing whitespace.
+[INFO] 
docs/quality/WORK-LOWER-010/scalar-challenge-logs/two-sequences-red.log:23: trailing whitespace.
+[WARNING] 
docs/quality/WORK-LOWER-010/scalar-challenge-logs/two-sequences-red.log:40: trailing whitespace.
+[ERROR] 
docs/quality/WORK-LOWER-010/scalar-challenge-logs/two-sequences-red.log:43: trailing whitespace.
+[ERROR] 
docs/quality/WORK-LOWER-010/scalar-challenge-logs/two-sequences-restored.log:2: trailing whitespace.
+[INFO] 
docs/quality/WORK-LOWER-010/scalar-challenge-logs/two-sequences-restored.log:7: trailing whitespace.
+[INFO] 
docs/quality/WORK-LOWER-010/scalar-challenge-logs/two-sequences-restored.log:10: trailing whitespace.
+[INFO] 
docs/quality/WORK-LOWER-010/scalar-challenge-logs/two-sequences-restored.log:14: trailing whitespace.
+[INFO] 
docs/quality/WORK-LOWER-010/scalar-challenge-logs/two-sequences-restored.log:17: trailing whitespace.
+[INFO] 
docs/quality/WORK-LOWER-010/scalar-challenge-logs/two-sequences-restored.log:21: trailing whitespace.
+[INFO] 
docs/quality/WORK-LOWER-010/scalar-challenge-logs/write-as-read-red.log:2: trailing whitespace.
+[INFO] 
docs/quality/WORK-LOWER-010/scalar-challenge-logs/write-as-read-red.log:7: trailing whitespace.
+[INFO] 
docs/quality/WORK-LOWER-010/scalar-challenge-logs/write-as-read-red.log:10: trailing whitespace.
+[INFO] 
docs/quality/WORK-LOWER-010/scalar-challenge-logs/write-as-read-red.log:14: trailing whitespace.
+[INFO] 
docs/quality/WORK-LOWER-010/scalar-challenge-logs/write-as-read-red.log:17: trailing whitespace.
+[INFO] 
docs/quality/WORK-LOWER-010/scalar-challenge-logs/write-as-read-red.log:21: trailing whitespace.
+[INFO] 
docs/quality/WORK-LOWER-010/scalar-challenge-logs/write-as-read-red.log:23: trailing whitespace.
+[WARNING] 
docs/quality/WORK-LOWER-010/scalar-challenge-logs/write-as-read-red.log:40: trailing whitespace.
+[ERROR] 
docs/quality/WORK-LOWER-010/scalar-challenge-logs/write-as-read-red.log:43: trailing whitespace.
+[ERROR] 
docs/quality/WORK-LOWER-010/scalar-challenge-logs/write-as-read-restored.log:2: trailing whitespace.
+[INFO] 
docs/quality/WORK-LOWER-010/scalar-challenge-logs/write-as-read-restored.log:7: trailing whitespace.
+[INFO] 
docs/quality/WORK-LOWER-010/scalar-challenge-logs/write-as-read-restored.log:10: trailing whitespace.
+[INFO] 
docs/quality/WORK-LOWER-010/scalar-challenge-logs/write-as-read-restored.log:14: trailing whitespace.
+[INFO] 
docs/quality/WORK-LOWER-010/scalar-challenge-logs/write-as-read-restored.log:17: trailing whitespace.
+[INFO] 
docs/quality/WORK-LOWER-010/scalar-challenge-logs/write-as-read-restored.log:21: trailing whitespace.
+[INFO] 
